week_id,district_id,district_name,year,month,cases
2022-W01,BC,Bình Chánh,2022,1,133
2022-W01,BT,Bình Tân,2022,1,120
2022-W01,BTH,Bình Thạnh,2022,1,52
2022-W01,CC,Củ Chi,2022,1,79
2022-W01,CG,Cần Giờ,2022,1,13
2022-W01,GV,Gò Vấp,2022,1,74
2022-W01,HM,Hóc Môn,2022,1,74
2022-W01,NB,Nhà Bè,2022,1,31
2022-W01,PN,Phú Nhuận,2022,1,14
2022-W01,Q1,Quận 1,2022,1,15
2022-W01,Q10,Quận 10,2022,1,18
2022-W01,Q11,Quận 11,2022,1,17
2022-W01,Q12,Quận 12,2022,1,82
2022-W01,Q3,Quận 3,2022,1,14
2022-W01,Q4,Quận 4,2022,1,17
2022-W01,Q5,Quận 5,2022,1,18
2022-W01,Q6,Quận 6,2022,1,19
2022-W01,Q7,Quận 7,2022,1,36
2022-W01,Q8,Quận 8,2022,1,42
2022-W01,TB,Tân Bình,2022,1,60
2022-W01,TD,Thủ Đức,2022,1,152
2022-W01,TP,Tân Phú,2022,1,60
2022-W02,BC,Bình Chánh,2022,1,109
2022-W02,BT,Bình Tân,2022,1,109
2022-W02,BTH,Bình Thạnh,2022,1,69
2022-W02,CC,Củ Chi,2022,1,59
2022-W02,CG,Cần Giờ,2022,1,9
2022-W02,GV,Gò Vấp,2022,1,92
2022-W02,HM,Hóc Môn,2022,1,85
2022-W02,NB,Nhà Bè,2022,1,37
2022-W02,PN,Phú Nhuận,2022,1,11
2022-W02,Q1,Quận 1,2022,1,23
2022-W02,Q10,Quận 10,2022,1,16
2022-W02,Q11,Quận 11,2022,1,19
2022-W02,Q12,Quận 12,2022,1,86
2022-W02,Q3,Quận 3,2022,1,18
2022-W02,Q4,Quận 4,2022,1,14
2022-W02,Q5,Quận 5,2022,1,19
2022-W02,Q6,Quận 6,2022,1,30
2022-W02,Q7,Quận 7,2022,1,41
2022-W02,Q8,Quận 8,2022,1,42
2022-W02,TB,Tân Bình,2022,1,72
2022-W02,TD,Thủ Đức,2022,1,162
2022-W02,TP,Tân Phú,2022,1,56
2022-W03,BC,Bình Chánh,2022,1,130
2022-W03,BT,Bình Tân,2022,1,133
2022-W03,BTH,Bình Thạnh,2022,1,64
2022-W03,CC,Củ Chi,2022,1,82
2022-W03,CG,Cần Giờ,2022,1,15
2022-W03,GV,Gò Vấp,2022,1,79
2022-W03,HM,Hóc Môn,2022,1,72
2022-W03,NB,Nhà Bè,2022,1,30
2022-W03,PN,Phú Nhuận,2022,1,8
2022-W03,Q1,Quận 1,2022,1,26
2022-W03,Q10,Quận 10,2022,1,19
2022-W03,Q11,Quận 11,2022,1,20
2022-W03,Q12,Quận 12,2022,1,103
2022-W03,Q3,Quận 3,2022,1,13
2022-W03,Q4,Quận 4,2022,1,17
2022-W03,Q5,Quận 5,2022,1,17
2022-W03,Q6,Quận 6,2022,1,15
2022-W03,Q7,Quận 7,2022,1,51
2022-W03,Q8,Quận 8,2022,1,38
2022-W03,TB,Tân Bình,2022,1,63
2022-W03,TD,Thủ Đức,2022,1,169
2022-W03,TP,Tân Phú,2022,1,52
2022-W04,BC,Bình Chánh,2022,1,143
2022-W04,BT,Bình Tân,2022,1,96
2022-W04,BTH,Bình Thạnh,2022,1,57
2022-W04,CC,Củ Chi,2022,1,70
2022-W04,CG,Cần Giờ,2022,1,13
2022-W04,GV,Gò Vấp,2022,1,88
2022-W04,HM,Hóc Môn,2022,1,85
2022-W04,NB,Nhà Bè,2022,1,43
2022-W04,PN,Phú Nhuận,2022,1,11
2022-W04,Q1,Quận 1,2022,1,14
2022-W04,Q10,Quận 10,2022,1,23
2022-W04,Q11,Quận 11,2022,1,22
2022-W04,Q12,Quận 12,2022,1,66
2022-W04,Q3,Quận 3,2022,1,19
2022-W04,Q4,Quận 4,2022,1,18
2022-W04,Q5,Quận 5,2022,1,18
2022-W04,Q6,Quận 6,2022,1,28
2022-W04,Q7,Quận 7,2022,1,31
2022-W04,Q8,Quận 8,2022,1,47
2022-W04,TB,Tân Bình,2022,1,63
2022-W04,TD,Thủ Đức,2022,1,167
2022-W04,TP,Tân Phú,2022,1,63
2022-W05,BC,Bình Chánh,2022,1,143
2022-W05,BT,Bình Tân,2022,1,118
2022-W05,BTH,Bình Thạnh,2022,1,49
2022-W05,CC,Củ Chi,2022,1,82
2022-W05,CG,Cần Giờ,2022,1,9
2022-W05,GV,Gò Vấp,2022,1,93
2022-W05,HM,Hóc Môn,2022,1,82
2022-W05,NB,Nhà Bè,2022,1,26
2022-W05,PN,Phú Nhuận,2022,1,11
2022-W05,Q1,Quận 1,2022,1,19
2022-W05,Q10,Quận 10,2022,1,26
2022-W05,Q11,Quận 11,2022,1,21
2022-W05,Q12,Quận 12,2022,1,74
2022-W05,Q3,Quận 3,2022,1,17
2022-W05,Q4,Quận 4,2022,1,15
2022-W05,Q5,Quận 5,2022,1,24
2022-W05,Q6,Quận 6,2022,1,27
2022-W05,Q7,Quận 7,2022,1,33
2022-W05,Q8,Quận 8,2022,1,56
2022-W05,TB,Tân Bình,2022,1,64
2022-W05,TD,Thủ Đức,2022,1,188
2022-W05,TP,Tân Phú,2022,1,55
2022-W06,BC,Bình Chánh,2022,2,139
2022-W06,BT,Bình Tân,2022,2,124
2022-W06,BTH,Bình Thạnh,2022,2,66
2022-W06,CC,Củ Chi,2022,2,67
2022-W06,CG,Cần Giờ,2022,2,17
2022-W06,GV,Gò Vấp,2022,2,87
2022-W06,HM,Hóc Môn,2022,2,79
2022-W06,NB,Nhà Bè,2022,2,28
2022-W06,PN,Phú Nhuận,2022,2,17
2022-W06,Q1,Quận 1,2022,2,12
2022-W06,Q10,Quận 10,2022,2,23
2022-W06,Q11,Quận 11,2022,2,24
2022-W06,Q12,Quận 12,2022,2,61
2022-W06,Q3,Quận 3,2022,2,14
2022-W06,Q4,Quận 4,2022,2,21
2022-W06,Q5,Quận 5,2022,2,20
2022-W06,Q6,Quận 6,2022,2,25
2022-W06,Q7,Quận 7,2022,2,48
2022-W06,Q8,Quận 8,2022,2,45
2022-W06,TB,Tân Bình,2022,2,51
2022-W06,TD,Thủ Đức,2022,2,181
2022-W06,TP,Tân Phú,2022,2,59
2022-W07,BC,Bình Chánh,2022,2,167
2022-W07,BT,Bình Tân,2022,2,116
2022-W07,BTH,Bình Thạnh,2022,2,60
2022-W07,CC,Củ Chi,2022,2,51
2022-W07,CG,Cần Giờ,2022,2,10
2022-W07,GV,Gò Vấp,2022,2,96
2022-W07,HM,Hóc Môn,2022,2,80
2022-W07,NB,Nhà Bè,2022,2,32
2022-W07,PN,Phú Nhuận,2022,2,9
2022-W07,Q1,Quận 1,2022,2,16
2022-W07,Q10,Quận 10,2022,2,21
2022-W07,Q11,Quận 11,2022,2,20
2022-W07,Q12,Quận 12,2022,2,81
2022-W07,Q3,Quận 3,2022,2,15
2022-W07,Q4,Quận 4,2022,2,12
2022-W07,Q5,Quận 5,2022,2,24
2022-W07,Q6,Quận 6,2022,2,25
2022-W07,Q7,Quận 7,2022,2,40
2022-W07,Q8,Quận 8,2022,2,61
2022-W07,TB,Tân Bình,2022,2,52
2022-W07,TD,Thủ Đức,2022,2,155
2022-W07,TP,Tân Phú,2022,2,47
2022-W08,BC,Bình Chánh,2022,2,118
2022-W08,BT,Bình Tân,2022,2,127
2022-W08,BTH,Bình Thạnh,2022,2,70
2022-W08,CC,Củ Chi,2022,2,74
2022-W08,CG,Cần Giờ,2022,2,7
2022-W08,GV,Gò Vấp,2022,2,92
2022-W08,HM,Hóc Môn,2022,2,75
2022-W08,NB,Nhà Bè,2022,2,37
2022-W08,PN,Phú Nhuận,2022,2,12
2022-W08,Q1,Quận 1,2022,2,16
2022-W08,Q10,Quận 10,2022,2,25
2022-W08,Q11,Quận 11,2022,2,26
2022-W08,Q12,Quận 12,2022,2,68
2022-W08,Q3,Quận 3,2022,2,13
2022-W08,Q4,Quận 4,2022,2,18
2022-W08,Q5,Quận 5,2022,2,15
2022-W08,Q6,Quận 6,2022,2,35
2022-W08,Q7,Quận 7,2022,2,38
2022-W08,Q8,Quận 8,2022,2,63
2022-W08,TB,Tân Bình,2022,2,63
2022-W08,TD,Thủ Đức,2022,2,184
2022-W08,TP,Tân Phú,2022,2,54
2022-W09,BC,Bình Chánh,2022,2,152
2022-W09,BT,Bình Tân,2022,2,98
2022-W09,BTH,Bình Thạnh,2022,2,46
2022-W09,CC,Củ Chi,2022,2,67
2022-W09,CG,Cần Giờ,2022,2,11
2022-W09,GV,Gò Vấp,2022,2,75
2022-W09,HM,Hóc Môn,2022,2,85
2022-W09,NB,Nhà Bè,2022,2,23
2022-W09,PN,Phú Nhuận,2022,2,7
2022-W09,Q1,Quận 1,2022,2,20
2022-W09,Q10,Quận 10,2022,2,18
2022-W09,Q11,Quận 11,2022,2,20
2022-W09,Q12,Quận 12,2022,2,89
2022-W09,Q3,Quận 3,2022,2,12
2022-W09,Q4,Quận 4,2022,2,14
2022-W09,Q5,Quận 5,2022,2,8
2022-W09,Q6,Quận 6,2022,2,19
2022-W09,Q7,Quận 7,2022,2,46
2022-W09,Q8,Quận 8,2022,2,66
2022-W09,TB,Tân Bình,2022,2,56
2022-W09,TD,Thủ Đức,2022,2,183
2022-W09,TP,Tân Phú,2022,2,45
2022-W10,BC,Bình Chánh,2022,3,141
2022-W10,BT,Bình Tân,2022,3,119
2022-W10,BTH,Bình Thạnh,2022,3,44
2022-W10,CC,Củ Chi,2022,3,66
2022-W10,CG,Cần Giờ,2022,3,11
2022-W10,GV,Gò Vấp,2022,3,86
2022-W10,HM,Hóc Môn,2022,3,84
2022-W10,NB,Nhà Bè,2022,3,36
2022-W10,PN,Phú Nhuận,2022,3,11
2022-W10,Q1,Quận 1,2022,3,20
2022-W10,Q10,Quận 10,2022,3,29
2022-W10,Q11,Quận 11,2022,3,24
2022-W10,Q12,Quận 12,2022,3,99
2022-W10,Q3,Quận 3,2022,3,5
2022-W10,Q4,Quận 4,2022,3,19
2022-W10,Q5,Quận 5,2022,3,18
2022-W10,Q6,Quận 6,2022,3,33
2022-W10,Q7,Quận 7,2022,3,40
2022-W10,Q8,Quận 8,2022,3,56
2022-W10,TB,Tân Bình,2022,3,60
2022-W10,TD,Thủ Đức,2022,3,168
2022-W10,TP,Tân Phú,2022,3,78
2022-W11,BC,Bình Chánh,2022,3,148
2022-W11,BT,Bình Tân,2022,3,102
2022-W11,BTH,Bình Thạnh,2022,3,64
2022-W11,CC,Củ Chi,2022,3,74
2022-W11,CG,Cần Giờ,2022,3,12
2022-W11,GV,Gò Vấp,2022,3,100
2022-W11,HM,Hóc Môn,2022,3,71
2022-W11,NB,Nhà Bè,2022,3,38
2022-W11,PN,Phú Nhuận,2022,3,16
2022-W11,Q1,Quận 1,2022,3,13
2022-W11,Q10,Quận 10,2022,3,18
2022-W11,Q11,Quận 11,2022,3,21
2022-W11,Q12,Quận 12,2022,3,97
2022-W11,Q3,Quận 3,2022,3,14
2022-W11,Q4,Quận 4,2022,3,20
2022-W11,Q5,Quận 5,2022,3,12
2022-W11,Q6,Quận 6,2022,3,27
2022-W11,Q7,Quận 7,2022,3,42
2022-W11,Q8,Quận 8,2022,3,51
2022-W11,TB,Tân Bình,2022,3,48
2022-W11,TD,Thủ Đức,2022,3,164
2022-W11,TP,Tân Phú,2022,3,50
2022-W12,BC,Bình Chánh,2022,3,133
2022-W12,BT,Bình Tân,2022,3,136
2022-W12,BTH,Bình Thạnh,2022,3,68
2022-W12,CC,Củ Chi,2022,3,64
2022-W12,CG,Cần Giờ,2022,3,9
2022-W12,GV,Gò Vấp,2022,3,79
2022-W12,HM,Hóc Môn,2022,3,71
2022-W12,NB,Nhà Bè,2022,3,28
2022-W12,PN,Phú Nhuận,2022,3,14
2022-W12,Q1,Quận 1,2022,3,20
2022-W12,Q10,Quận 10,2022,3,11
2022-W12,Q11,Quận 11,2022,3,18
2022-W12,Q12,Quận 12,2022,3,81
2022-W12,Q3,Quận 3,2022,3,15
2022-W12,Q4,Quận 4,2022,3,21
2022-W12,Q5,Quận 5,2022,3,17
2022-W12,Q6,Quận 6,2022,3,20
2022-W12,Q7,Quận 7,2022,3,43
2022-W12,Q8,Quận 8,2022,3,44
2022-W12,TB,Tân Bình,2022,3,55
2022-W12,TD,Thủ Đức,2022,3,196
2022-W12,TP,Tân Phú,2022,3,63
2022-W13,BC,Bình Chánh,2022,3,127
2022-W13,BT,Bình Tân,2022,3,124
2022-W13,BTH,Bình Thạnh,2022,3,63
2022-W13,CC,Củ Chi,2022,3,78
2022-W13,CG,Cần Giờ,2022,3,10
2022-W13,GV,Gò Vấp,2022,3,93
2022-W13,HM,Hóc Môn,2022,3,71
2022-W13,NB,Nhà Bè,2022,3,29
2022-W13,PN,Phú Nhuận,2022,3,10
2022-W13,Q1,Quận 1,2022,3,11
2022-W13,Q10,Quận 10,2022,3,14
2022-W13,Q11,Quận 11,2022,3,28
2022-W13,Q12,Quận 12,2022,3,75
2022-W13,Q3,Quận 3,2022,3,21
2022-W13,Q4,Quận 4,2022,3,23
2022-W13,Q5,Quận 5,2022,3,21
2022-W13,Q6,Quận 6,2022,3,25
2022-W13,Q7,Quận 7,2022,3,44
2022-W13,Q8,Quận 8,2022,3,40
2022-W13,TB,Tân Bình,2022,3,58
2022-W13,TD,Thủ Đức,2022,3,187
2022-W13,TP,Tân Phú,2022,3,53
2022-W14,BC,Bình Chánh,2022,4,144
2022-W14,BT,Bình Tân,2022,4,117
2022-W14,BTH,Bình Thạnh,2022,4,60
2022-W14,CC,Củ Chi,2022,4,75
2022-W14,CG,Cần Giờ,2022,4,16
2022-W14,GV,Gò Vấp,2022,4,87
2022-W14,HM,Hóc Môn,2022,4,74
2022-W14,NB,Nhà Bè,2022,4,46
2022-W14,PN,Phú Nhuận,2022,4,15
2022-W14,Q1,Quận 1,2022,4,15
2022-W14,Q10,Quận 10,2022,4,23
2022-W14,Q11,Quận 11,2022,4,22
2022-W14,Q12,Quận 12,2022,4,84
2022-W14,Q3,Quận 3,2022,4,13
2022-W14,Q4,Quận 4,2022,4,21
2022-W14,Q5,Quận 5,2022,4,21
2022-W14,Q6,Quận 6,2022,4,24
2022-W14,Q7,Quận 7,2022,4,42
2022-W14,Q8,Quận 8,2022,4,62
2022-W14,TB,Tân Bình,2022,4,68
2022-W14,TD,Thủ Đức,2022,4,194
2022-W14,TP,Tân Phú,2022,4,53
2022-W15,BC,Bình Chánh,2022,4,171
2022-W15,BT,Bình Tân,2022,4,112
2022-W15,BTH,Bình Thạnh,2022,4,61
2022-W15,CC,Củ Chi,2022,4,65
2022-W15,CG,Cần Giờ,2022,4,11
2022-W15,GV,Gò Vấp,2022,4,102
2022-W15,HM,Hóc Môn,2022,4,80
2022-W15,NB,Nhà Bè,2022,4,39
2022-W15,PN,Phú Nhuận,2022,4,17
2022-W15,Q1,Quận 1,2022,4,16
2022-W15,Q10,Quận 10,2022,4,22
2022-W15,Q11,Quận 11,2022,4,24
2022-W15,Q12,Quận 12,2022,4,77
2022-W15,Q3,Quận 3,2022,4,14
2022-W15,Q4,Quận 4,2022,4,31
2022-W15,Q5,Quận 5,2022,4,20
2022-W15,Q6,Quận 6,2022,4,30
2022-W15,Q7,Quận 7,2022,4,43
2022-W15,Q8,Quận 8,2022,4,50
2022-W15,TB,Tân Bình,2022,4,77
2022-W15,TD,Thủ Đức,2022,4,163
2022-W15,TP,Tân Phú,2022,4,66
2022-W16,BC,Bình Chánh,2022,4,168
2022-W16,BT,Bình Tân,2022,4,123
2022-W16,BTH,Bình Thạnh,2022,4,70
2022-W16,CC,Củ Chi,2022,4,85
2022-W16,CG,Cần Giờ,2022,4,11
2022-W16,GV,Gò Vấp,2022,4,87
2022-W16,HM,Hóc Môn,2022,4,79
2022-W16,NB,Nhà Bè,2022,4,36
2022-W16,PN,Phú Nhuận,2022,4,21
2022-W16,Q1,Quận 1,2022,4,21
2022-W16,Q10,Quận 10,2022,4,16
2022-W16,Q11,Quận 11,2022,4,25
2022-W16,Q12,Quận 12,2022,4,72
2022-W16,Q3,Quận 3,2022,4,11
2022-W16,Q4,Quận 4,2022,4,24
2022-W16,Q5,Quận 5,2022,4,22
2022-W16,Q6,Quận 6,2022,4,30
2022-W16,Q7,Quận 7,2022,4,44
2022-W16,Q8,Quận 8,2022,4,44
2022-W16,TB,Tân Bình,2022,4,64
2022-W16,TD,Thủ Đức,2022,4,206
2022-W16,TP,Tân Phú,2022,4,69
2022-W17,BC,Bình Chánh,2022,4,149
2022-W17,BT,Bình Tân,2022,4,142
2022-W17,BTH,Bình Thạnh,2022,4,75
2022-W17,CC,Củ Chi,2022,4,87
2022-W17,CG,Cần Giờ,2022,4,8
2022-W17,GV,Gò Vấp,2022,4,108
2022-W17,HM,Hóc Môn,2022,4,97
2022-W17,NB,Nhà Bè,2022,4,33
2022-W17,PN,Phú Nhuận,2022,4,11
2022-W17,Q1,Quận 1,2022,4,15
2022-W17,Q10,Quận 10,2022,4,21
2022-W17,Q11,Quận 11,2022,4,31
2022-W17,Q12,Quận 12,2022,4,85
2022-W17,Q3,Quận 3,2022,4,16
2022-W17,Q4,Quận 4,2022,4,25
2022-W17,Q5,Quận 5,2022,4,19
2022-W17,Q6,Quận 6,2022,4,27
2022-W17,Q7,Quận 7,2022,4,53
2022-W17,Q8,Quận 8,2022,4,63
2022-W17,TB,Tân Bình,2022,4,81
2022-W17,TD,Thủ Đức,2022,4,192
2022-W17,TP,Tân Phú,2022,4,66
2022-W18,BC,Bình Chánh,2022,4,169
2022-W18,BT,Bình Tân,2022,4,120
2022-W18,BTH,Bình Thạnh,2022,4,63
2022-W18,CC,Củ Chi,2022,4,77
2022-W18,CG,Cần Giờ,2022,4,9
2022-W18,GV,Gò Vấp,2022,4,105
2022-W18,HM,Hóc Môn,2022,4,86
2022-W18,NB,Nhà Bè,2022,4,46
2022-W18,PN,Phú Nhuận,2022,4,17
2022-W18,Q1,Quận 1,2022,4,20
2022-W18,Q10,Quận 10,2022,4,23
2022-W18,Q11,Quận 11,2022,4,20
2022-W18,Q12,Quận 12,2022,4,79
2022-W18,Q3,Quận 3,2022,4,12
2022-W18,Q4,Quận 4,2022,4,21
2022-W18,Q5,Quận 5,2022,4,22
2022-W18,Q6,Quận 6,2022,4,32
2022-W18,Q7,Quận 7,2022,4,53
2022-W18,Q8,Quận 8,2022,4,57
2022-W18,TB,Tân Bình,2022,4,71
2022-W18,TD,Thủ Đức,2022,4,187
2022-W18,TP,Tân Phú,2022,4,65
2022-W19,BC,Bình Chánh,2022,5,178
2022-W19,BT,Bình Tân,2022,5,146
2022-W19,BTH,Bình Thạnh,2022,5,68
2022-W19,CC,Củ Chi,2022,5,79
2022-W19,CG,Cần Giờ,2022,5,18
2022-W19,GV,Gò Vấp,2022,5,99
2022-W19,HM,Hóc Môn,2022,5,115
2022-W19,NB,Nhà Bè,2022,5,53
2022-W19,PN,Phú Nhuận,2022,5,12
2022-W19,Q1,Quận 1,2022,5,26
2022-W19,Q10,Quận 10,2022,5,19
2022-W19,Q11,Quận 11,2022,5,37
2022-W19,Q12,Quận 12,2022,5,88
2022-W19,Q3,Quận 3,2022,5,23
2022-W19,Q4,Quận 4,2022,5,28
2022-W19,Q5,Quận 5,2022,5,29
2022-W19,Q6,Quận 6,2022,5,29
2022-W19,Q7,Quận 7,2022,5,44
2022-W19,Q8,Quận 8,2022,5,44
2022-W19,TB,Tân Bình,2022,5,69
2022-W19,TD,Thủ Đức,2022,5,216
2022-W19,TP,Tân Phú,2022,5,55
2022-W20,BC,Bình Chánh,2022,5,168
2022-W20,BT,Bình Tân,2022,5,160
2022-W20,BTH,Bình Thạnh,2022,5,70
2022-W20,CC,Củ Chi,2022,5,101
2022-W20,CG,Cần Giờ,2022,5,20
2022-W20,GV,Gò Vấp,2022,5,127
2022-W20,HM,Hóc Môn,2022,5,110
2022-W20,NB,Nhà Bè,2022,5,40
2022-W20,PN,Phú Nhuận,2022,5,20
2022-W20,Q1,Quận 1,2022,5,21
2022-W20,Q10,Quận 10,2022,5,20
2022-W20,Q11,Quận 11,2022,5,25
2022-W20,Q12,Quận 12,2022,5,95
2022-W20,Q3,Quận 3,2022,5,7
2022-W20,Q4,Quận 4,2022,5,24
2022-W20,Q5,Quận 5,2022,5,24
2022-W20,Q6,Quận 6,2022,5,32
2022-W20,Q7,Quận 7,2022,5,67
2022-W20,Q8,Quận 8,2022,5,61
2022-W20,TB,Tân Bình,2022,5,93
2022-W20,TD,Thủ Đức,2022,5,208
2022-W20,TP,Tân Phú,2022,5,76
2022-W21,BC,Bình Chánh,2022,5,169
2022-W21,BT,Bình Tân,2022,5,159
2022-W21,BTH,Bình Thạnh,2022,5,77
2022-W21,CC,Củ Chi,2022,5,101
2022-W21,CG,Cần Giờ,2022,5,18
2022-W21,GV,Gò Vấp,2022,5,101
2022-W21,HM,Hóc Môn,2022,5,107
2022-W21,NB,Nhà Bè,2022,5,37
2022-W21,PN,Phú Nhuận,2022,5,22
2022-W21,Q1,Quận 1,2022,5,25
2022-W21,Q10,Quận 10,2022,5,16
2022-W21,Q11,Quận 11,2022,5,26
2022-W21,Q12,Quận 12,2022,5,112
2022-W21,Q3,Quận 3,2022,5,10
2022-W21,Q4,Quận 4,2022,5,29
2022-W21,Q5,Quận 5,2022,5,26
2022-W21,Q6,Quận 6,2022,5,34
2022-W21,Q7,Quận 7,2022,5,61
2022-W21,Q8,Quận 8,2022,5,65
2022-W21,TB,Tân Bình,2022,5,72
2022-W21,TD,Thủ Đức,2022,5,246
2022-W21,TP,Tân Phú,2022,5,84
2022-W22,BC,Bình Chánh,2022,5,196
2022-W22,BT,Bình Tân,2022,5,161
2022-W22,BTH,Bình Thạnh,2022,5,86
2022-W22,CC,Củ Chi,2022,5,105
2022-W22,CG,Cần Giờ,2022,5,21
2022-W22,GV,Gò Vấp,2022,5,109
2022-W22,HM,Hóc Môn,2022,5,96
2022-W22,NB,Nhà Bè,2022,5,51
2022-W22,PN,Phú Nhuận,2022,5,19
2022-W22,Q1,Quận 1,2022,5,26
2022-W22,Q10,Quận 10,2022,5,30
2022-W22,Q11,Quận 11,2022,5,34
2022-W22,Q12,Quận 12,2022,5,136
2022-W22,Q3,Quận 3,2022,5,20
2022-W22,Q4,Quận 4,2022,5,24
2022-W22,Q5,Quận 5,2022,5,13
2022-W22,Q6,Quận 6,2022,5,33
2022-W22,Q7,Quận 7,2022,5,61
2022-W22,Q8,Quận 8,2022,5,69
2022-W22,TB,Tân Bình,2022,5,80
2022-W22,TD,Thủ Đức,2022,5,233
2022-W22,TP,Tân Phú,2022,5,84
2022-W23,BC,Bình Chánh,2022,6,178
2022-W23,BT,Bình Tân,2022,6,166
2022-W23,BTH,Bình Thạnh,2022,6,70
2022-W23,CC,Củ Chi,2022,6,120
2022-W23,CG,Cần Giờ,2022,6,18
2022-W23,GV,Gò Vấp,2022,6,116
2022-W23,HM,Hóc Môn,2022,6,110
2022-W23,NB,Nhà Bè,2022,6,43
2022-W23,PN,Phú Nhuận,2022,6,25
2022-W23,Q1,Quận 1,2022,6,20
2022-W23,Q10,Quận 10,2022,6,29
2022-W23,Q11,Quận 11,2022,6,38
2022-W23,Q12,Quận 12,2022,6,144
2022-W23,Q3,Quận 3,2022,6,22
2022-W23,Q4,Quận 4,2022,6,21
2022-W23,Q5,Quận 5,2022,6,31
2022-W23,Q6,Quận 6,2022,6,42
2022-W23,Q7,Quận 7,2022,6,46
2022-W23,Q8,Quận 8,2022,6,70
2022-W23,TB,Tân Bình,2022,6,75
2022-W23,TD,Thủ Đức,2022,6,234
2022-W23,TP,Tân Phú,2022,6,64
2022-W24,BC,Bình Chánh,2022,6,193
2022-W24,BT,Bình Tân,2022,6,161
2022-W24,BTH,Bình Thạnh,2022,6,91
2022-W24,CC,Củ Chi,2022,6,110
2022-W24,CG,Cần Giờ,2022,6,19
2022-W24,GV,Gò Vấp,2022,6,122
2022-W24,HM,Hóc Môn,2022,6,103
2022-W24,NB,Nhà Bè,2022,6,49
2022-W24,PN,Phú Nhuận,2022,6,20
2022-W24,Q1,Quận 1,2022,6,23
2022-W24,Q10,Quận 10,2022,6,19
2022-W24,Q11,Quận 11,2022,6,16
2022-W24,Q12,Quận 12,2022,6,113
2022-W24,Q3,Quận 3,2022,6,20
2022-W24,Q4,Quận 4,2022,6,35
2022-W24,Q5,Quận 5,2022,6,18
2022-W24,Q6,Quận 6,2022,6,40
2022-W24,Q7,Quận 7,2022,6,42
2022-W24,Q8,Quận 8,2022,6,73
2022-W24,TB,Tân Bình,2022,6,93
2022-W24,TD,Thủ Đức,2022,6,226
2022-W24,TP,Tân Phú,2022,6,80
2022-W25,BC,Bình Chánh,2022,6,210
2022-W25,BT,Bình Tân,2022,6,169
2022-W25,BTH,Bình Thạnh,2022,6,92
2022-W25,CC,Củ Chi,2022,6,97
2022-W25,CG,Cần Giờ,2022,6,10
2022-W25,GV,Gò Vấp,2022,6,142
2022-W25,HM,Hóc Môn,2022,6,109
2022-W25,NB,Nhà Bè,2022,6,51
2022-W25,PN,Phú Nhuận,2022,6,20
2022-W25,Q1,Quận 1,2022,6,21
2022-W25,Q10,Quận 10,2022,6,19
2022-W25,Q11,Quận 11,2022,6,28
2022-W25,Q12,Quận 12,2022,6,134
2022-W25,Q3,Quận 3,2022,6,23
2022-W25,Q4,Quận 4,2022,6,28
2022-W25,Q5,Quận 5,2022,6,30
2022-W25,Q6,Quận 6,2022,6,38
2022-W25,Q7,Quận 7,2022,6,61
2022-W25,Q8,Quận 8,2022,6,83
2022-W25,TB,Tân Bình,2022,6,83
2022-W25,TD,Thủ Đức,2022,6,268
2022-W25,TP,Tân Phú,2022,6,103
2022-W26,BC,Bình Chánh,2022,6,225
2022-W26,BT,Bình Tân,2022,6,162
2022-W26,BTH,Bình Thạnh,2022,6,126
2022-W26,CC,Củ Chi,2022,6,100
2022-W26,CG,Cần Giờ,2022,6,23
2022-W26,GV,Gò Vấp,2022,6,129
2022-W26,HM,Hóc Môn,2022,6,120
2022-W26,NB,Nhà Bè,2022,6,42
2022-W26,PN,Phú Nhuận,2022,6,34
2022-W26,Q1,Quận 1,2022,6,30
2022-W26,Q10,Quận 10,2022,6,34
2022-W26,Q11,Quận 11,2022,6,29
2022-W26,Q12,Quận 12,2022,6,112
2022-W26,Q3,Quận 3,2022,6,18
2022-W26,Q4,Quận 4,2022,6,30
2022-W26,Q5,Quận 5,2022,6,27
2022-W26,Q6,Quận 6,2022,6,33
2022-W26,Q7,Quận 7,2022,6,67
2022-W26,Q8,Quận 8,2022,6,82
2022-W26,TB,Tân Bình,2022,6,95
2022-W26,TD,Thủ Đức,2022,6,260
2022-W26,TP,Tân Phú,2022,6,81
2022-W27,BC,Bình Chánh,2022,7,223
2022-W27,BT,Bình Tân,2022,7,147
2022-W27,BTH,Bình Thạnh,2022,7,97
2022-W27,CC,Củ Chi,2022,7,85
2022-W27,CG,Cần Giờ,2022,7,16
2022-W27,GV,Gò Vấp,2022,7,140
2022-W27,HM,Hóc Môn,2022,7,127
2022-W27,NB,Nhà Bè,2022,7,51
2022-W27,PN,Phú Nhuận,2022,7,15
2022-W27,Q1,Quận 1,2022,7,25
2022-W27,Q10,Quận 10,2022,7,25
2022-W27,Q11,Quận 11,2022,7,53
2022-W27,Q12,Quận 12,2022,7,134
2022-W27,Q3,Quận 3,2022,7,27
2022-W27,Q4,Quận 4,2022,7,36
2022-W27,Q5,Quận 5,2022,7,36
2022-W27,Q6,Quận 6,2022,7,42
2022-W27,Q7,Quận 7,2022,7,76
2022-W27,Q8,Quận 8,2022,7,80
2022-W27,TB,Tân Bình,2022,7,87
2022-W27,TD,Thủ Đức,2022,7,255
2022-W27,TP,Tân Phú,2022,7,90
2022-W28,BC,Bình Chánh,2022,7,248
2022-W28,BT,Bình Tân,2022,7,190
2022-W28,BTH,Bình Thạnh,2022,7,114
2022-W28,CC,Củ Chi,2022,7,126
2022-W28,CG,Cần Giờ,2022,7,17
2022-W28,GV,Gò Vấp,2022,7,150
2022-W28,HM,Hóc Môn,2022,7,144
2022-W28,NB,Nhà Bè,2022,7,54
2022-W28,PN,Phú Nhuận,2022,7,19
2022-W28,Q1,Quận 1,2022,7,27
2022-W28,Q10,Quận 10,2022,7,29
2022-W28,Q11,Quận 11,2022,7,31
2022-W28,Q12,Quận 12,2022,7,122
2022-W28,Q3,Quận 3,2022,7,23
2022-W28,Q4,Quận 4,2022,7,36
2022-W28,Q5,Quận 5,2022,7,24
2022-W28,Q6,Quận 6,2022,7,44
2022-W28,Q7,Quận 7,2022,7,64
2022-W28,Q8,Quận 8,2022,7,79
2022-W28,TB,Tân Bình,2022,7,102
2022-W28,TD,Thủ Đức,2022,7,329
2022-W28,TP,Tân Phú,2022,7,106
2022-W29,BC,Bình Chánh,2022,7,219
2022-W29,BT,Bình Tân,2022,7,198
2022-W29,BTH,Bình Thạnh,2022,7,99
2022-W29,CC,Củ Chi,2022,7,111
2022-W29,CG,Cần Giờ,2022,7,19
2022-W29,GV,Gò Vấp,2022,7,155
2022-W29,HM,Hóc Môn,2022,7,129
2022-W29,NB,Nhà Bè,2022,7,59
2022-W29,PN,Phú Nhuận,2022,7,21
2022-W29,Q1,Quận 1,2022,7,24
2022-W29,Q10,Quận 10,2022,7,26
2022-W29,Q11,Quận 11,2022,7,41
2022-W29,Q12,Quận 12,2022,7,138
2022-W29,Q3,Quận 3,2022,7,27
2022-W29,Q4,Quận 4,2022,7,48
2022-W29,Q5,Quận 5,2022,7,23
2022-W29,Q6,Quận 6,2022,7,47
2022-W29,Q7,Quận 7,2022,7,65
2022-W29,Q8,Quận 8,2022,7,87
2022-W29,TB,Tân Bình,2022,7,112
2022-W29,TD,Thủ Đức,2022,7,302
2022-W29,TP,Tân Phú,2022,7,104
2022-W30,BC,Bình Chánh,2022,7,244
2022-W30,BT,Bình Tân,2022,7,207
2022-W30,BTH,Bình Thạnh,2022,7,97
2022-W30,CC,Củ Chi,2022,7,112
2022-W30,CG,Cần Giờ,2022,7,22
2022-W30,GV,Gò Vấp,2022,7,150
2022-W30,HM,Hóc Môn,2022,7,146
2022-W30,NB,Nhà Bè,2022,7,54
2022-W30,PN,Phú Nhuận,2022,7,16
2022-W30,Q1,Quận 1,2022,7,34
2022-W30,Q10,Quận 10,2022,7,29
2022-W30,Q11,Quận 11,2022,7,28
2022-W30,Q12,Quận 12,2022,7,127
2022-W30,Q3,Quận 3,2022,7,18
2022-W30,Q4,Quận 4,2022,7,24
2022-W30,Q5,Quận 5,2022,7,18
2022-W30,Q6,Quận 6,2022,7,40
2022-W30,Q7,Quận 7,2022,7,82
2022-W30,Q8,Quận 8,2022,7,82
2022-W30,TB,Tân Bình,2022,7,98
2022-W30,TD,Thủ Đức,2022,7,301
2022-W30,TP,Tân Phú,2022,7,103
2022-W31,BC,Bình Chánh,2022,7,247
2022-W31,BT,Bình Tân,2022,7,186
2022-W31,BTH,Bình Thạnh,2022,7,98
2022-W31,CC,Củ Chi,2022,7,132
2022-W31,CG,Cần Giờ,2022,7,13
2022-W31,GV,Gò Vấp,2022,7,155
2022-W31,HM,Hóc Môn,2022,7,163
2022-W31,NB,Nhà Bè,2022,7,54
2022-W31,PN,Phú Nhuận,2022,7,24
2022-W31,Q1,Quận 1,2022,7,31
2022-W31,Q10,Quận 10,2022,7,24
2022-W31,Q11,Quận 11,2022,7,44
2022-W31,Q12,Quận 12,2022,7,109
2022-W31,Q3,Quận 3,2022,7,20
2022-W31,Q4,Quận 4,2022,7,37
2022-W31,Q5,Quận 5,2022,7,27
2022-W31,Q6,Quận 6,2022,7,48
2022-W31,Q7,Quận 7,2022,7,87
2022-W31,Q8,Quận 8,2022,7,70
2022-W31,TB,Tân Bình,2022,7,102
2022-W31,TD,Thủ Đức,2022,7,325
2022-W31,TP,Tân Phú,2022,7,116
2022-W32,BC,Bình Chánh,2022,8,221
2022-W32,BT,Bình Tân,2022,8,189
2022-W32,BTH,Bình Thạnh,2022,8,114
2022-W32,CC,Củ Chi,2022,8,145
2022-W32,CG,Cần Giờ,2022,8,15
2022-W32,GV,Gò Vấp,2022,8,155
2022-W32,HM,Hóc Môn,2022,8,131
2022-W32,NB,Nhà Bè,2022,8,55
2022-W32,PN,Phú Nhuận,2022,8,22
2022-W32,Q1,Quận 1,2022,8,46
2022-W32,Q10,Quận 10,2022,8,50
2022-W32,Q11,Quận 11,2022,8,36
2022-W32,Q12,Quận 12,2022,8,142
2022-W32,Q3,Quận 3,2022,8,26
2022-W32,Q4,Quận 4,2022,8,39
2022-W32,Q5,Quận 5,2022,8,22
2022-W32,Q6,Quận 6,2022,8,53
2022-W32,Q7,Quận 7,2022,8,63
2022-W32,Q8,Quận 8,2022,8,78
2022-W32,TB,Tân Bình,2022,8,113
2022-W32,TD,Thủ Đức,2022,8,303
2022-W32,TP,Tân Phú,2022,8,115
2022-W33,BC,Bình Chánh,2022,8,252
2022-W33,BT,Bình Tân,2022,8,188
2022-W33,BTH,Bình Thạnh,2022,8,109
2022-W33,CC,Củ Chi,2022,8,139
2022-W33,CG,Cần Giờ,2022,8,19
2022-W33,GV,Gò Vấp,2022,8,164
2022-W33,HM,Hóc Môn,2022,8,142
2022-W33,NB,Nhà Bè,2022,8,64
2022-W33,PN,Phú Nhuận,2022,8,24
2022-W33,Q1,Quận 1,2022,8,46
2022-W33,Q10,Quận 10,2022,8,26
2022-W33,Q11,Quận 11,2022,8,39
2022-W33,Q12,Quận 12,2022,8,127
2022-W33,Q3,Quận 3,2022,8,18
2022-W33,Q4,Quận 4,2022,8,41
2022-W33,Q5,Quận 5,2022,8,27
2022-W33,Q6,Quận 6,2022,8,47
2022-W33,Q7,Quận 7,2022,8,82
2022-W33,Q8,Quận 8,2022,8,90
2022-W33,TB,Tân Bình,2022,8,100
2022-W33,TD,Thủ Đức,2022,8,326
2022-W33,TP,Tân Phú,2022,8,105
2022-W34,BC,Bình Chánh,2022,8,259
2022-W34,BT,Bình Tân,2022,8,180
2022-W34,BTH,Bình Thạnh,2022,8,99
2022-W34,CC,Củ Chi,2022,8,99
2022-W34,CG,Cần Giờ,2022,8,21
2022-W34,GV,Gò Vấp,2022,8,162
2022-W34,HM,Hóc Môn,2022,8,124
2022-W34,NB,Nhà Bè,2022,8,55
2022-W34,PN,Phú Nhuận,2022,8,22
2022-W34,Q1,Quận 1,2022,8,35
2022-W34,Q10,Quận 10,2022,8,28
2022-W34,Q11,Quận 11,2022,8,43
2022-W34,Q12,Quận 12,2022,8,138
2022-W34,Q3,Quận 3,2022,8,21
2022-W34,Q4,Quận 4,2022,8,39
2022-W34,Q5,Quận 5,2022,8,24
2022-W34,Q6,Quận 6,2022,8,50
2022-W34,Q7,Quận 7,2022,8,78
2022-W34,Q8,Quận 8,2022,8,94
2022-W34,TB,Tân Bình,2022,8,112
2022-W34,TD,Thủ Đức,2022,8,296
2022-W34,TP,Tân Phú,2022,8,117
2022-W35,BC,Bình Chánh,2022,8,283
2022-W35,BT,Bình Tân,2022,8,203
2022-W35,BTH,Bình Thạnh,2022,8,110
2022-W35,CC,Củ Chi,2022,8,113
2022-W35,CG,Cần Giờ,2022,8,31
2022-W35,GV,Gò Vấp,2022,8,172
2022-W35,HM,Hóc Môn,2022,8,139
2022-W35,NB,Nhà Bè,2022,8,68
2022-W35,PN,Phú Nhuận,2022,8,32
2022-W35,Q1,Quận 1,2022,8,37
2022-W35,Q10,Quận 10,2022,8,41
2022-W35,Q11,Quận 11,2022,8,46
2022-W35,Q12,Quận 12,2022,8,134
2022-W35,Q3,Quận 3,2022,8,12
2022-W35,Q4,Quận 4,2022,8,29
2022-W35,Q5,Quận 5,2022,8,35
2022-W35,Q6,Quận 6,2022,8,48
2022-W35,Q7,Quận 7,2022,8,81
2022-W35,Q8,Quận 8,2022,8,88
2022-W35,TB,Tân Bình,2022,8,103
2022-W35,TD,Thủ Đức,2022,8,327
2022-W35,TP,Tân Phú,2022,8,113
2022-W36,BC,Bình Chánh,2022,9,235
2022-W36,BT,Bình Tân,2022,9,186
2022-W36,BTH,Bình Thạnh,2022,9,122
2022-W36,CC,Củ Chi,2022,9,132
2022-W36,CG,Cần Giờ,2022,9,22
2022-W36,GV,Gò Vấp,2022,9,149
2022-W36,HM,Hóc Môn,2022,9,148
2022-W36,NB,Nhà Bè,2022,9,65
2022-W36,PN,Phú Nhuận,2022,9,28
2022-W36,Q1,Quận 1,2022,9,46
2022-W36,Q10,Quận 10,2022,9,31
2022-W36,Q11,Quận 11,2022,9,36
2022-W36,Q12,Quận 12,2022,9,145
2022-W36,Q3,Quận 3,2022,9,31
2022-W36,Q4,Quận 4,2022,9,35
2022-W36,Q5,Quận 5,2022,9,32
2022-W36,Q6,Quận 6,2022,9,50
2022-W36,Q7,Quận 7,2022,9,83
2022-W36,Q8,Quận 8,2022,9,87
2022-W36,TB,Tân Bình,2022,9,113
2022-W36,TD,Thủ Đức,2022,9,322
2022-W36,TP,Tân Phú,2022,9,109
2022-W37,BC,Bình Chánh,2022,9,259
2022-W37,BT,Bình Tân,2022,9,196
2022-W37,BTH,Bình Thạnh,2022,9,111
2022-W37,CC,Củ Chi,2022,9,137
2022-W37,CG,Cần Giờ,2022,9,12
2022-W37,GV,Gò Vấp,2022,9,165
2022-W37,HM,Hóc Môn,2022,9,143
2022-W37,NB,Nhà Bè,2022,9,54
2022-W37,PN,Phú Nhuận,2022,9,16
2022-W37,Q1,Quận 1,2022,9,33
2022-W37,Q10,Quận 10,2022,9,37
2022-W37,Q11,Quận 11,2022,9,42
2022-W37,Q12,Quận 12,2022,9,129
2022-W37,Q3,Quận 3,2022,9,29
2022-W37,Q4,Quận 4,2022,9,38
2022-W37,Q5,Quận 5,2022,9,23
2022-W37,Q6,Quận 6,2022,9,44
2022-W37,Q7,Quận 7,2022,9,68
2022-W37,Q8,Quận 8,2022,9,79
2022-W37,TB,Tân Bình,2022,9,101
2022-W37,TD,Thủ Đức,2022,9,299
2022-W37,TP,Tân Phú,2022,9,119
2022-W38,BC,Bình Chánh,2022,9,246
2022-W38,BT,Bình Tân,2022,9,186
2022-W38,BTH,Bình Thạnh,2022,9,117
2022-W38,CC,Củ Chi,2022,9,135
2022-W38,CG,Cần Giờ,2022,9,20
2022-W38,GV,Gò Vấp,2022,9,156
2022-W38,HM,Hóc Môn,2022,9,153
2022-W38,NB,Nhà Bè,2022,9,76
2022-W38,PN,Phú Nhuận,2022,9,13
2022-W38,Q1,Quận 1,2022,9,27
2022-W38,Q10,Quận 10,2022,9,43
2022-W38,Q11,Quận 11,2022,9,35
2022-W38,Q12,Quận 12,2022,9,142
2022-W38,Q3,Quận 3,2022,9,14
2022-W38,Q4,Quận 4,2022,9,19
2022-W38,Q5,Quận 5,2022,9,37
2022-W38,Q6,Quận 6,2022,9,48
2022-W38,Q7,Quận 7,2022,9,69
2022-W38,Q8,Quận 8,2022,9,102
2022-W38,TB,Tân Bình,2022,9,105
2022-W38,TD,Thủ Đức,2022,9,297
2022-W38,TP,Tân Phú,2022,9,97
2022-W39,BC,Bình Chánh,2022,9,243
2022-W39,BT,Bình Tân,2022,9,205
2022-W39,BTH,Bình Thạnh,2022,9,93
2022-W39,CC,Củ Chi,2022,9,137
2022-W39,CG,Cần Giờ,2022,9,17
2022-W39,GV,Gò Vấp,2022,9,150
2022-W39,HM,Hóc Môn,2022,9,156
2022-W39,NB,Nhà Bè,2022,9,42
2022-W39,PN,Phú Nhuận,2022,9,24
2022-W39,Q1,Quận 1,2022,9,30
2022-W39,Q10,Quận 10,2022,9,40
2022-W39,Q11,Quận 11,2022,9,38
2022-W39,Q12,Quận 12,2022,9,147
2022-W39,Q3,Quận 3,2022,9,14
2022-W39,Q4,Quận 4,2022,9,42
2022-W39,Q5,Quận 5,2022,9,23
2022-W39,Q6,Quận 6,2022,9,39
2022-W39,Q7,Quận 7,2022,9,79
2022-W39,Q8,Quận 8,2022,9,74
2022-W39,TB,Tân Bình,2022,9,97
2022-W39,TD,Thủ Đức,2022,9,311
2022-W39,TP,Tân Phú,2022,9,102
2022-W40,BC,Bình Chánh,2022,10,217
2022-W40,BT,Bình Tân,2022,10,212
2022-W40,BTH,Bình Thạnh,2022,10,96
2022-W40,CC,Củ Chi,2022,10,124
2022-W40,CG,Cần Giờ,2022,10,17
2022-W40,GV,Gò Vấp,2022,10,158
2022-W40,HM,Hóc Môn,2022,10,158
2022-W40,NB,Nhà Bè,2022,10,47
2022-W40,PN,Phú Nhuận,2022,10,27
2022-W40,Q1,Quận 1,2022,10,23
2022-W40,Q10,Quận 10,2022,10,27
2022-W40,Q11,Quận 11,2022,10,41
2022-W40,Q12,Quận 12,2022,10,137
2022-W40,Q3,Quận 3,2022,10,15
2022-W40,Q4,Quận 4,2022,10,41
2022-W40,Q5,Quận 5,2022,10,30
2022-W40,Q6,Quận 6,2022,10,55
2022-W40,Q7,Quận 7,2022,10,61
2022-W40,Q8,Quận 8,2022,10,82
2022-W40,TB,Tân Bình,2022,10,110
2022-W40,TD,Thủ Đức,2022,10,285
2022-W40,TP,Tân Phú,2022,10,84
2022-W41,BC,Bình Chánh,2022,10,250
2022-W41,BT,Bình Tân,2022,10,201
2022-W41,BTH,Bình Thạnh,2022,10,103
2022-W41,CC,Củ Chi,2022,10,118
2022-W41,CG,Cần Giờ,2022,10,19
2022-W41,GV,Gò Vấp,2022,10,137
2022-W41,HM,Hóc Môn,2022,10,143
2022-W41,NB,Nhà Bè,2022,10,43
2022-W41,PN,Phú Nhuận,2022,10,16
2022-W41,Q1,Quận 1,2022,10,29
2022-W41,Q10,Quận 10,2022,10,35
2022-W41,Q11,Quận 11,2022,10,34
2022-W41,Q12,Quận 12,2022,10,135
2022-W41,Q3,Quận 3,2022,10,24
2022-W41,Q4,Quận 4,2022,10,38
2022-W41,Q5,Quận 5,2022,10,30
2022-W41,Q6,Quận 6,2022,10,37
2022-W41,Q7,Quận 7,2022,10,62
2022-W41,Q8,Quận 8,2022,10,73
2022-W41,TB,Tân Bình,2022,10,107
2022-W41,TD,Thủ Đức,2022,10,304
2022-W41,TP,Tân Phú,2022,10,93
2022-W42,BC,Bình Chánh,2022,10,248
2022-W42,BT,Bình Tân,2022,10,200
2022-W42,BTH,Bình Thạnh,2022,10,106
2022-W42,CC,Củ Chi,2022,10,114
2022-W42,CG,Cần Giờ,2022,10,13
2022-W42,GV,Gò Vấp,2022,10,141
2022-W42,HM,Hóc Môn,2022,10,129
2022-W42,NB,Nhà Bè,2022,10,48
2022-W42,PN,Phú Nhuận,2022,10,19
2022-W42,Q1,Quận 1,2022,10,33
2022-W42,Q10,Quận 10,2022,10,35
2022-W42,Q11,Quận 11,2022,10,43
2022-W42,Q12,Quận 12,2022,10,147
2022-W42,Q3,Quận 3,2022,10,24
2022-W42,Q4,Quận 4,2022,10,25
2022-W42,Q5,Quận 5,2022,10,23
2022-W42,Q6,Quận 6,2022,10,39
2022-W42,Q7,Quận 7,2022,10,73
2022-W42,Q8,Quận 8,2022,10,90
2022-W42,TB,Tân Bình,2022,10,103
2022-W42,TD,Thủ Đức,2022,10,259
2022-W42,TP,Tân Phú,2022,10,110
2022-W43,BC,Bình Chánh,2022,10,235
2022-W43,BT,Bình Tân,2022,10,198
2022-W43,BTH,Bình Thạnh,2022,10,79
2022-W43,CC,Củ Chi,2022,10,117
2022-W43,CG,Cần Giờ,2022,10,20
2022-W43,GV,Gò Vấp,2022,10,151
2022-W43,HM,Hóc Môn,2022,10,129
2022-W43,NB,Nhà Bè,2022,10,47
2022-W43,PN,Phú Nhuận,2022,10,25
2022-W43,Q1,Quận 1,2022,10,36
2022-W43,Q10,Quận 10,2022,10,32
2022-W43,Q11,Quận 11,2022,10,37
2022-W43,Q12,Quận 12,2022,10,119
2022-W43,Q3,Quận 3,2022,10,14
2022-W43,Q4,Quận 4,2022,10,32
2022-W43,Q5,Quận 5,2022,10,37
2022-W43,Q6,Quận 6,2022,10,47
2022-W43,Q7,Quận 7,2022,10,68
2022-W43,Q8,Quận 8,2022,10,68
2022-W43,TB,Tân Bình,2022,10,95
2022-W43,TD,Thủ Đức,2022,10,279
2022-W43,TP,Tân Phú,2022,10,81
2022-W44,BC,Bình Chánh,2022,10,219
2022-W44,BT,Bình Tân,2022,10,164
2022-W44,BTH,Bình Thạnh,2022,10,86
2022-W44,CC,Củ Chi,2022,10,119
2022-W44,CG,Cần Giờ,2022,10,12
2022-W44,GV,Gò Vấp,2022,10,131
2022-W44,HM,Hóc Môn,2022,10,145
2022-W44,NB,Nhà Bè,2022,10,38
2022-W44,PN,Phú Nhuận,2022,10,14
2022-W44,Q1,Quận 1,2022,10,27
2022-W44,Q10,Quận 10,2022,10,29
2022-W44,Q11,Quận 11,2022,10,30
2022-W44,Q12,Quận 12,2022,10,122
2022-W44,Q3,Quận 3,2022,10,27
2022-W44,Q4,Quận 4,2022,10,33
2022-W44,Q5,Quận 5,2022,10,30
2022-W44,Q6,Quận 6,2022,10,43
2022-W44,Q7,Quận 7,2022,10,57
2022-W44,Q8,Quận 8,2022,10,75
2022-W44,TB,Tân Bình,2022,10,79
2022-W44,TD,Thủ Đức,2022,10,249
2022-W44,TP,Tân Phú,2022,10,89
2022-W45,BC,Bình Chánh,2022,11,219
2022-W45,BT,Bình Tân,2022,11,148
2022-W45,BTH,Bình Thạnh,2022,11,111
2022-W45,CC,Củ Chi,2022,11,108
2022-W45,CG,Cần Giờ,2022,11,20
2022-W45,GV,Gò Vấp,2022,11,131
2022-W45,HM,Hóc Môn,2022,11,124
2022-W45,NB,Nhà Bè,2022,11,53
2022-W45,PN,Phú Nhuận,2022,11,26
2022-W45,Q1,Quận 1,2022,11,27
2022-W45,Q10,Quận 10,2022,11,25
2022-W45,Q11,Quận 11,2022,11,34
2022-W45,Q12,Quận 12,2022,11,105
2022-W45,Q3,Quận 3,2022,11,17
2022-W45,Q4,Quận 4,2022,11,33
2022-W45,Q5,Quận 5,2022,11,27
2022-W45,Q6,Quận 6,2022,11,43
2022-W45,Q7,Quận 7,2022,11,57
2022-W45,Q8,Quận 8,2022,11,69
2022-W45,TB,Tân Bình,2022,11,106
2022-W45,TD,Thủ Đức,2022,11,256
2022-W45,TP,Tân Phú,2022,11,82
2022-W46,BC,Bình Chánh,2022,11,209
2022-W46,BT,Bình Tân,2022,11,160
2022-W46,BTH,Bình Thạnh,2022,11,87
2022-W46,CC,Củ Chi,2022,11,90
2022-W46,CG,Cần Giờ,2022,11,23
2022-W46,GV,Gò Vấp,2022,11,127
2022-W46,HM,Hóc Môn,2022,11,111
2022-W46,NB,Nhà Bè,2022,11,45
2022-W46,PN,Phú Nhuận,2022,11,21
2022-W46,Q1,Quận 1,2022,11,23
2022-W46,Q10,Quận 10,2022,11,30
2022-W46,Q11,Quận 11,2022,11,31
2022-W46,Q12,Quận 12,2022,11,116
2022-W46,Q3,Quận 3,2022,11,17
2022-W46,Q4,Quận 4,2022,11,23
2022-W46,Q5,Quận 5,2022,11,27
2022-W46,Q6,Quận 6,2022,11,34
2022-W46,Q7,Quận 7,2022,11,55
2022-W46,Q8,Quận 8,2022,11,70
2022-W46,TB,Tân Bình,2022,11,111
2022-W46,TD,Thủ Đức,2022,11,255
2022-W46,TP,Tân Phú,2022,11,81
2022-W47,BC,Bình Chánh,2022,11,196
2022-W47,BT,Bình Tân,2022,11,169
2022-W47,BTH,Bình Thạnh,2022,11,84
2022-W47,CC,Củ Chi,2022,11,77
2022-W47,CG,Cần Giờ,2022,11,13
2022-W47,GV,Gò Vấp,2022,11,120
2022-W47,HM,Hóc Môn,2022,11,115
2022-W47,NB,Nhà Bè,2022,11,44
2022-W47,PN,Phú Nhuận,2022,11,18
2022-W47,Q1,Quận 1,2022,11,26
2022-W47,Q10,Quận 10,2022,11,28
2022-W47,Q11,Quận 11,2022,11,29
2022-W47,Q12,Quận 12,2022,11,111
2022-W47,Q3,Quận 3,2022,11,25
2022-W47,Q4,Quận 4,2022,11,29
2022-W47,Q5,Quận 5,2022,11,16
2022-W47,Q6,Quận 6,2022,11,32
2022-W47,Q7,Quận 7,2022,11,73
2022-W47,Q8,Quận 8,2022,11,65
2022-W47,TB,Tân Bình,2022,11,86
2022-W47,TD,Thủ Đức,2022,11,257
2022-W47,TP,Tân Phú,2022,11,76
2022-W48,BC,Bình Chánh,2022,11,187
2022-W48,BT,Bình Tân,2022,11,156
2022-W48,BTH,Bình Thạnh,2022,11,92
2022-W48,CC,Củ Chi,2022,11,106
2022-W48,CG,Cần Giờ,2022,11,12
2022-W48,GV,Gò Vấp,2022,11,113
2022-W48,HM,Hóc Môn,2022,11,112
2022-W48,NB,Nhà Bè,2022,11,47
2022-W48,PN,Phú Nhuận,2022,11,20
2022-W48,Q1,Quận 1,2022,11,21
2022-W48,Q10,Quận 10,2022,11,31
2022-W48,Q11,Quận 11,2022,11,32
2022-W48,Q12,Quận 12,2022,11,102
2022-W48,Q3,Quận 3,2022,11,21
2022-W48,Q4,Quận 4,2022,11,32
2022-W48,Q5,Quận 5,2022,11,24
2022-W48,Q6,Quận 6,2022,11,42
2022-W48,Q7,Quận 7,2022,11,43
2022-W48,Q8,Quận 8,2022,11,49
2022-W48,TB,Tân Bình,2022,11,78
2022-W48,TD,Thủ Đức,2022,11,237
2022-W48,TP,Tân Phú,2022,11,75
2022-W49,BC,Bình Chánh,2022,12,157
2022-W49,BT,Bình Tân,2022,12,160
2022-W49,BTH,Bình Thạnh,2022,12,60
2022-W49,CC,Củ Chi,2022,12,83
2022-W49,CG,Cần Giờ,2022,12,14
2022-W49,GV,Gò Vấp,2022,12,107
2022-W49,HM,Hóc Môn,2022,12,99
2022-W49,NB,Nhà Bè,2022,12,36
2022-W49,PN,Phú Nhuận,2022,12,15
2022-W49,Q1,Quận 1,2022,12,23
2022-W49,Q10,Quận 10,2022,12,26
2022-W49,Q11,Quận 11,2022,12,19
2022-W49,Q12,Quận 12,2022,12,96
2022-W49,Q3,Quận 3,2022,12,18
2022-W49,Q4,Quận 4,2022,12,20
2022-W49,Q5,Quận 5,2022,12,18
2022-W49,Q6,Quận 6,2022,12,30
2022-W49,Q7,Quận 7,2022,12,56
2022-W49,Q8,Quận 8,2022,12,67
2022-W49,TB,Tân Bình,2022,12,57
2022-W49,TD,Thủ Đức,2022,12,245
2022-W49,TP,Tân Phú,2022,12,82
2022-W50,BC,Bình Chánh,2022,12,164
2022-W50,BT,Bình Tân,2022,12,137
2022-W50,BTH,Bình Thạnh,2022,12,74
2022-W50,CC,Củ Chi,2022,12,86
2022-W50,CG,Cần Giờ,2022,12,19
2022-W50,GV,Gò Vấp,2022,12,103
2022-W50,HM,Hóc Môn,2022,12,85
2022-W50,NB,Nhà Bè,2022,12,40
2022-W50,PN,Phú Nhuận,2022,12,18
2022-W50,Q1,Quận 1,2022,12,25
2022-W50,Q10,Quận 10,2022,12,35
2022-W50,Q11,Quận 11,2022,12,24
2022-W50,Q12,Quận 12,2022,12,110
2022-W50,Q3,Quận 3,2022,12,7
2022-W50,Q4,Quận 4,2022,12,38
2022-W50,Q5,Quận 5,2022,12,19
2022-W50,Q6,Quận 6,2022,12,28
2022-W50,Q7,Quận 7,2022,12,49
2022-W50,Q8,Quận 8,2022,12,65
2022-W50,TB,Tân Bình,2022,12,67
2022-W50,TD,Thủ Đức,2022,12,207
2022-W50,TP,Tân Phú,2022,12,73
2022-W51,BC,Bình Chánh,2022,12,173
2022-W51,BT,Bình Tân,2022,12,124
2022-W51,BTH,Bình Thạnh,2022,12,81
2022-W51,CC,Củ Chi,2022,12,92
2022-W51,CG,Cần Giờ,2022,12,16
2022-W51,GV,Gò Vấp,2022,12,118
2022-W51,HM,Hóc Môn,2022,12,94
2022-W51,NB,Nhà Bè,2022,12,30
2022-W51,PN,Phú Nhuận,2022,12,13
2022-W51,Q1,Quận 1,2022,12,19
2022-W51,Q10,Quận 10,2022,12,17
2022-W51,Q11,Quận 11,2022,12,27
2022-W51,Q12,Quận 12,2022,12,99
2022-W51,Q3,Quận 3,2022,12,18
2022-W51,Q4,Quận 4,2022,12,29
2022-W51,Q5,Quận 5,2022,12,14
2022-W51,Q6,Quận 6,2022,12,24
2022-W51,Q7,Quận 7,2022,12,56
2022-W51,Q8,Quận 8,2022,12,54
2022-W51,TB,Tân Bình,2022,12,83
2022-W51,TD,Thủ Đức,2022,12,227
2022-W51,TP,Tân Phú,2022,12,84
2022-W52,BC,Bình Chánh,2022,12,161
2022-W52,BT,Bình Tân,2022,12,113
2022-W52,BTH,Bình Thạnh,2022,12,66
2022-W52,CC,Củ Chi,2022,12,102
2022-W52,CG,Cần Giờ,2022,12,17
2022-W52,GV,Gò Vấp,2022,12,127
2022-W52,HM,Hóc Môn,2022,12,91
2022-W52,NB,Nhà Bè,2022,12,32
2022-W52,PN,Phú Nhuận,2022,12,17
2022-W52,Q1,Quận 1,2022,12,22
2022-W52,Q10,Quận 10,2022,12,27
2022-W52,Q11,Quận 11,2022,12,24
2022-W52,Q12,Quận 12,2022,12,88
2022-W52,Q3,Quận 3,2022,12,22
2022-W52,Q4,Quận 4,2022,12,24
2022-W52,Q5,Quận 5,2022,12,22
2022-W52,Q6,Quận 6,2022,12,24
2022-W52,Q7,Quận 7,2022,12,51
2022-W52,Q8,Quận 8,2022,12,56
2022-W52,TB,Tân Bình,2022,12,71
2022-W52,TD,Thủ Đức,2022,12,222
2022-W52,TP,Tân Phú,2022,12,54
2023-W01,BC,Bình Chánh,2023,1,185
2023-W01,BT,Bình Tân,2023,1,120
2023-W01,BTH,Bình Thạnh,2023,1,79
2023-W01,CC,Củ Chi,2023,1,117
2023-W01,CG,Cần Giờ,2023,1,20
2023-W01,GV,Gò Vấp,2023,1,114
2023-W01,HM,Hóc Môn,2023,1,104
2023-W01,NB,Nhà Bè,2023,1,31
2023-W01,PN,Phú Nhuận,2023,1,21
2023-W01,Q1,Quận 1,2023,1,23
2023-W01,Q10,Quận 10,2023,1,21
2023-W01,Q11,Quận 11,2023,1,32
2023-W01,Q12,Quận 12,2023,1,108
2023-W01,Q3,Quận 3,2023,1,17
2023-W01,Q4,Quận 4,2023,1,36
2023-W01,Q5,Quận 5,2023,1,23
2023-W01,Q6,Quận 6,2023,1,31
2023-W01,Q7,Quận 7,2023,1,59
2023-W01,Q8,Quận 8,2023,1,60
2023-W01,TB,Tân Bình,2023,1,78
2023-W01,TD,Thủ Đức,2023,1,227
2023-W01,TP,Tân Phú,2023,1,65
2023-W02,BC,Bình Chánh,2023,1,194
2023-W02,BT,Bình Tân,2023,1,147
2023-W02,BTH,Bình Thạnh,2023,1,96
2023-W02,CC,Củ Chi,2023,1,101
2023-W02,CG,Cần Giờ,2023,1,16
2023-W02,GV,Gò Vấp,2023,1,114
2023-W02,HM,Hóc Môn,2023,1,111
2023-W02,NB,Nhà Bè,2023,1,33
2023-W02,PN,Phú Nhuận,2023,1,14
2023-W02,Q1,Quận 1,2023,1,10
2023-W02,Q10,Quận 10,2023,1,32
2023-W02,Q11,Quận 11,2023,1,41
2023-W02,Q12,Quận 12,2023,1,104
2023-W02,Q3,Quận 3,2023,1,18
2023-W02,Q4,Quận 4,2023,1,23
2023-W02,Q5,Quận 5,2023,1,28
2023-W02,Q6,Quận 6,2023,1,40
2023-W02,Q7,Quận 7,2023,1,54
2023-W02,Q8,Quận 8,2023,1,64
2023-W02,TB,Tân Bình,2023,1,75
2023-W02,TD,Thủ Đức,2023,1,232
2023-W02,TP,Tân Phú,2023,1,69
2023-W03,BC,Bình Chánh,2023,1,197
2023-W03,BT,Bình Tân,2023,1,145
2023-W03,BTH,Bình Thạnh,2023,1,89
2023-W03,CC,Củ Chi,2023,1,94
2023-W03,CG,Cần Giờ,2023,1,11
2023-W03,GV,Gò Vấp,2023,1,110
2023-W03,HM,Hóc Môn,2023,1,93
2023-W03,NB,Nhà Bè,2023,1,43
2023-W03,PN,Phú Nhuận,2023,1,31
2023-W03,Q1,Quận 1,2023,1,20
2023-W03,Q10,Quận 10,2023,1,21
2023-W03,Q11,Quận 11,2023,1,24
2023-W03,Q12,Quận 12,2023,1,114
2023-W03,Q3,Quận 3,2023,1,16
2023-W03,Q4,Quận 4,2023,1,24
2023-W03,Q5,Quận 5,2023,1,26
2023-W03,Q6,Quận 6,2023,1,32
2023-W03,Q7,Quận 7,2023,1,60
2023-W03,Q8,Quận 8,2023,1,64
2023-W03,TB,Tân Bình,2023,1,64
2023-W03,TD,Thủ Đức,2023,1,245
2023-W03,TP,Tân Phú,2023,1,83
2023-W04,BC,Bình Chánh,2023,1,215
2023-W04,BT,Bình Tân,2023,1,142
2023-W04,BTH,Bình Thạnh,2023,1,76
2023-W04,CC,Củ Chi,2023,1,93
2023-W04,CG,Cần Giờ,2023,1,19
2023-W04,GV,Gò Vấp,2023,1,108
2023-W04,HM,Hóc Môn,2023,1,118
2023-W04,NB,Nhà Bè,2023,1,47
2023-W04,PN,Phú Nhuận,2023,1,25
2023-W04,Q1,Quận 1,2023,1,20
2023-W04,Q10,Quận 10,2023,1,20
2023-W04,Q11,Quận 11,2023,1,36
2023-W04,Q12,Quận 12,2023,1,114
2023-W04,Q3,Quận 3,2023,1,26
2023-W04,Q4,Quận 4,2023,1,25
2023-W04,Q5,Quận 5,2023,1,20
2023-W04,Q6,Quận 6,2023,1,42
2023-W04,Q7,Quận 7,2023,1,53
2023-W04,Q8,Quận 8,2023,1,67
2023-W04,TB,Tân Bình,2023,1,60
2023-W04,TD,Thủ Đức,2023,1,216
2023-W04,TP,Tân Phú,2023,1,83
2023-W05,BC,Bình Chánh,2023,1,186
2023-W05,BT,Bình Tân,2023,1,135
2023-W05,BTH,Bình Thạnh,2023,1,71
2023-W05,CC,Củ Chi,2023,1,98
2023-W05,CG,Cần Giờ,2023,1,13
2023-W05,GV,Gò Vấp,2023,1,104
2023-W05,HM,Hóc Môn,2023,1,109
2023-W05,NB,Nhà Bè,2023,1,53
2023-W05,PN,Phú Nhuận,2023,1,20
2023-W05,Q1,Quận 1,2023,1,24
2023-W05,Q10,Quận 10,2023,1,22
2023-W05,Q11,Quận 11,2023,1,31
2023-W05,Q12,Quận 12,2023,1,114
2023-W05,Q3,Quận 3,2023,1,10
2023-W05,Q4,Quận 4,2023,1,24
2023-W05,Q5,Quận 5,2023,1,24
2023-W05,Q6,Quận 6,2023,1,23
2023-W05,Q7,Quận 7,2023,1,70
2023-W05,Q8,Quận 8,2023,1,66
2023-W05,TB,Tân Bình,2023,1,71
2023-W05,TD,Thủ Đức,2023,1,223
2023-W05,TP,Tân Phú,2023,1,84
2023-W06,BC,Bình Chánh,2023,2,182
2023-W06,BT,Bình Tân,2023,2,128
2023-W06,BTH,Bình Thạnh,2023,2,69
2023-W06,CC,Củ Chi,2023,2,91
2023-W06,CG,Cần Giờ,2023,2,18
2023-W06,GV,Gò Vấp,2023,2,110
2023-W06,HM,Hóc Môn,2023,2,97
2023-W06,NB,Nhà Bè,2023,2,38
2023-W06,PN,Phú Nhuận,2023,2,19
2023-W06,Q1,Quận 1,2023,2,20
2023-W06,Q10,Quận 10,2023,2,27
2023-W06,Q11,Quận 11,2023,2,32
2023-W06,Q12,Quận 12,2023,2,99
2023-W06,Q3,Quận 3,2023,2,20
2023-W06,Q4,Quận 4,2023,2,24
2023-W06,Q5,Quận 5,2023,2,23
2023-W06,Q6,Quận 6,2023,2,48
2023-W06,Q7,Quận 7,2023,2,47
2023-W06,Q8,Quận 8,2023,2,67
2023-W06,TB,Tân Bình,2023,2,77
2023-W06,TD,Thủ Đức,2023,2,231
2023-W06,TP,Tân Phú,2023,2,80
2023-W07,BC,Bình Chánh,2023,2,182
2023-W07,BT,Bình Tân,2023,2,140
2023-W07,BTH,Bình Thạnh,2023,2,68
2023-W07,CC,Củ Chi,2023,2,87
2023-W07,CG,Cần Giờ,2023,2,22
2023-W07,GV,Gò Vấp,2023,2,121
2023-W07,HM,Hóc Môn,2023,2,110
2023-W07,NB,Nhà Bè,2023,2,46
2023-W07,PN,Phú Nhuận,2023,2,20
2023-W07,Q1,Quận 1,2023,2,19
2023-W07,Q10,Quận 10,2023,2,29
2023-W07,Q11,Quận 11,2023,2,25
2023-W07,Q12,Quận 12,2023,2,100
2023-W07,Q3,Quận 3,2023,2,9
2023-W07,Q4,Quận 4,2023,2,31
2023-W07,Q5,Quận 5,2023,2,24
2023-W07,Q6,Quận 6,2023,2,46
2023-W07,Q7,Quận 7,2023,2,48
2023-W07,Q8,Quận 8,2023,2,68
2023-W07,TB,Tân Bình,2023,2,81
2023-W07,TD,Thủ Đức,2023,2,238
2023-W07,TP,Tân Phú,2023,2,75
2023-W08,BC,Bình Chánh,2023,2,177
2023-W08,BT,Bình Tân,2023,2,172
2023-W08,BTH,Bình Thạnh,2023,2,91
2023-W08,CC,Củ Chi,2023,2,100
2023-W08,CG,Cần Giờ,2023,2,17
2023-W08,GV,Gò Vấp,2023,2,112
2023-W08,HM,Hóc Môn,2023,2,128
2023-W08,NB,Nhà Bè,2023,2,50
2023-W08,PN,Phú Nhuận,2023,2,17
2023-W08,Q1,Quận 1,2023,2,21
2023-W08,Q10,Quận 10,2023,2,15
2023-W08,Q11,Quận 11,2023,2,39
2023-W08,Q12,Quận 12,2023,2,117
2023-W08,Q3,Quận 3,2023,2,20
2023-W08,Q4,Quận 4,2023,2,21
2023-W08,Q5,Quận 5,2023,2,13
2023-W08,Q6,Quận 6,2023,2,38
2023-W08,Q7,Quận 7,2023,2,63
2023-W08,Q8,Quận 8,2023,2,51
2023-W08,TB,Tân Bình,2023,2,75
2023-W08,TD,Thủ Đức,2023,2,229
2023-W08,TP,Tân Phú,2023,2,79
2023-W09,BC,Bình Chánh,2023,2,203
2023-W09,BT,Bình Tân,2023,2,147
2023-W09,BTH,Bình Thạnh,2023,2,104
2023-W09,CC,Củ Chi,2023,2,80
2023-W09,CG,Cần Giờ,2023,2,14
2023-W09,GV,Gò Vấp,2023,2,116
2023-W09,HM,Hóc Môn,2023,2,98
2023-W09,NB,Nhà Bè,2023,2,47
2023-W09,PN,Phú Nhuận,2023,2,23
2023-W09,Q1,Quận 1,2023,2,23
2023-W09,Q10,Quận 10,2023,2,20
2023-W09,Q11,Quận 11,2023,2,24
2023-W09,Q12,Quận 12,2023,2,100
2023-W09,Q3,Quận 3,2023,2,13
2023-W09,Q4,Quận 4,2023,2,31
2023-W09,Q5,Quận 5,2023,2,22
2023-W09,Q6,Quận 6,2023,2,25
2023-W09,Q7,Quận 7,2023,2,49
2023-W09,Q8,Quận 8,2023,2,51
2023-W09,TB,Tân Bình,2023,2,82
2023-W09,TD,Thủ Đức,2023,2,233
2023-W09,TP,Tân Phú,2023,2,72
2023-W10,BC,Bình Chánh,2023,3,194
2023-W10,BT,Bình Tân,2023,3,152
2023-W10,BTH,Bình Thạnh,2023,3,85
2023-W10,CC,Củ Chi,2023,3,96
2023-W10,CG,Cần Giờ,2023,3,18
2023-W10,GV,Gò Vấp,2023,3,130
2023-W10,HM,Hóc Môn,2023,3,111
2023-W10,NB,Nhà Bè,2023,3,46
2023-W10,PN,Phú Nhuận,2023,3,16
2023-W10,Q1,Quận 1,2023,3,27
2023-W10,Q10,Quận 10,2023,3,24
2023-W10,Q11,Quận 11,2023,3,25
2023-W10,Q12,Quận 12,2023,3,107
2023-W10,Q3,Quận 3,2023,3,22
2023-W10,Q4,Quận 4,2023,3,27
2023-W10,Q5,Quận 5,2023,3,24
2023-W10,Q6,Quận 6,2023,3,31
2023-W10,Q7,Quận 7,2023,3,61
2023-W10,Q8,Quận 8,2023,3,73
2023-W10,TB,Tân Bình,2023,3,77
2023-W10,TD,Thủ Đức,2023,3,258
2023-W10,TP,Tân Phú,2023,3,78
2023-W11,BC,Bình Chánh,2023,3,190
2023-W11,BT,Bình Tân,2023,3,153
2023-W11,BTH,Bình Thạnh,2023,3,99
2023-W11,CC,Củ Chi,2023,3,126
2023-W11,CG,Cần Giờ,2023,3,15
2023-W11,GV,Gò Vấp,2023,3,122
2023-W11,HM,Hóc Môn,2023,3,107
2023-W11,NB,Nhà Bè,2023,3,45
2023-W11,PN,Phú Nhuận,2023,3,14
2023-W11,Q1,Quận 1,2023,3,22
2023-W11,Q10,Quận 10,2023,3,24
2023-W11,Q11,Quận 11,2023,3,34
2023-W11,Q12,Quận 12,2023,3,117
2023-W11,Q3,Quận 3,2023,3,14
2023-W11,Q4,Quận 4,2023,3,28
2023-W11,Q5,Quận 5,2023,3,23
2023-W11,Q6,Quận 6,2023,3,41
2023-W11,Q7,Quận 7,2023,3,63
2023-W11,Q8,Quận 8,2023,3,72
2023-W11,TB,Tân Bình,2023,3,71
2023-W11,TD,Thủ Đức,2023,3,225
2023-W11,TP,Tân Phú,2023,3,84
2023-W12,BC,Bình Chánh,2023,3,214
2023-W12,BT,Bình Tân,2023,3,179
2023-W12,BTH,Bình Thạnh,2023,3,88
2023-W12,CC,Củ Chi,2023,3,102
2023-W12,CG,Cần Giờ,2023,3,22
2023-W12,GV,Gò Vấp,2023,3,117
2023-W12,HM,Hóc Môn,2023,3,105
2023-W12,NB,Nhà Bè,2023,3,41
2023-W12,PN,Phú Nhuận,2023,3,14
2023-W12,Q1,Quận 1,2023,3,32
2023-W12,Q10,Quận 10,2023,3,21
2023-W12,Q11,Quận 11,2023,3,34
2023-W12,Q12,Quận 12,2023,3,123
2023-W12,Q3,Quận 3,2023,3,22
2023-W12,Q4,Quận 4,2023,3,32
2023-W12,Q5,Quận 5,2023,3,32
2023-W12,Q6,Quận 6,2023,3,33
2023-W12,Q7,Quận 7,2023,3,49
2023-W12,Q8,Quận 8,2023,3,58
2023-W12,TB,Tân Bình,2023,3,77
2023-W12,TD,Thủ Đức,2023,3,257
2023-W12,TP,Tân Phú,2023,3,91
2023-W13,BC,Bình Chánh,2023,3,174
2023-W13,BT,Bình Tân,2023,3,156
2023-W13,BTH,Bình Thạnh,2023,3,79
2023-W13,CC,Củ Chi,2023,3,113
2023-W13,CG,Cần Giờ,2023,3,14
2023-W13,GV,Gò Vấp,2023,3,111
2023-W13,HM,Hóc Môn,2023,3,93
2023-W13,NB,Nhà Bè,2023,3,51
2023-W13,PN,Phú Nhuận,2023,3,15
2023-W13,Q1,Quận 1,2023,3,23
2023-W13,Q10,Quận 10,2023,3,32
2023-W13,Q11,Quận 11,2023,3,28
2023-W13,Q12,Quận 12,2023,3,105
2023-W13,Q3,Quận 3,2023,3,22
2023-W13,Q4,Quận 4,2023,3,33
2023-W13,Q5,Quận 5,2023,3,28
2023-W13,Q6,Quận 6,2023,3,38
2023-W13,Q7,Quận 7,2023,3,68
2023-W13,Q8,Quận 8,2023,3,73
2023-W13,TB,Tân Bình,2023,3,91
2023-W13,TD,Thủ Đức,2023,3,277
2023-W13,TP,Tân Phú,2023,3,75
2023-W14,BC,Bình Chánh,2023,4,193
2023-W14,BT,Bình Tân,2023,4,177
2023-W14,BTH,Bình Thạnh,2023,4,91
2023-W14,CC,Củ Chi,2023,4,106
2023-W14,CG,Cần Giờ,2023,4,16
2023-W14,GV,Gò Vấp,2023,4,145
2023-W14,HM,Hóc Môn,2023,4,116
2023-W14,NB,Nhà Bè,2023,4,50
2023-W14,PN,Phú Nhuận,2023,4,16
2023-W14,Q1,Quận 1,2023,4,27
2023-W14,Q10,Quận 10,2023,4,22
2023-W14,Q11,Quận 11,2023,4,31
2023-W14,Q12,Quận 12,2023,4,128
2023-W14,Q3,Quận 3,2023,4,20
2023-W14,Q4,Quận 4,2023,4,43
2023-W14,Q5,Quận 5,2023,4,23
2023-W14,Q6,Quận 6,2023,4,30
2023-W14,Q7,Quận 7,2023,4,54
2023-W14,Q8,Quận 8,2023,4,69
2023-W14,TB,Tân Bình,2023,4,82
2023-W14,TD,Thủ Đức,2023,4,274
2023-W14,TP,Tân Phú,2023,4,69
2023-W15,BC,Bình Chánh,2023,4,210
2023-W15,BT,Bình Tân,2023,4,155
2023-W15,BTH,Bình Thạnh,2023,4,84
2023-W15,CC,Củ Chi,2023,4,115
2023-W15,CG,Cần Giờ,2023,4,23
2023-W15,GV,Gò Vấp,2023,4,119
2023-W15,HM,Hóc Môn,2023,4,100
2023-W15,NB,Nhà Bè,2023,4,34
2023-W15,PN,Phú Nhuận,2023,4,15
2023-W15,Q1,Quận 1,2023,4,22
2023-W15,Q10,Quận 10,2023,4,22
2023-W15,Q11,Quận 11,2023,4,28
2023-W15,Q12,Quận 12,2023,4,112
2023-W15,Q3,Quận 3,2023,4,15
2023-W15,Q4,Quận 4,2023,4,26
2023-W15,Q5,Quận 5,2023,4,26
2023-W15,Q6,Quận 6,2023,4,33
2023-W15,Q7,Quận 7,2023,4,51
2023-W15,Q8,Quận 8,2023,4,79
2023-W15,TB,Tân Bình,2023,4,72
2023-W15,TD,Thủ Đức,2023,4,273
2023-W15,TP,Tân Phú,2023,4,80
2023-W16,BC,Bình Chánh,2023,4,212
2023-W16,BT,Bình Tân,2023,4,155
2023-W16,BTH,Bình Thạnh,2023,4,85
2023-W16,CC,Củ Chi,2023,4,99
2023-W16,CG,Cần Giờ,2023,4,10
2023-W16,GV,Gò Vấp,2023,4,104
2023-W16,HM,Hóc Môn,2023,4,119
2023-W16,NB,Nhà Bè,2023,4,50
2023-W16,PN,Phú Nhuận,2023,4,17
2023-W16,Q1,Quận 1,2023,4,34
2023-W16,Q10,Quận 10,2023,4,23
2023-W16,Q11,Quận 11,2023,4,37
2023-W16,Q12,Quận 12,2023,4,120
2023-W16,Q3,Quận 3,2023,4,18
2023-W16,Q4,Quận 4,2023,4,29
2023-W16,Q5,Quận 5,2023,4,23
2023-W16,Q6,Quận 6,2023,4,31
2023-W16,Q7,Quận 7,2023,4,79
2023-W16,Q8,Quận 8,2023,4,72
2023-W16,TB,Tân Bình,2023,4,90
2023-W16,TD,Thủ Đức,2023,4,257
2023-W16,TP,Tân Phú,2023,4,80
2023-W17,BC,Bình Chánh,2023,4,195
2023-W17,BT,Bình Tân,2023,4,162
2023-W17,BTH,Bình Thạnh,2023,4,86
2023-W17,CC,Củ Chi,2023,4,110
2023-W17,CG,Cần Giờ,2023,4,23
2023-W17,GV,Gò Vấp,2023,4,126
2023-W17,HM,Hóc Môn,2023,4,119
2023-W17,NB,Nhà Bè,2023,4,51
2023-W17,PN,Phú Nhuận,2023,4,25
2023-W17,Q1,Quận 1,2023,4,30
2023-W17,Q10,Quận 10,2023,4,25
2023-W17,Q11,Quận 11,2023,4,39
2023-W17,Q12,Quận 12,2023,4,132
2023-W17,Q3,Quận 3,2023,4,20
2023-W17,Q4,Quận 4,2023,4,22
2023-W17,Q5,Quận 5,2023,4,33
2023-W17,Q6,Quận 6,2023,4,36
2023-W17,Q7,Quận 7,2023,4,62
2023-W17,Q8,Quận 8,2023,4,79
2023-W17,TB,Tân Bình,2023,4,92
2023-W17,TD,Thủ Đức,2023,4,287
2023-W17,TP,Tân Phú,2023,4,98
2023-W18,BC,Bình Chánh,2023,4,212
2023-W18,BT,Bình Tân,2023,4,184
2023-W18,BTH,Bình Thạnh,2023,4,97
2023-W18,CC,Củ Chi,2023,4,112
2023-W18,CG,Cần Giờ,2023,4,9
2023-W18,GV,Gò Vấp,2023,4,147
2023-W18,HM,Hóc Môn,2023,4,118
2023-W18,NB,Nhà Bè,2023,4,56
2023-W18,PN,Phú Nhuận,2023,4,22
2023-W18,Q1,Quận 1,2023,4,22
2023-W18,Q10,Quận 10,2023,4,35
2023-W18,Q11,Quận 11,2023,4,39
2023-W18,Q12,Quận 12,2023,4,137
2023-W18,Q3,Quận 3,2023,4,23
2023-W18,Q4,Quận 4,2023,4,43
2023-W18,Q5,Quận 5,2023,4,16
2023-W18,Q6,Quận 6,2023,4,49
2023-W18,Q7,Quận 7,2023,4,72
2023-W18,Q8,Quận 8,2023,4,70
2023-W18,TB,Tân Bình,2023,4,113
2023-W18,TD,Thủ Đức,2023,4,268
2023-W18,TP,Tân Phú,2023,4,95
2023-W19,BC,Bình Chánh,2023,5,237
2023-W19,BT,Bình Tân,2023,5,194
2023-W19,BTH,Bình Thạnh,2023,5,95
2023-W19,CC,Củ Chi,2023,5,109
2023-W19,CG,Cần Giờ,2023,5,18
2023-W19,GV,Gò Vấp,2023,5,161
2023-W19,HM,Hóc Môn,2023,5,126
2023-W19,NB,Nhà Bè,2023,5,38
2023-W19,PN,Phú Nhuận,2023,5,16
2023-W19,Q1,Quận 1,2023,5,28
2023-W19,Q10,Quận 10,2023,5,26
2023-W19,Q11,Quận 11,2023,5,39
2023-W19,Q12,Quận 12,2023,5,140
2023-W19,Q3,Quận 3,2023,5,25
2023-W19,Q4,Quận 4,2023,5,36
2023-W19,Q5,Quận 5,2023,5,25
2023-W19,Q6,Quận 6,2023,5,52
2023-W19,Q7,Quận 7,2023,5,62
2023-W19,Q8,Quận 8,2023,5,70
2023-W19,TB,Tân Bình,2023,5,87
2023-W19,TD,Thủ Đức,2023,5,262
2023-W19,TP,Tân Phú,2023,5,93
2023-W20,BC,Bình Chánh,2023,5,234
2023-W20,BT,Bình Tân,2023,5,191
2023-W20,BTH,Bình Thạnh,2023,5,106
2023-W20,CC,Củ Chi,2023,5,119
2023-W20,CG,Cần Giờ,2023,5,14
2023-W20,GV,Gò Vấp,2023,5,137
2023-W20,HM,Hóc Môn,2023,5,140
2023-W20,NB,Nhà Bè,2023,5,62
2023-W20,PN,Phú Nhuận,2023,5,24
2023-W20,Q1,Quận 1,2023,5,28
2023-W20,Q10,Quận 10,2023,5,37
2023-W20,Q11,Quận 11,2023,5,38
2023-W20,Q12,Quận 12,2023,5,124
2023-W20,Q3,Quận 3,2023,5,23
2023-W20,Q4,Quận 4,2023,5,35
2023-W20,Q5,Quận 5,2023,5,21
2023-W20,Q6,Quận 6,2023,5,40
2023-W20,Q7,Quận 7,2023,5,67
2023-W20,Q8,Quận 8,2023,5,59
2023-W20,TB,Tân Bình,2023,5,106
2023-W20,TD,Thủ Đức,2023,5,281
2023-W20,TP,Tân Phú,2023,5,90
2023-W21,BC,Bình Chánh,2023,5,235
2023-W21,BT,Bình Tân,2023,5,213
2023-W21,BTH,Bình Thạnh,2023,5,102
2023-W21,CC,Củ Chi,2023,5,111
2023-W21,CG,Cần Giờ,2023,5,25
2023-W21,GV,Gò Vấp,2023,5,146
2023-W21,HM,Hóc Môn,2023,5,153
2023-W21,NB,Nhà Bè,2023,5,53
2023-W21,PN,Phú Nhuận,2023,5,28
2023-W21,Q1,Quận 1,2023,5,30
2023-W21,Q10,Quận 10,2023,5,44
2023-W21,Q11,Quận 11,2023,5,50
2023-W21,Q12,Quận 12,2023,5,141
2023-W21,Q3,Quận 3,2023,5,22
2023-W21,Q4,Quận 4,2023,5,29
2023-W21,Q5,Quận 5,2023,5,31
2023-W21,Q6,Quận 6,2023,5,44
2023-W21,Q7,Quận 7,2023,5,74
2023-W21,Q8,Quận 8,2023,5,85
2023-W21,TB,Tân Bình,2023,5,100
2023-W21,TD,Thủ Đức,2023,5,322
2023-W21,TP,Tân Phú,2023,5,99
2023-W22,BC,Bình Chánh,2023,5,244
2023-W22,BT,Bình Tân,2023,5,184
2023-W22,BTH,Bình Thạnh,2023,5,108
2023-W22,CC,Củ Chi,2023,5,123
2023-W22,CG,Cần Giờ,2023,5,23
2023-W22,GV,Gò Vấp,2023,5,138
2023-W22,HM,Hóc Môn,2023,5,114
2023-W22,NB,Nhà Bè,2023,5,59
2023-W22,PN,Phú Nhuận,2023,5,24
2023-W22,Q1,Quận 1,2023,5,45
2023-W22,Q10,Quận 10,2023,5,44
2023-W22,Q11,Quận 11,2023,5,42
2023-W22,Q12,Quận 12,2023,5,154
2023-W22,Q3,Quận 3,2023,5,26
2023-W22,Q4,Quận 4,2023,5,41
2023-W22,Q5,Quận 5,2023,5,29
2023-W22,Q6,Quận 6,2023,5,46
2023-W22,Q7,Quận 7,2023,5,88
2023-W22,Q8,Quận 8,2023,5,95
2023-W22,TB,Tân Bình,2023,5,108
2023-W22,TD,Thủ Đức,2023,5,269
2023-W22,TP,Tân Phú,2023,5,107
2023-W23,BC,Bình Chánh,2023,6,269
2023-W23,BT,Bình Tân,2023,6,219
2023-W23,BTH,Bình Thạnh,2023,6,137
2023-W23,CC,Củ Chi,2023,6,134
2023-W23,CG,Cần Giờ,2023,6,26
2023-W23,GV,Gò Vấp,2023,6,165
2023-W23,HM,Hóc Môn,2023,6,174
2023-W23,NB,Nhà Bè,2023,6,63
2023-W23,PN,Phú Nhuận,2023,6,21
2023-W23,Q1,Quận 1,2023,6,31
2023-W23,Q10,Quận 10,2023,6,29
2023-W23,Q11,Quận 11,2023,6,30
2023-W23,Q12,Quận 12,2023,6,131
2023-W23,Q3,Quận 3,2023,6,27
2023-W23,Q4,Quận 4,2023,6,31
2023-W23,Q5,Quận 5,2023,6,48
2023-W23,Q6,Quận 6,2023,6,43
2023-W23,Q7,Quận 7,2023,6,92
2023-W23,Q8,Quận 8,2023,6,66
2023-W23,TB,Tân Bình,2023,6,114
2023-W23,TD,Thủ Đức,2023,6,331
2023-W23,TP,Tân Phú,2023,6,103
2023-W24,BC,Bình Chánh,2023,6,256
2023-W24,BT,Bình Tân,2023,6,209
2023-W24,BTH,Bình Thạnh,2023,6,114
2023-W24,CC,Củ Chi,2023,6,148
2023-W24,CG,Cần Giờ,2023,6,12
2023-W24,GV,Gò Vấp,2023,6,152
2023-W24,HM,Hóc Môn,2023,6,135
2023-W24,NB,Nhà Bè,2023,6,58
2023-W24,PN,Phú Nhuận,2023,6,17
2023-W24,Q1,Quận 1,2023,6,38
2023-W24,Q10,Quận 10,2023,6,36
2023-W24,Q11,Quận 11,2023,6,39
2023-W24,Q12,Quận 12,2023,6,156
2023-W24,Q3,Quận 3,2023,6,26
2023-W24,Q4,Quận 4,2023,6,45
2023-W24,Q5,Quận 5,2023,6,24
2023-W24,Q6,Quận 6,2023,6,48
2023-W24,Q7,Quận 7,2023,6,84
2023-W24,Q8,Quận 8,2023,6,96
2023-W24,TB,Tân Bình,2023,6,120
2023-W24,TD,Thủ Đức,2023,6,333
2023-W24,TP,Tân Phú,2023,6,106
2023-W25,BC,Bình Chánh,2023,6,285
2023-W25,BT,Bình Tân,2023,6,235
2023-W25,BTH,Bình Thạnh,2023,6,119
2023-W25,CC,Củ Chi,2023,6,146
2023-W25,CG,Cần Giờ,2023,6,27
2023-W25,GV,Gò Vấp,2023,6,175
2023-W25,HM,Hóc Môn,2023,6,176
2023-W25,NB,Nhà Bè,2023,6,63
2023-W25,PN,Phú Nhuận,2023,6,25
2023-W25,Q1,Quận 1,2023,6,32
2023-W25,Q10,Quận 10,2023,6,45
2023-W25,Q11,Quận 11,2023,6,56
2023-W25,Q12,Quận 12,2023,6,174
2023-W25,Q3,Quận 3,2023,6,31
2023-W25,Q4,Quận 4,2023,6,47
2023-W25,Q5,Quận 5,2023,6,28
2023-W25,Q6,Quận 6,2023,6,58
2023-W25,Q7,Quận 7,2023,6,93
2023-W25,Q8,Quận 8,2023,6,98
2023-W25,TB,Tân Bình,2023,6,114
2023-W25,TD,Thủ Đức,2023,6,360
2023-W25,TP,Tân Phú,2023,6,119
2023-W26,BC,Bình Chánh,2023,6,283
2023-W26,BT,Bình Tân,2023,6,248
2023-W26,BTH,Bình Thạnh,2023,6,133
2023-W26,CC,Củ Chi,2023,6,134
2023-W26,CG,Cần Giờ,2023,6,26
2023-W26,GV,Gò Vấp,2023,6,158
2023-W26,HM,Hóc Môn,2023,6,181
2023-W26,NB,Nhà Bè,2023,6,72
2023-W26,PN,Phú Nhuận,2023,6,27
2023-W26,Q1,Quận 1,2023,6,33
2023-W26,Q10,Quận 10,2023,6,34
2023-W26,Q11,Quận 11,2023,6,48
2023-W26,Q12,Quận 12,2023,6,167
2023-W26,Q3,Quận 3,2023,6,24
2023-W26,Q4,Quận 4,2023,6,60
2023-W26,Q5,Quận 5,2023,6,41
2023-W26,Q6,Quận 6,2023,6,56
2023-W26,Q7,Quận 7,2023,6,67
2023-W26,Q8,Quận 8,2023,6,99
2023-W26,TB,Tân Bình,2023,6,142
2023-W26,TD,Thủ Đức,2023,6,350
2023-W26,TP,Tân Phú,2023,6,107
2023-W27,BC,Bình Chánh,2023,7,306
2023-W27,BT,Bình Tân,2023,7,257
2023-W27,BTH,Bình Thạnh,2023,7,124
2023-W27,CC,Củ Chi,2023,7,155
2023-W27,CG,Cần Giờ,2023,7,21
2023-W27,GV,Gò Vấp,2023,7,184
2023-W27,HM,Hóc Môn,2023,7,180
2023-W27,NB,Nhà Bè,2023,7,72
2023-W27,PN,Phú Nhuận,2023,7,25
2023-W27,Q1,Quận 1,2023,7,28
2023-W27,Q10,Quận 10,2023,7,51
2023-W27,Q11,Quận 11,2023,7,36
2023-W27,Q12,Quận 12,2023,7,180
2023-W27,Q3,Quận 3,2023,7,21
2023-W27,Q4,Quận 4,2023,7,48
2023-W27,Q5,Quận 5,2023,7,30
2023-W27,Q6,Quận 6,2023,7,57
2023-W27,Q7,Quận 7,2023,7,110
2023-W27,Q8,Quận 8,2023,7,100
2023-W27,TB,Tân Bình,2023,7,129
2023-W27,TD,Thủ Đức,2023,7,358
2023-W27,TP,Tân Phú,2023,7,128
2023-W28,BC,Bình Chánh,2023,7,295
2023-W28,BT,Bình Tân,2023,7,247
2023-W28,BTH,Bình Thạnh,2023,7,137
2023-W28,CC,Củ Chi,2023,7,150
2023-W28,CG,Cần Giờ,2023,7,23
2023-W28,GV,Gò Vấp,2023,7,193
2023-W28,HM,Hóc Môn,2023,7,159
2023-W28,NB,Nhà Bè,2023,7,59
2023-W28,PN,Phú Nhuận,2023,7,32
2023-W28,Q1,Quận 1,2023,7,38
2023-W28,Q10,Quận 10,2023,7,44
2023-W28,Q11,Quận 11,2023,7,47
2023-W28,Q12,Quận 12,2023,7,192
2023-W28,Q3,Quận 3,2023,7,22
2023-W28,Q4,Quận 4,2023,7,35
2023-W28,Q5,Quận 5,2023,7,37
2023-W28,Q6,Quận 6,2023,7,45
2023-W28,Q7,Quận 7,2023,7,76
2023-W28,Q8,Quận 8,2023,7,104
2023-W28,TB,Tân Bình,2023,7,136
2023-W28,TD,Thủ Đức,2023,7,395
2023-W28,TP,Tân Phú,2023,7,100
2023-W29,BC,Bình Chánh,2023,7,302
2023-W29,BT,Bình Tân,2023,7,280
2023-W29,BTH,Bình Thạnh,2023,7,141
2023-W29,CC,Củ Chi,2023,7,157
2023-W29,CG,Cần Giờ,2023,7,24
2023-W29,GV,Gò Vấp,2023,7,199
2023-W29,HM,Hóc Môn,2023,7,175
2023-W29,NB,Nhà Bè,2023,7,55
2023-W29,PN,Phú Nhuận,2023,7,33
2023-W29,Q1,Quận 1,2023,7,43
2023-W29,Q10,Quận 10,2023,7,48
2023-W29,Q11,Quận 11,2023,7,47
2023-W29,Q12,Quận 12,2023,7,170
2023-W29,Q3,Quận 3,2023,7,28
2023-W29,Q4,Quận 4,2023,7,43
2023-W29,Q5,Quận 5,2023,7,29
2023-W29,Q6,Quận 6,2023,7,56
2023-W29,Q7,Quận 7,2023,7,79
2023-W29,Q8,Quận 8,2023,7,103
2023-W29,TB,Tân Bình,2023,7,140
2023-W29,TD,Thủ Đức,2023,7,403
2023-W29,TP,Tân Phú,2023,7,136
2023-W30,BC,Bình Chánh,2023,7,299
2023-W30,BT,Bình Tân,2023,7,267
2023-W30,BTH,Bình Thạnh,2023,7,138
2023-W30,CC,Củ Chi,2023,7,147
2023-W30,CG,Cần Giờ,2023,7,20
2023-W30,GV,Gò Vấp,2023,7,182
2023-W30,HM,Hóc Môn,2023,7,187
2023-W30,NB,Nhà Bè,2023,7,85
2023-W30,PN,Phú Nhuận,2023,7,28
2023-W30,Q1,Quận 1,2023,7,41
2023-W30,Q10,Quận 10,2023,7,45
2023-W30,Q11,Quận 11,2023,7,48
2023-W30,Q12,Quận 12,2023,7,168
2023-W30,Q3,Quận 3,2023,7,29
2023-W30,Q4,Quận 4,2023,7,53
2023-W30,Q5,Quận 5,2023,7,44
2023-W30,Q6,Quận 6,2023,7,60
2023-W30,Q7,Quận 7,2023,7,105
2023-W30,Q8,Quận 8,2023,7,101
2023-W30,TB,Tân Bình,2023,7,122
2023-W30,TD,Thủ Đức,2023,7,417
2023-W30,TP,Tân Phú,2023,7,171
2023-W31,BC,Bình Chánh,2023,7,321
2023-W31,BT,Bình Tân,2023,7,271
2023-W31,BTH,Bình Thạnh,2023,7,150
2023-W31,CC,Củ Chi,2023,7,156
2023-W31,CG,Cần Giờ,2023,7,19
2023-W31,GV,Gò Vấp,2023,7,197
2023-W31,HM,Hóc Môn,2023,7,184
2023-W31,NB,Nhà Bè,2023,7,78
2023-W31,PN,Phú Nhuận,2023,7,29
2023-W31,Q1,Quận 1,2023,7,40
2023-W31,Q10,Quận 10,2023,7,46
2023-W31,Q11,Quận 11,2023,7,58
2023-W31,Q12,Quận 12,2023,7,203
2023-W31,Q3,Quận 3,2023,7,36
2023-W31,Q4,Quận 4,2023,7,46
2023-W31,Q5,Quận 5,2023,7,38
2023-W31,Q6,Quận 6,2023,7,55
2023-W31,Q7,Quận 7,2023,7,98
2023-W31,Q8,Quận 8,2023,7,88
2023-W31,TB,Tân Bình,2023,7,150
2023-W31,TD,Thủ Đức,2023,7,377
2023-W31,TP,Tân Phú,2023,7,127
2023-W32,BC,Bình Chánh,2023,8,311
2023-W32,BT,Bình Tân,2023,8,256
2023-W32,BTH,Bình Thạnh,2023,8,119
2023-W32,CC,Củ Chi,2023,8,163
2023-W32,CG,Cần Giờ,2023,8,28
2023-W32,GV,Gò Vấp,2023,8,185
2023-W32,HM,Hóc Môn,2023,8,164
2023-W32,NB,Nhà Bè,2023,8,79
2023-W32,PN,Phú Nhuận,2023,8,39
2023-W32,Q1,Quận 1,2023,8,58
2023-W32,Q10,Quận 10,2023,8,35
2023-W32,Q11,Quận 11,2023,8,45
2023-W32,Q12,Quận 12,2023,8,198
2023-W32,Q3,Quận 3,2023,8,43
2023-W32,Q4,Quận 4,2023,8,44
2023-W32,Q5,Quận 5,2023,8,31
2023-W32,Q6,Quận 6,2023,8,52
2023-W32,Q7,Quận 7,2023,8,90
2023-W32,Q8,Quận 8,2023,8,135
2023-W32,TB,Tân Bình,2023,8,139
2023-W32,TD,Thủ Đức,2023,8,428
2023-W32,TP,Tân Phú,2023,8,119
2023-W33,BC,Bình Chánh,2023,8,330
2023-W33,BT,Bình Tân,2023,8,271
2023-W33,BTH,Bình Thạnh,2023,8,142
2023-W33,CC,Củ Chi,2023,8,162
2023-W33,CG,Cần Giờ,2023,8,30
2023-W33,GV,Gò Vấp,2023,8,193
2023-W33,HM,Hóc Môn,2023,8,179
2023-W33,NB,Nhà Bè,2023,8,82
2023-W33,PN,Phú Nhuận,2023,8,31
2023-W33,Q1,Quận 1,2023,8,30
2023-W33,Q10,Quận 10,2023,8,43
2023-W33,Q11,Quận 11,2023,8,46
2023-W33,Q12,Quận 12,2023,8,190
2023-W33,Q3,Quận 3,2023,8,26
2023-W33,Q4,Quận 4,2023,8,46
2023-W33,Q5,Quận 5,2023,8,37
2023-W33,Q6,Quận 6,2023,8,72
2023-W33,Q7,Quận 7,2023,8,111
2023-W33,Q8,Quận 8,2023,8,119
2023-W33,TB,Tân Bình,2023,8,142
2023-W33,TD,Thủ Đức,2023,8,434
2023-W33,TP,Tân Phú,2023,8,138
2023-W34,BC,Bình Chánh,2023,8,314
2023-W34,BT,Bình Tân,2023,8,261
2023-W34,BTH,Bình Thạnh,2023,8,155
2023-W34,CC,Củ Chi,2023,8,174
2023-W34,CG,Cần Giờ,2023,8,27
2023-W34,GV,Gò Vấp,2023,8,190
2023-W34,HM,Hóc Môn,2023,8,197
2023-W34,NB,Nhà Bè,2023,8,70
2023-W34,PN,Phú Nhuận,2023,8,37
2023-W34,Q1,Quận 1,2023,8,38
2023-W34,Q10,Quận 10,2023,8,47
2023-W34,Q11,Quận 11,2023,8,58
2023-W34,Q12,Quận 12,2023,8,195
2023-W34,Q3,Quận 3,2023,8,28
2023-W34,Q4,Quận 4,2023,8,52
2023-W34,Q5,Quận 5,2023,8,35
2023-W34,Q6,Quận 6,2023,8,64
2023-W34,Q7,Quận 7,2023,8,106
2023-W34,Q8,Quận 8,2023,8,116
2023-W34,TB,Tân Bình,2023,8,133
2023-W34,TD,Thủ Đức,2023,8,429
2023-W34,TP,Tân Phú,2023,8,123
2023-W35,BC,Bình Chánh,2023,8,339
2023-W35,BT,Bình Tân,2023,8,261
2023-W35,BTH,Bình Thạnh,2023,8,165
2023-W35,CC,Củ Chi,2023,8,184
2023-W35,CG,Cần Giờ,2023,8,36
2023-W35,GV,Gò Vấp,2023,8,209
2023-W35,HM,Hóc Môn,2023,8,186
2023-W35,NB,Nhà Bè,2023,8,71
2023-W35,PN,Phú Nhuận,2023,8,33
2023-W35,Q1,Quận 1,2023,8,41
2023-W35,Q10,Quận 10,2023,8,35
2023-W35,Q11,Quận 11,2023,8,45
2023-W35,Q12,Quận 12,2023,8,183
2023-W35,Q3,Quận 3,2023,8,30
2023-W35,Q4,Quận 4,2023,8,53
2023-W35,Q5,Quận 5,2023,8,51
2023-W35,Q6,Quận 6,2023,8,55
2023-W35,Q7,Quận 7,2023,8,98
2023-W35,Q8,Quận 8,2023,8,119
2023-W35,TB,Tân Bình,2023,8,154
2023-W35,TD,Thủ Đức,2023,8,410
2023-W35,TP,Tân Phú,2023,8,159
2023-W36,BC,Bình Chánh,2023,9,323
2023-W36,BT,Bình Tân,2023,9,256
2023-W36,BTH,Bình Thạnh,2023,9,149
2023-W36,CC,Củ Chi,2023,9,181
2023-W36,CG,Cần Giờ,2023,9,24
2023-W36,GV,Gò Vấp,2023,9,202
2023-W36,HM,Hóc Môn,2023,9,222
2023-W36,NB,Nhà Bè,2023,9,86
2023-W36,PN,Phú Nhuận,2023,9,30
2023-W36,Q1,Quận 1,2023,9,46
2023-W36,Q10,Quận 10,2023,9,48
2023-W36,Q11,Quận 11,2023,9,53
2023-W36,Q12,Quận 12,2023,9,192
2023-W36,Q3,Quận 3,2023,9,36
2023-W36,Q4,Quận 4,2023,9,48
2023-W36,Q5,Quận 5,2023,9,33
2023-W36,Q6,Quận 6,2023,9,77
2023-W36,Q7,Quận 7,2023,9,111
2023-W36,Q8,Quận 8,2023,9,139
2023-W36,TB,Tân Bình,2023,9,140
2023-W36,TD,Thủ Đức,2023,9,410
2023-W36,TP,Tân Phú,2023,9,141
2023-W37,BC,Bình Chánh,2023,9,353
2023-W37,BT,Bình Tân,2023,9,265
2023-W37,BTH,Bình Thạnh,2023,9,163
2023-W37,CC,Củ Chi,2023,9,197
2023-W37,CG,Cần Giờ,2023,9,22
2023-W37,GV,Gò Vấp,2023,9,197
2023-W37,HM,Hóc Môn,2023,9,200
2023-W37,NB,Nhà Bè,2023,9,65
2023-W37,PN,Phú Nhuận,2023,9,29
2023-W37,Q1,Quận 1,2023,9,47
2023-W37,Q10,Quận 10,2023,9,60
2023-W37,Q11,Quận 11,2023,9,62
2023-W37,Q12,Quận 12,2023,9,202
2023-W37,Q3,Quận 3,2023,9,35
2023-W37,Q4,Quận 4,2023,9,59
2023-W37,Q5,Quận 5,2023,9,38
2023-W37,Q6,Quận 6,2023,9,61
2023-W37,Q7,Quận 7,2023,9,110
2023-W37,Q8,Quận 8,2023,9,102
2023-W37,TB,Tân Bình,2023,9,145
2023-W37,TD,Thủ Đức,2023,9,445
2023-W37,TP,Tân Phú,2023,9,140
2023-W38,BC,Bình Chánh,2023,9,304
2023-W38,BT,Bình Tân,2023,9,280
2023-W38,BTH,Bình Thạnh,2023,9,141
2023-W38,CC,Củ Chi,2023,9,164
2023-W38,CG,Cần Giờ,2023,9,32
2023-W38,GV,Gò Vấp,2023,9,210
2023-W38,HM,Hóc Môn,2023,9,182
2023-W38,NB,Nhà Bè,2023,9,95
2023-W38,PN,Phú Nhuận,2023,9,36
2023-W38,Q1,Quận 1,2023,9,34
2023-W38,Q10,Quận 10,2023,9,43
2023-W38,Q11,Quận 11,2023,9,49
2023-W38,Q12,Quận 12,2023,9,189
2023-W38,Q3,Quận 3,2023,9,31
2023-W38,Q4,Quận 4,2023,9,43
2023-W38,Q5,Quận 5,2023,9,41
2023-W38,Q6,Quận 6,2023,9,61
2023-W38,Q7,Quận 7,2023,9,106
2023-W38,Q8,Quận 8,2023,9,123
2023-W38,TB,Tân Bình,2023,9,140
2023-W38,TD,Thủ Đức,2023,9,419
2023-W38,TP,Tân Phú,2023,9,131
2023-W39,BC,Bình Chánh,2023,9,323
2023-W39,BT,Bình Tân,2023,9,260
2023-W39,BTH,Bình Thạnh,2023,9,133
2023-W39,CC,Củ Chi,2023,9,186
2023-W39,CG,Cần Giờ,2023,9,23
2023-W39,GV,Gò Vấp,2023,9,209
2023-W39,HM,Hóc Môn,2023,9,170
2023-W39,NB,Nhà Bè,2023,9,74
2023-W39,PN,Phú Nhuận,2023,9,31
2023-W39,Q1,Quận 1,2023,9,39
2023-W39,Q10,Quận 10,2023,9,49
2023-W39,Q11,Quận 11,2023,9,45
2023-W39,Q12,Quận 12,2023,9,175
2023-W39,Q3,Quận 3,2023,9,29
2023-W39,Q4,Quận 4,2023,9,45
2023-W39,Q5,Quận 5,2023,9,41
2023-W39,Q6,Quận 6,2023,9,68
2023-W39,Q7,Quận 7,2023,9,108
2023-W39,Q8,Quận 8,2023,9,116
2023-W39,TB,Tân Bình,2023,9,131
2023-W39,TD,Thủ Đức,2023,9,396
2023-W39,TP,Tân Phú,2023,9,132
2023-W40,BC,Bình Chánh,2023,10,286
2023-W40,BT,Bình Tân,2023,10,265
2023-W40,BTH,Bình Thạnh,2023,10,138
2023-W40,CC,Củ Chi,2023,10,136
2023-W40,CG,Cần Giờ,2023,10,27
2023-W40,GV,Gò Vấp,2023,10,187
2023-W40,HM,Hóc Môn,2023,10,170
2023-W40,NB,Nhà Bè,2023,10,62
2023-W40,PN,Phú Nhuận,2023,10,23
2023-W40,Q1,Quận 1,2023,10,51
2023-W40,Q10,Quận 10,2023,10,51
2023-W40,Q11,Quận 11,2023,10,45
2023-W40,Q12,Quận 12,2023,10,170
2023-W40,Q3,Quận 3,2023,10,39
2023-W40,Q4,Quận 4,2023,10,57
2023-W40,Q5,Quận 5,2023,10,33
2023-W40,Q6,Quận 6,2023,10,58
2023-W40,Q7,Quận 7,2023,10,95
2023-W40,Q8,Quận 8,2023,10,114
2023-W40,TB,Tân Bình,2023,10,131
2023-W40,TD,Thủ Đức,2023,10,412
2023-W40,TP,Tân Phú,2023,10,146
2023-W41,BC,Bình Chánh,2023,10,315
2023-W41,BT,Bình Tân,2023,10,251
2023-W41,BTH,Bình Thạnh,2023,10,108
2023-W41,CC,Củ Chi,2023,10,145
2023-W41,CG,Cần Giờ,2023,10,24
2023-W41,GV,Gò Vấp,2023,10,221
2023-W41,HM,Hóc Môn,2023,10,192
2023-W41,NB,Nhà Bè,2023,10,80
2023-W41,PN,Phú Nhuận,2023,10,32
2023-W41,Q1,Quận 1,2023,10,50
2023-W41,Q10,Quận 10,2023,10,45
2023-W41,Q11,Quận 11,2023,10,36
2023-W41,Q12,Quận 12,2023,10,173
2023-W41,Q3,Quận 3,2023,10,27
2023-W41,Q4,Quận 4,2023,10,48
2023-W41,Q5,Quận 5,2023,10,34
2023-W41,Q6,Quận 6,2023,10,52
2023-W41,Q7,Quận 7,2023,10,86
2023-W41,Q8,Quận 8,2023,10,108
2023-W41,TB,Tân Bình,2023,10,130
2023-W41,TD,Thủ Đức,2023,10,414
2023-W41,TP,Tân Phú,2023,10,121
2023-W42,BC,Bình Chánh,2023,10,279
2023-W42,BT,Bình Tân,2023,10,242
2023-W42,BTH,Bình Thạnh,2023,10,128
2023-W42,CC,Củ Chi,2023,10,150
2023-W42,CG,Cần Giờ,2023,10,27
2023-W42,GV,Gò Vấp,2023,10,169
2023-W42,HM,Hóc Môn,2023,10,155
2023-W42,NB,Nhà Bè,2023,10,59
2023-W42,PN,Phú Nhuận,2023,10,38
2023-W42,Q1,Quận 1,2023,10,56
2023-W42,Q10,Quận 10,2023,10,46
2023-W42,Q11,Quận 11,2023,10,58
2023-W42,Q12,Quận 12,2023,10,177
2023-W42,Q3,Quận 3,2023,10,26
2023-W42,Q4,Quận 4,2023,10,50
2023-W42,Q5,Quận 5,2023,10,37
2023-W42,Q6,Quận 6,2023,10,40
2023-W42,Q7,Quận 7,2023,10,89
2023-W42,Q8,Quận 8,2023,10,100
2023-W42,TB,Tân Bình,2023,10,161
2023-W42,TD,Thủ Đức,2023,10,416
2023-W42,TP,Tân Phú,2023,10,128
2023-W43,BC,Bình Chánh,2023,10,309
2023-W43,BT,Bình Tân,2023,10,235
2023-W43,BTH,Bình Thạnh,2023,10,144
2023-W43,CC,Củ Chi,2023,10,161
2023-W43,CG,Cần Giờ,2023,10,27
2023-W43,GV,Gò Vấp,2023,10,176
2023-W43,HM,Hóc Môn,2023,10,167
2023-W43,NB,Nhà Bè,2023,10,67
2023-W43,PN,Phú Nhuận,2023,10,26
2023-W43,Q1,Quận 1,2023,10,31
2023-W43,Q10,Quận 10,2023,10,41
2023-W43,Q11,Quận 11,2023,10,42
2023-W43,Q12,Quận 12,2023,10,170
2023-W43,Q3,Quận 3,2023,10,41
2023-W43,Q4,Quận 4,2023,10,43
2023-W43,Q5,Quận 5,2023,10,35
2023-W43,Q6,Quận 6,2023,10,50
2023-W43,Q7,Quận 7,2023,10,74
2023-W43,Q8,Quận 8,2023,10,104
2023-W43,TB,Tân Bình,2023,10,129
2023-W43,TD,Thủ Đức,2023,10,387
2023-W43,TP,Tân Phú,2023,10,132
2023-W44,BC,Bình Chánh,2023,10,278
2023-W44,BT,Bình Tân,2023,10,214
2023-W44,BTH,Bình Thạnh,2023,10,138
2023-W44,CC,Củ Chi,2023,10,159
2023-W44,CG,Cần Giờ,2023,10,22
2023-W44,GV,Gò Vấp,2023,10,192
2023-W44,HM,Hóc Môn,2023,10,177
2023-W44,NB,Nhà Bè,2023,10,58
2023-W44,PN,Phú Nhuận,2023,10,21
2023-W44,Q1,Quận 1,2023,10,37
2023-W44,Q10,Quận 10,2023,10,33
2023-W44,Q11,Quận 11,2023,10,28
2023-W44,Q12,Quận 12,2023,10,168
2023-W44,Q3,Quận 3,2023,10,30
2023-W44,Q4,Quận 4,2023,10,57
2023-W44,Q5,Quận 5,2023,10,44
2023-W44,Q6,Quận 6,2023,10,49
2023-W44,Q7,Quận 7,2023,10,91
2023-W44,Q8,Quận 8,2023,10,91
2023-W44,TB,Tân Bình,2023,10,126
2023-W44,TD,Thủ Đức,2023,10,368
2023-W44,TP,Tân Phú,2023,10,108
2023-W45,BC,Bình Chánh,2023,11,288
2023-W45,BT,Bình Tân,2023,11,240
2023-W45,BTH,Bình Thạnh,2023,11,111
2023-W45,CC,Củ Chi,2023,11,139
2023-W45,CG,Cần Giờ,2023,11,25
2023-W45,GV,Gò Vấp,2023,11,163
2023-W45,HM,Hóc Môn,2023,11,148
2023-W45,NB,Nhà Bè,2023,11,56
2023-W45,PN,Phú Nhuận,2023,11,25
2023-W45,Q1,Quận 1,2023,11,34
2023-W45,Q10,Quận 10,2023,11,39
2023-W45,Q11,Quận 11,2023,11,56
2023-W45,Q12,Quận 12,2023,11,160
2023-W45,Q3,Quận 3,2023,11,30
2023-W45,Q4,Quận 4,2023,11,40
2023-W45,Q5,Quận 5,2023,11,42
2023-W45,Q6,Quận 6,2023,11,54
2023-W45,Q7,Quận 7,2023,11,81
2023-W45,Q8,Quận 8,2023,11,96
2023-W45,TB,Tân Bình,2023,11,119
2023-W45,TD,Thủ Đức,2023,11,371
2023-W45,TP,Tân Phú,2023,11,97
2023-W46,BC,Bình Chánh,2023,11,251
2023-W46,BT,Bình Tân,2023,11,232
2023-W46,BTH,Bình Thạnh,2023,11,121
2023-W46,CC,Củ Chi,2023,11,148
2023-W46,CG,Cần Giờ,2023,11,10
2023-W46,GV,Gò Vấp,2023,11,133
2023-W46,HM,Hóc Môn,2023,11,169
2023-W46,NB,Nhà Bè,2023,11,60
2023-W46,PN,Phú Nhuận,2023,11,25
2023-W46,Q1,Quận 1,2023,11,35
2023-W46,Q10,Quận 10,2023,11,33
2023-W46,Q11,Quận 11,2023,11,40
2023-W46,Q12,Quận 12,2023,11,158
2023-W46,Q3,Quận 3,2023,11,22
2023-W46,Q4,Quận 4,2023,11,39
2023-W46,Q5,Quận 5,2023,11,35
2023-W46,Q6,Quận 6,2023,11,47
2023-W46,Q7,Quận 7,2023,11,60
2023-W46,Q8,Quận 8,2023,11,106
2023-W46,TB,Tân Bình,2023,11,117
2023-W46,TD,Thủ Đức,2023,11,341
2023-W46,TP,Tân Phú,2023,11,108
2023-W47,BC,Bình Chánh,2023,11,234
2023-W47,BT,Bình Tân,2023,11,252
2023-W47,BTH,Bình Thạnh,2023,11,117
2023-W47,CC,Củ Chi,2023,11,133
2023-W47,CG,Cần Giờ,2023,11,23
2023-W47,GV,Gò Vấp,2023,11,154
2023-W47,HM,Hóc Môn,2023,11,155
2023-W47,NB,Nhà Bè,2023,11,63
2023-W47,PN,Phú Nhuận,2023,11,22
2023-W47,Q1,Quận 1,2023,11,42
2023-W47,Q10,Quận 10,2023,11,38
2023-W47,Q11,Quận 11,2023,11,34
2023-W47,Q12,Quận 12,2023,11,149
2023-W47,Q3,Quận 3,2023,11,26
2023-W47,Q4,Quận 4,2023,11,35
2023-W47,Q5,Quận 5,2023,11,25
2023-W47,Q6,Quận 6,2023,11,42
2023-W47,Q7,Quận 7,2023,11,74
2023-W47,Q8,Quận 8,2023,11,85
2023-W47,TB,Tân Bình,2023,11,126
2023-W47,TD,Thủ Đức,2023,11,320
2023-W47,TP,Tân Phú,2023,11,110
2023-W48,BC,Bình Chánh,2023,11,258
2023-W48,BT,Bình Tân,2023,11,233
2023-W48,BTH,Bình Thạnh,2023,11,105
2023-W48,CC,Củ Chi,2023,11,134
2023-W48,CG,Cần Giờ,2023,11,17
2023-W48,GV,Gò Vấp,2023,11,148
2023-W48,HM,Hóc Môn,2023,11,149
2023-W48,NB,Nhà Bè,2023,11,65
2023-W48,PN,Phú Nhuận,2023,11,30
2023-W48,Q1,Quận 1,2023,11,44
2023-W48,Q10,Quận 10,2023,11,31
2023-W48,Q11,Quận 11,2023,11,37
2023-W48,Q12,Quận 12,2023,11,142
2023-W48,Q3,Quận 3,2023,11,19
2023-W48,Q4,Quận 4,2023,11,33
2023-W48,Q5,Quận 5,2023,11,23
2023-W48,Q6,Quận 6,2023,11,45
2023-W48,Q7,Quận 7,2023,11,76
2023-W48,Q8,Quận 8,2023,11,73
2023-W48,TB,Tân Bình,2023,11,113
2023-W48,TD,Thủ Đức,2023,11,315
2023-W48,TP,Tân Phú,2023,11,111
2023-W49,BC,Bình Chánh,2023,12,250
2023-W49,BT,Bình Tân,2023,12,161
2023-W49,BTH,Bình Thạnh,2023,12,107
2023-W49,CC,Củ Chi,2023,12,132
2023-W49,CG,Cần Giờ,2023,12,23
2023-W49,GV,Gò Vấp,2023,12,146
2023-W49,HM,Hóc Môn,2023,12,136
2023-W49,NB,Nhà Bè,2023,12,60
2023-W49,PN,Phú Nhuận,2023,12,29
2023-W49,Q1,Quận 1,2023,12,20
2023-W49,Q10,Quận 10,2023,12,31
2023-W49,Q11,Quận 11,2023,12,32
2023-W49,Q12,Quận 12,2023,12,141
2023-W49,Q3,Quận 3,2023,12,20
2023-W49,Q4,Quận 4,2023,12,43
2023-W49,Q5,Quận 5,2023,12,22
2023-W49,Q6,Quận 6,2023,12,41
2023-W49,Q7,Quận 7,2023,12,70
2023-W49,Q8,Quận 8,2023,12,71
2023-W49,TB,Tân Bình,2023,12,125
2023-W49,TD,Thủ Đức,2023,12,302
2023-W49,TP,Tân Phú,2023,12,91
2023-W50,BC,Bình Chánh,2023,12,209
2023-W50,BT,Bình Tân,2023,12,182
2023-W50,BTH,Bình Thạnh,2023,12,77
2023-W50,CC,Củ Chi,2023,12,117
2023-W50,CG,Cần Giờ,2023,12,23
2023-W50,GV,Gò Vấp,2023,12,140
2023-W50,HM,Hóc Môn,2023,12,145
2023-W50,NB,Nhà Bè,2023,12,52
2023-W50,PN,Phú Nhuận,2023,12,22
2023-W50,Q1,Quận 1,2023,12,27
2023-W50,Q10,Quận 10,2023,12,32
2023-W50,Q11,Quận 11,2023,12,33
2023-W50,Q12,Quận 12,2023,12,121
2023-W50,Q3,Quận 3,2023,12,19
2023-W50,Q4,Quận 4,2023,12,22
2023-W50,Q5,Quận 5,2023,12,18
2023-W50,Q6,Quận 6,2023,12,43
2023-W50,Q7,Quận 7,2023,12,62
2023-W50,Q8,Quận 8,2023,12,64
2023-W50,TB,Tân Bình,2023,12,96
2023-W50,TD,Thủ Đức,2023,12,267
2023-W50,TP,Tân Phú,2023,12,114
2023-W51,BC,Bình Chánh,2023,12,265
2023-W51,BT,Bình Tân,2023,12,183
2023-W51,BTH,Bình Thạnh,2023,12,93
2023-W51,CC,Củ Chi,2023,12,127
2023-W51,CG,Cần Giờ,2023,12,19
2023-W51,GV,Gò Vấp,2023,12,141
2023-W51,HM,Hóc Môn,2023,12,132
2023-W51,NB,Nhà Bè,2023,12,55
2023-W51,PN,Phú Nhuận,2023,12,25
2023-W51,Q1,Quận 1,2023,12,27
2023-W51,Q10,Quận 10,2023,12,30
2023-W51,Q11,Quận 11,2023,12,35
2023-W51,Q12,Quận 12,2023,12,133
2023-W51,Q3,Quận 3,2023,12,26
2023-W51,Q4,Quận 4,2023,12,28
2023-W51,Q5,Quận 5,2023,12,22
2023-W51,Q6,Quận 6,2023,12,46
2023-W51,Q7,Quận 7,2023,12,65
2023-W51,Q8,Quận 8,2023,12,78
2023-W51,TB,Tân Bình,2023,12,85
2023-W51,TD,Thủ Đức,2023,12,296
2023-W51,TP,Tân Phú,2023,12,108
2023-W52,BC,Bình Chánh,2023,12,196
2023-W52,BT,Bình Tân,2023,12,176
2023-W52,BTH,Bình Thạnh,2023,12,121
2023-W52,CC,Củ Chi,2023,12,105
2023-W52,CG,Cần Giờ,2023,12,16
2023-W52,GV,Gò Vấp,2023,12,140
2023-W52,HM,Hóc Môn,2023,12,135
2023-W52,NB,Nhà Bè,2023,12,35
2023-W52,PN,Phú Nhuận,2023,12,19
2023-W52,Q1,Quận 1,2023,12,27
2023-W52,Q10,Quận 10,2023,12,24
2023-W52,Q11,Quận 11,2023,12,34
2023-W52,Q12,Quận 12,2023,12,133
2023-W52,Q3,Quận 3,2023,12,22
2023-W52,Q4,Quận 4,2023,12,35
2023-W52,Q5,Quận 5,2023,12,27
2023-W52,Q6,Quận 6,2023,12,41
2023-W52,Q7,Quận 7,2023,12,50
2023-W52,Q8,Quận 8,2023,12,70
2023-W52,TB,Tân Bình,2023,12,96
2023-W52,TD,Thủ Đức,2023,12,262
2023-W52,TP,Tân Phú,2023,12,86
2024-W01,BC,Bình Chánh,2024,1,163
2024-W01,BT,Bình Tân,2024,1,123
2024-W01,BTH,Bình Thạnh,2024,1,77
2024-W01,CC,Củ Chi,2024,1,72
2024-W01,CG,Cần Giờ,2024,1,6
2024-W01,GV,Gò Vấp,2024,1,106
2024-W01,HM,Hóc Môn,2024,1,95
2024-W01,NB,Nhà Bè,2024,1,24
2024-W01,PN,Phú Nhuận,2024,1,13
2024-W01,Q1,Quận 1,2024,1,23
2024-W01,Q10,Quận 10,2024,1,26
2024-W01,Q11,Quận 11,2024,1,24
2024-W01,Q12,Quận 12,2024,1,82
2024-W01,Q3,Quận 3,2024,1,10
2024-W01,Q4,Quận 4,2024,1,24
2024-W01,Q5,Quận 5,2024,1,18
2024-W01,Q6,Quận 6,2024,1,31
2024-W01,Q7,Quận 7,2024,1,47
2024-W01,Q8,Quận 8,2024,1,53
2024-W01,TB,Tân Bình,2024,1,60
2024-W01,TD,Thủ Đức,2024,1,197
2024-W01,TP,Tân Phú,2024,1,61
2024-W02,BC,Bình Chánh,2024,1,147
2024-W02,BT,Bình Tân,2024,1,143
2024-W02,BTH,Bình Thạnh,2024,1,57
2024-W02,CC,Củ Chi,2024,1,89
2024-W02,CG,Cần Giờ,2024,1,8
2024-W02,GV,Gò Vấp,2024,1,99
2024-W02,HM,Hóc Môn,2024,1,91
2024-W02,NB,Nhà Bè,2024,1,39
2024-W02,PN,Phú Nhuận,2024,1,14
2024-W02,Q1,Quận 1,2024,1,20
2024-W02,Q10,Quận 10,2024,1,24
2024-W02,Q11,Quận 11,2024,1,19
2024-W02,Q12,Quận 12,2024,1,79
2024-W02,Q3,Quận 3,2024,1,15
2024-W02,Q4,Quận 4,2024,1,16
2024-W02,Q5,Quận 5,2024,1,20
2024-W02,Q6,Quận 6,2024,1,22
2024-W02,Q7,Quận 7,2024,1,41
2024-W02,Q8,Quận 8,2024,1,47
2024-W02,TB,Tân Bình,2024,1,84
2024-W02,TD,Thủ Đức,2024,1,177
2024-W02,TP,Tân Phú,2024,1,75
2024-W03,BC,Bình Chánh,2024,1,147
2024-W03,BT,Bình Tân,2024,1,120
2024-W03,BTH,Bình Thạnh,2024,1,84
2024-W03,CC,Củ Chi,2024,1,110
2024-W03,CG,Cần Giờ,2024,1,15
2024-W03,GV,Gò Vấp,2024,1,106
2024-W03,HM,Hóc Môn,2024,1,94
2024-W03,NB,Nhà Bè,2024,1,46
2024-W03,PN,Phú Nhuận,2024,1,19
2024-W03,Q1,Quận 1,2024,1,19
2024-W03,Q10,Quận 10,2024,1,20
2024-W03,Q11,Quận 11,2024,1,34
2024-W03,Q12,Quận 12,2024,1,85
2024-W03,Q3,Quận 3,2024,1,13
2024-W03,Q4,Quận 4,2024,1,21
2024-W03,Q5,Quận 5,2024,1,20
2024-W03,Q6,Quận 6,2024,1,26
2024-W03,Q7,Quận 7,2024,1,37
2024-W03,Q8,Quận 8,2024,1,51
2024-W03,TB,Tân Bình,2024,1,53
2024-W03,TD,Thủ Đức,2024,1,194
2024-W03,TP,Tân Phú,2024,1,74
2024-W04,BC,Bình Chánh,2024,1,173
2024-W04,BT,Bình Tân,2024,1,130
2024-W04,BTH,Bình Thạnh,2024,1,57
2024-W04,CC,Củ Chi,2024,1,80
2024-W04,CG,Cần Giờ,2024,1,12
2024-W04,GV,Gò Vấp,2024,1,103
2024-W04,HM,Hóc Môn,2024,1,81
2024-W04,NB,Nhà Bè,2024,1,30
2024-W04,PN,Phú Nhuận,2024,1,16
2024-W04,Q1,Quận 1,2024,1,21
2024-W04,Q10,Quận 10,2024,1,19
2024-W04,Q11,Quận 11,2024,1,26
2024-W04,Q12,Quận 12,2024,1,94
2024-W04,Q3,Quận 3,2024,1,18
2024-W04,Q4,Quận 4,2024,1,18
2024-W04,Q5,Quận 5,2024,1,12
2024-W04,Q6,Quận 6,2024,1,32
2024-W04,Q7,Quận 7,2024,1,39
2024-W04,Q8,Quận 8,2024,1,60
2024-W04,TB,Tân Bình,2024,1,70
2024-W04,TD,Thủ Đức,2024,1,168
2024-W04,TP,Tân Phú,2024,1,71
2024-W05,BC,Bình Chánh,2024,1,172
2024-W05,BT,Bình Tân,2024,1,133
2024-W05,BTH,Bình Thạnh,2024,1,90
2024-W05,CC,Củ Chi,2024,1,85
2024-W05,CG,Cần Giờ,2024,1,14
2024-W05,GV,Gò Vấp,2024,1,88
2024-W05,HM,Hóc Môn,2024,1,107
2024-W05,NB,Nhà Bè,2024,1,29
2024-W05,PN,Phú Nhuận,2024,1,15
2024-W05,Q1,Quận 1,2024,1,14
2024-W05,Q10,Quận 10,2024,1,17
2024-W05,Q11,Quận 11,2024,1,27
2024-W05,Q12,Quận 12,2024,1,98
2024-W05,Q3,Quận 3,2024,1,14
2024-W05,Q4,Quận 4,2024,1,20
2024-W05,Q5,Quận 5,2024,1,19
2024-W05,Q6,Quận 6,2024,1,39
2024-W05,Q7,Quận 7,2024,1,56
2024-W05,Q8,Quận 8,2024,1,56
2024-W05,TB,Tân Bình,2024,1,66
2024-W05,TD,Thủ Đức,2024,1,184
2024-W05,TP,Tân Phú,2024,1,70
2024-W06,BC,Bình Chánh,2024,2,137
2024-W06,BT,Bình Tân,2024,2,112
2024-W06,BTH,Bình Thạnh,2024,2,77
2024-W06,CC,Củ Chi,2024,2,71
2024-W06,CG,Cần Giờ,2024,2,8
2024-W06,GV,Gò Vấp,2024,2,106
2024-W06,HM,Hóc Môn,2024,2,95
2024-W06,NB,Nhà Bè,2024,2,40
2024-W06,PN,Phú Nhuận,2024,2,16
2024-W06,Q1,Quận 1,2024,2,26
2024-W06,Q10,Quận 10,2024,2,16
2024-W06,Q11,Quận 11,2024,2,21
2024-W06,Q12,Quận 12,2024,2,77
2024-W06,Q3,Quận 3,2024,2,21
2024-W06,Q4,Quận 4,2024,2,25
2024-W06,Q5,Quận 5,2024,2,17
2024-W06,Q6,Quận 6,2024,2,41
2024-W06,Q7,Quận 7,2024,2,55
2024-W06,Q8,Quận 8,2024,2,47
2024-W06,TB,Tân Bình,2024,2,62
2024-W06,TD,Thủ Đức,2024,2,188
2024-W06,TP,Tân Phú,2024,2,69
2024-W07,BC,Bình Chánh,2024,2,162
2024-W07,BT,Bình Tân,2024,2,142
2024-W07,BTH,Bình Thạnh,2024,2,74
2024-W07,CC,Củ Chi,2024,2,73
2024-W07,CG,Cần Giờ,2024,2,14
2024-W07,GV,Gò Vấp,2024,2,89
2024-W07,HM,Hóc Môn,2024,2,91
2024-W07,NB,Nhà Bè,2024,2,53
2024-W07,PN,Phú Nhuận,2024,2,12
2024-W07,Q1,Quận 1,2024,2,17
2024-W07,Q10,Quận 10,2024,2,20
2024-W07,Q11,Quận 11,2024,2,27
2024-W07,Q12,Quận 12,2024,2,101
2024-W07,Q3,Quận 3,2024,2,8
2024-W07,Q4,Quận 4,2024,2,17
2024-W07,Q5,Quận 5,2024,2,26
2024-W07,Q6,Quận 6,2024,2,36
2024-W07,Q7,Quận 7,2024,2,51
2024-W07,Q8,Quận 8,2024,2,45
2024-W07,TB,Tân Bình,2024,2,71
2024-W07,TD,Thủ Đức,2024,2,214
2024-W07,TP,Tân Phú,2024,2,63
2024-W08,BC,Bình Chánh,2024,2,171
2024-W08,BT,Bình Tân,2024,2,146
2024-W08,BTH,Bình Thạnh,2024,2,73
2024-W08,CC,Củ Chi,2024,2,66
2024-W08,CG,Cần Giờ,2024,2,12
2024-W08,GV,Gò Vấp,2024,2,110
2024-W08,HM,Hóc Môn,2024,2,83
2024-W08,NB,Nhà Bè,2024,2,33
2024-W08,PN,Phú Nhuận,2024,2,14
2024-W08,Q1,Quận 1,2024,2,14
2024-W08,Q10,Quận 10,2024,2,21
2024-W08,Q11,Quận 11,2024,2,28
2024-W08,Q12,Quận 12,2024,2,99
2024-W08,Q3,Quận 3,2024,2,19
2024-W08,Q4,Quận 4,2024,2,19
2024-W08,Q5,Quận 5,2024,2,20
2024-W08,Q6,Quận 6,2024,2,29
2024-W08,Q7,Quận 7,2024,2,56
2024-W08,Q8,Quận 8,2024,2,52
2024-W08,TB,Tân Bình,2024,2,61
2024-W08,TD,Thủ Đức,2024,2,203
2024-W08,TP,Tân Phú,2024,2,66
2024-W09,BC,Bình Chánh,2024,2,172
2024-W09,BT,Bình Tân,2024,2,139
2024-W09,BTH,Bình Thạnh,2024,2,70
2024-W09,CC,Củ Chi,2024,2,96
2024-W09,CG,Cần Giờ,2024,2,13
2024-W09,GV,Gò Vấp,2024,2,120
2024-W09,HM,Hóc Môn,2024,2,96
2024-W09,NB,Nhà Bè,2024,2,29
2024-W09,PN,Phú Nhuận,2024,2,9
2024-W09,Q1,Quận 1,2024,2,19
2024-W09,Q10,Quận 10,2024,2,18
2024-W09,Q11,Quận 11,2024,2,24
2024-W09,Q12,Quận 12,2024,2,99
2024-W09,Q3,Quận 3,2024,2,15
2024-W09,Q4,Quận 4,2024,2,20
2024-W09,Q5,Quận 5,2024,2,14
2024-W09,Q6,Quận 6,2024,2,26
2024-W09,Q7,Quận 7,2024,2,53
2024-W09,Q8,Quận 8,2024,2,56
2024-W09,TB,Tân Bình,2024,2,54
2024-W09,TD,Thủ Đức,2024,2,210
2024-W09,TP,Tân Phú,2024,2,65
2024-W10,BC,Bình Chánh,2024,3,151
2024-W10,BT,Bình Tân,2024,3,129
2024-W10,BTH,Bình Thạnh,2024,3,95
2024-W10,CC,Củ Chi,2024,3,86
2024-W10,CG,Cần Giờ,2024,3,12
2024-W10,GV,Gò Vấp,2024,3,86
2024-W10,HM,Hóc Môn,2024,3,102
2024-W10,NB,Nhà Bè,2024,3,34
2024-W10,PN,Phú Nhuận,2024,3,14
2024-W10,Q1,Quận 1,2024,3,19
2024-W10,Q10,Quận 10,2024,3,22
2024-W10,Q11,Quận 11,2024,3,33
2024-W10,Q12,Quận 12,2024,3,112
2024-W10,Q3,Quận 3,2024,3,19
2024-W10,Q4,Quận 4,2024,3,13
2024-W10,Q5,Quận 5,2024,3,19
2024-W10,Q6,Quận 6,2024,3,33
2024-W10,Q7,Quận 7,2024,3,65
2024-W10,Q8,Quận 8,2024,3,45
2024-W10,TB,Tân Bình,2024,3,71
2024-W10,TD,Thủ Đức,2024,3,202
2024-W10,TP,Tân Phú,2024,3,72
2024-W11,BC,Bình Chánh,2024,3,139
2024-W11,BT,Bình Tân,2024,3,134
2024-W11,BTH,Bình Thạnh,2024,3,72
2024-W11,CC,Củ Chi,2024,3,94
2024-W11,CG,Cần Giờ,2024,3,15
2024-W11,GV,Gò Vấp,2024,3,100
2024-W11,HM,Hóc Môn,2024,3,98
2024-W11,NB,Nhà Bè,2024,3,37
2024-W11,PN,Phú Nhuận,2024,3,10
2024-W11,Q1,Quận 1,2024,3,21
2024-W11,Q10,Quận 10,2024,3,21
2024-W11,Q11,Quận 11,2024,3,32
2024-W11,Q12,Quận 12,2024,3,79
2024-W11,Q3,Quận 3,2024,3,21
2024-W11,Q4,Quận 4,2024,3,27
2024-W11,Q5,Quận 5,2024,3,20
2024-W11,Q6,Quận 6,2024,3,36
2024-W11,Q7,Quận 7,2024,3,51
2024-W11,Q8,Quận 8,2024,3,45
2024-W11,TB,Tân Bình,2024,3,72
2024-W11,TD,Thủ Đức,2024,3,214
2024-W11,TP,Tân Phú,2024,3,67
2024-W12,BC,Bình Chánh,2024,3,146
2024-W12,BT,Bình Tân,2024,3,136
2024-W12,BTH,Bình Thạnh,2024,3,74
2024-W12,CC,Củ Chi,2024,3,82
2024-W12,CG,Cần Giờ,2024,3,18
2024-W12,GV,Gò Vấp,2024,3,112
2024-W12,HM,Hóc Môn,2024,3,93
2024-W12,NB,Nhà Bè,2024,3,38
2024-W12,PN,Phú Nhuận,2024,3,12
2024-W12,Q1,Quận 1,2024,3,21
2024-W12,Q10,Quận 10,2024,3,15
2024-W12,Q11,Quận 11,2024,3,37
2024-W12,Q12,Quận 12,2024,3,85
2024-W12,Q3,Quận 3,2024,3,13
2024-W12,Q4,Quận 4,2024,3,22
2024-W12,Q5,Quận 5,2024,3,20
2024-W12,Q6,Quận 6,2024,3,30
2024-W12,Q7,Quận 7,2024,3,46
2024-W12,Q8,Quận 8,2024,3,49
2024-W12,TB,Tân Bình,2024,3,78
2024-W12,TD,Thủ Đức,2024,3,205
2024-W12,TP,Tân Phú,2024,3,75
2024-W13,BC,Bình Chánh,2024,3,161
2024-W13,BT,Bình Tân,2024,3,126
2024-W13,BTH,Bình Thạnh,2024,3,70
2024-W13,CC,Củ Chi,2024,3,72
2024-W13,CG,Cần Giờ,2024,3,12
2024-W13,GV,Gò Vấp,2024,3,102
2024-W13,HM,Hóc Môn,2024,3,114
2024-W13,NB,Nhà Bè,2024,3,34
2024-W13,PN,Phú Nhuận,2024,3,13
2024-W13,Q1,Quận 1,2024,3,11
2024-W13,Q10,Quận 10,2024,3,23
2024-W13,Q11,Quận 11,2024,3,20
2024-W13,Q12,Quận 12,2024,3,93
2024-W13,Q3,Quận 3,2024,3,16
2024-W13,Q4,Quận 4,2024,3,23
2024-W13,Q5,Quận 5,2024,3,21
2024-W13,Q6,Quận 6,2024,3,31
2024-W13,Q7,Quận 7,2024,3,39
2024-W13,Q8,Quận 8,2024,3,63
2024-W13,TB,Tân Bình,2024,3,72
2024-W13,TD,Thủ Đức,2024,3,214
2024-W13,TP,Tân Phú,2024,3,73
2024-W14,BC,Bình Chánh,2024,4,141
2024-W14,BT,Bình Tân,2024,4,127
2024-W14,BTH,Bình Thạnh,2024,4,82
2024-W14,CC,Củ Chi,2024,4,79
2024-W14,CG,Cần Giờ,2024,4,10
2024-W14,GV,Gò Vấp,2024,4,96
2024-W14,HM,Hóc Môn,2024,4,96
2024-W14,NB,Nhà Bè,2024,4,26
2024-W14,PN,Phú Nhuận,2024,4,16
2024-W14,Q1,Quận 1,2024,4,22
2024-W14,Q10,Quận 10,2024,4,18
2024-W14,Q11,Quận 11,2024,4,28
2024-W14,Q12,Quận 12,2024,4,107
2024-W14,Q3,Quận 3,2024,4,11
2024-W14,Q4,Quận 4,2024,4,28
2024-W14,Q5,Quận 5,2024,4,22
2024-W14,Q6,Quận 6,2024,4,28
2024-W14,Q7,Quận 7,2024,4,43
2024-W14,Q8,Quận 8,2024,4,62
2024-W14,TB,Tân Bình,2024,4,88
2024-W14,TD,Thủ Đức,2024,4,210
2024-W14,TP,Tân Phú,2024,4,65
2024-W15,BC,Bình Chánh,2024,4,173
2024-W15,BT,Bình Tân,2024,4,139
2024-W15,BTH,Bình Thạnh,2024,4,84
2024-W15,CC,Củ Chi,2024,4,84
2024-W15,CG,Cần Giờ,2024,4,10
2024-W15,GV,Gò Vấp,2024,4,115
2024-W15,HM,Hóc Môn,2024,4,90
2024-W15,NB,Nhà Bè,2024,4,31
2024-W15,PN,Phú Nhuận,2024,4,20
2024-W15,Q1,Quận 1,2024,4,23
2024-W15,Q10,Quận 10,2024,4,24
2024-W15,Q11,Quận 11,2024,4,25
2024-W15,Q12,Quận 12,2024,4,104
2024-W15,Q3,Quận 3,2024,4,23
2024-W15,Q4,Quận 4,2024,4,26
2024-W15,Q5,Quận 5,2024,4,24
2024-W15,Q6,Quận 6,2024,4,26
2024-W15,Q7,Quận 7,2024,4,56
2024-W15,Q8,Quận 8,2024,4,57
2024-W15,TB,Tân Bình,2024,4,70
2024-W15,TD,Thủ Đức,2024,4,224
2024-W15,TP,Tân Phú,2024,4,70
2024-W16,BC,Bình Chánh,2024,4,192
2024-W16,BT,Bình Tân,2024,4,129
2024-W16,BTH,Bình Thạnh,2024,4,88
2024-W16,CC,Củ Chi,2024,4,85
2024-W16,CG,Cần Giờ,2024,4,12
2024-W16,GV,Gò Vấp,2024,4,88
2024-W16,HM,Hóc Môn,2024,4,105
2024-W16,NB,Nhà Bè,2024,4,36
2024-W16,PN,Phú Nhuận,2024,4,22
2024-W16,Q1,Quận 1,2024,4,27
2024-W16,Q10,Quận 10,2024,4,28
2024-W16,Q11,Quận 11,2024,4,23
2024-W16,Q12,Quận 12,2024,4,115
2024-W16,Q3,Quận 3,2024,4,28
2024-W16,Q4,Quận 4,2024,4,20
2024-W16,Q5,Quận 5,2024,4,31
2024-W16,Q6,Quận 6,2024,4,31
2024-W16,Q7,Quận 7,2024,4,57
2024-W16,Q8,Quận 8,2024,4,67
2024-W16,TB,Tân Bình,2024,4,76
2024-W16,TD,Thủ Đức,2024,4,218
2024-W16,TP,Tân Phú,2024,4,71
2024-W17,BC,Bình Chánh,2024,4,182
2024-W17,BT,Bình Tân,2024,4,144
2024-W17,BTH,Bình Thạnh,2024,4,85
2024-W17,CC,Củ Chi,2024,4,96
2024-W17,CG,Cần Giờ,2024,4,18
2024-W17,GV,Gò Vấp,2024,4,114
2024-W17,HM,Hóc Môn,2024,4,106
2024-W17,NB,Nhà Bè,2024,4,31
2024-W17,PN,Phú Nhuận,2024,4,26
2024-W17,Q1,Quận 1,2024,4,22
2024-W17,Q10,Quận 10,2024,4,25
2024-W17,Q11,Quận 11,2024,4,24
2024-W17,Q12,Quận 12,2024,4,94
2024-W17,Q3,Quận 3,2024,4,17
2024-W17,Q4,Quận 4,2024,4,23
2024-W17,Q5,Quận 5,2024,4,23
2024-W17,Q6,Quận 6,2024,4,33
2024-W17,Q7,Quận 7,2024,4,55
2024-W17,Q8,Quận 8,2024,4,62
2024-W17,TB,Tân Bình,2024,4,97
2024-W17,TD,Thủ Đức,2024,4,217
2024-W17,TP,Tân Phú,2024,4,59
2024-W18,BC,Bình Chánh,2024,4,185
2024-W18,BT,Bình Tân,2024,4,148
2024-W18,BTH,Bình Thạnh,2024,4,82
2024-W18,CC,Củ Chi,2024,4,85
2024-W18,CG,Cần Giờ,2024,4,18
2024-W18,GV,Gò Vấp,2024,4,122
2024-W18,HM,Hóc Môn,2024,4,111
2024-W18,NB,Nhà Bè,2024,4,42
2024-W18,PN,Phú Nhuận,2024,4,18
2024-W18,Q1,Quận 1,2024,4,20
2024-W18,Q10,Quận 10,2024,4,17
2024-W18,Q11,Quận 11,2024,4,34
2024-W18,Q12,Quận 12,2024,4,108
2024-W18,Q3,Quận 3,2024,4,17
2024-W18,Q4,Quận 4,2024,4,30
2024-W18,Q5,Quận 5,2024,4,19
2024-W18,Q6,Quận 6,2024,4,35
2024-W18,Q7,Quận 7,2024,4,38
2024-W18,Q8,Quận 8,2024,4,72
2024-W18,TB,Tân Bình,2024,4,72
2024-W18,TD,Thủ Đức,2024,4,248
2024-W18,TP,Tân Phú,2024,4,75
2024-W19,BC,Bình Chánh,2024,5,163
2024-W19,BT,Bình Tân,2024,5,155
2024-W19,BTH,Bình Thạnh,2024,5,105
2024-W19,CC,Củ Chi,2024,5,111
2024-W19,CG,Cần Giờ,2024,5,13
2024-W19,GV,Gò Vấp,2024,5,126
2024-W19,HM,Hóc Môn,2024,5,113
2024-W19,NB,Nhà Bè,2024,5,35
2024-W19,PN,Phú Nhuận,2024,5,15
2024-W19,Q1,Quận 1,2024,5,28
2024-W19,Q10,Quận 10,2024,5,28
2024-W19,Q11,Quận 11,2024,5,20
2024-W19,Q12,Quận 12,2024,5,109
2024-W19,Q3,Quận 3,2024,5,25
2024-W19,Q4,Quận 4,2024,5,30
2024-W19,Q5,Quận 5,2024,5,19
2024-W19,Q6,Quận 6,2024,5,50
2024-W19,Q7,Quận 7,2024,5,64
2024-W19,Q8,Quận 8,2024,5,65
2024-W19,TB,Tân Bình,2024,5,100
2024-W19,TD,Thủ Đức,2024,5,252
2024-W19,TP,Tân Phú,2024,5,85
2024-W20,BC,Bình Chánh,2024,5,199
2024-W20,BT,Bình Tân,2024,5,164
2024-W20,BTH,Bình Thạnh,2024,5,90
2024-W20,CC,Củ Chi,2024,5,90
2024-W20,CG,Cần Giờ,2024,5,18
2024-W20,GV,Gò Vấp,2024,5,146
2024-W20,HM,Hóc Môn,2024,5,112
2024-W20,NB,Nhà Bè,2024,5,48
2024-W20,PN,Phú Nhuận,2024,5,18
2024-W20,Q1,Quận 1,2024,5,39
2024-W20,Q10,Quận 10,2024,5,25
2024-W20,Q11,Quận 11,2024,5,26
2024-W20,Q12,Quận 12,2024,5,104
2024-W20,Q3,Quận 3,2024,5,18
2024-W20,Q4,Quận 4,2024,5,36
2024-W20,Q5,Quận 5,2024,5,23
2024-W20,Q6,Quận 6,2024,5,45
2024-W20,Q7,Quận 7,2024,5,52
2024-W20,Q8,Quận 8,2024,5,74
2024-W20,TB,Tân Bình,2024,5,82
2024-W20,TD,Thủ Đức,2024,5,279
2024-W20,TP,Tân Phú,2024,5,85
2024-W21,BC,Bình Chánh,2024,5,179
2024-W21,BT,Bình Tân,2024,5,175
2024-W21,BTH,Bình Thạnh,2024,5,89
2024-W21,CC,Củ Chi,2024,5,133
2024-W21,CG,Cần Giờ,2024,5,13
2024-W21,GV,Gò Vấp,2024,5,125
2024-W21,HM,Hóc Môn,2024,5,120
2024-W21,NB,Nhà Bè,2024,5,39
2024-W21,PN,Phú Nhuận,2024,5,17
2024-W21,Q1,Quận 1,2024,5,27
2024-W21,Q10,Quận 10,2024,5,32
2024-W21,Q11,Quận 11,2024,5,30
2024-W21,Q12,Quận 12,2024,5,110
2024-W21,Q3,Quận 3,2024,5,15
2024-W21,Q4,Quận 4,2024,5,24
2024-W21,Q5,Quận 5,2024,5,27
2024-W21,Q6,Quận 6,2024,5,37
2024-W21,Q7,Quận 7,2024,5,62
2024-W21,Q8,Quận 8,2024,5,54
2024-W21,TB,Tân Bình,2024,5,105
2024-W21,TD,Thủ Đức,2024,5,270
2024-W21,TP,Tân Phú,2024,5,83
2024-W22,BC,Bình Chánh,2024,5,219
2024-W22,BT,Bình Tân,2024,5,173
2024-W22,BTH,Bình Thạnh,2024,5,84
2024-W22,CC,Củ Chi,2024,5,104
2024-W22,CG,Cần Giờ,2024,5,17
2024-W22,GV,Gò Vấp,2024,5,138
2024-W22,HM,Hóc Môn,2024,5,107
2024-W22,NB,Nhà Bè,2024,5,61
2024-W22,PN,Phú Nhuận,2024,5,20
2024-W22,Q1,Quận 1,2024,5,25
2024-W22,Q10,Quận 10,2024,5,29
2024-W22,Q11,Quận 11,2024,5,26
2024-W22,Q12,Quận 12,2024,5,144
2024-W22,Q3,Quận 3,2024,5,16
2024-W22,Q4,Quận 4,2024,5,23
2024-W22,Q5,Quận 5,2024,5,20
2024-W22,Q6,Quận 6,2024,5,40
2024-W22,Q7,Quận 7,2024,5,51
2024-W22,Q8,Quận 8,2024,5,71
2024-W22,TB,Tân Bình,2024,5,101
2024-W22,TD,Thủ Đức,2024,5,270
2024-W22,TP,Tân Phú,2024,5,99
2024-W23,BC,Bình Chánh,2024,6,216
2024-W23,BT,Bình Tân,2024,6,187
2024-W23,BTH,Bình Thạnh,2024,6,101
2024-W23,CC,Củ Chi,2024,6,93
2024-W23,CG,Cần Giờ,2024,6,25
2024-W23,GV,Gò Vấp,2024,6,143
2024-W23,HM,Hóc Môn,2024,6,127
2024-W23,NB,Nhà Bè,2024,6,46
2024-W23,PN,Phú Nhuận,2024,6,23
2024-W23,Q1,Quận 1,2024,6,25
2024-W23,Q10,Quận 10,2024,6,25
2024-W23,Q11,Quận 11,2024,6,30
2024-W23,Q12,Quận 12,2024,6,113
2024-W23,Q3,Quận 3,2024,6,22
2024-W23,Q4,Quận 4,2024,6,30
2024-W23,Q5,Quận 5,2024,6,33
2024-W23,Q6,Quận 6,2024,6,38
2024-W23,Q7,Quận 7,2024,6,55
2024-W23,Q8,Quận 8,2024,6,70
2024-W23,TB,Tân Bình,2024,6,87
2024-W23,TD,Thủ Đức,2024,6,284
2024-W23,TP,Tân Phú,2024,6,80
2024-W24,BC,Bình Chánh,2024,6,230
2024-W24,BT,Bình Tân,2024,6,193
2024-W24,BTH,Bình Thạnh,2024,6,113
2024-W24,CC,Củ Chi,2024,6,111
2024-W24,CG,Cần Giờ,2024,6,22
2024-W24,GV,Gò Vấp,2024,6,140
2024-W24,HM,Hóc Môn,2024,6,142
2024-W24,NB,Nhà Bè,2024,6,56
2024-W24,PN,Phú Nhuận,2024,6,22
2024-W24,Q1,Quận 1,2024,6,31
2024-W24,Q10,Quận 10,2024,6,37
2024-W24,Q11,Quận 11,2024,6,37
2024-W24,Q12,Quận 12,2024,6,128
2024-W24,Q3,Quận 3,2024,6,21
2024-W24,Q4,Quận 4,2024,6,44
2024-W24,Q5,Quận 5,2024,6,18
2024-W24,Q6,Quận 6,2024,6,47
2024-W24,Q7,Quận 7,2024,6,77
2024-W24,Q8,Quận 8,2024,6,62
2024-W24,TB,Tân Bình,2024,6,90
2024-W24,TD,Thủ Đức,2024,6,305
2024-W24,TP,Tân Phú,2024,6,104
2024-W25,BC,Bình Chánh,2024,6,240
2024-W25,BT,Bình Tân,2024,6,186
2024-W25,BTH,Bình Thạnh,2024,6,103
2024-W25,CC,Củ Chi,2024,6,106
2024-W25,CG,Cần Giờ,2024,6,28
2024-W25,GV,Gò Vấp,2024,6,169
2024-W25,HM,Hóc Môn,2024,6,127
2024-W25,NB,Nhà Bè,2024,6,46
2024-W25,PN,Phú Nhuận,2024,6,23
2024-W25,Q1,Quận 1,2024,6,33
2024-W25,Q10,Quận 10,2024,6,28
2024-W25,Q11,Quận 11,2024,6,33
2024-W25,Q12,Quận 12,2024,6,149
2024-W25,Q3,Quận 3,2024,6,19
2024-W25,Q4,Quận 4,2024,6,28
2024-W25,Q5,Quận 5,2024,6,34
2024-W25,Q6,Quận 6,2024,6,35
2024-W25,Q7,Quận 7,2024,6,73
2024-W25,Q8,Quận 8,2024,6,77
2024-W25,TB,Tân Bình,2024,6,109
2024-W25,TD,Thủ Đức,2024,6,297
2024-W25,TP,Tân Phú,2024,6,95
2024-W26,BC,Bình Chánh,2024,6,254
2024-W26,BT,Bình Tân,2024,6,228
2024-W26,BTH,Bình Thạnh,2024,6,120
2024-W26,CC,Củ Chi,2024,6,120
2024-W26,CG,Cần Giờ,2024,6,25
2024-W26,GV,Gò Vấp,2024,6,147
2024-W26,HM,Hóc Môn,2024,6,172
2024-W26,NB,Nhà Bè,2024,6,45
2024-W26,PN,Phú Nhuận,2024,6,13
2024-W26,Q1,Quận 1,2024,6,26
2024-W26,Q10,Quận 10,2024,6,32
2024-W26,Q11,Quận 11,2024,6,43
2024-W26,Q12,Quận 12,2024,6,135
2024-W26,Q3,Quận 3,2024,6,27
2024-W26,Q4,Quận 4,2024,6,35
2024-W26,Q5,Quận 5,2024,6,24
2024-W26,Q6,Quận 6,2024,6,55
2024-W26,Q7,Quận 7,2024,6,71
2024-W26,Q8,Quận 8,2024,6,74
2024-W26,TB,Tân Bình,2024,6,95
2024-W26,TD,Thủ Đức,2024,6,340
2024-W26,TP,Tân Phú,2024,6,108
2024-W27,BC,Bình Chánh,2024,7,252
2024-W27,BT,Bình Tân,2024,7,228
2024-W27,BTH,Bình Thạnh,2024,7,107
2024-W27,CC,Củ Chi,2024,7,111
2024-W27,CG,Cần Giờ,2024,7,29
2024-W27,GV,Gò Vấp,2024,7,173
2024-W27,HM,Hóc Môn,2024,7,142
2024-W27,NB,Nhà Bè,2024,7,60
2024-W27,PN,Phú Nhuận,2024,7,26
2024-W27,Q1,Quận 1,2024,7,41
2024-W27,Q10,Quận 10,2024,7,24
2024-W27,Q11,Quận 11,2024,7,55
2024-W27,Q12,Quận 12,2024,7,146
2024-W27,Q3,Quận 3,2024,7,22
2024-W27,Q4,Quận 4,2024,7,38
2024-W27,Q5,Quận 5,2024,7,29
2024-W27,Q6,Quận 6,2024,7,50
2024-W27,Q7,Quận 7,2024,7,85
2024-W27,Q8,Quận 8,2024,7,75
2024-W27,TB,Tân Bình,2024,7,117
2024-W27,TD,Thủ Đức,2024,7,308
2024-W27,TP,Tân Phú,2024,7,114
2024-W28,BC,Bình Chánh,2024,7,244
2024-W28,BT,Bình Tân,2024,7,195
2024-W28,BTH,Bình Thạnh,2024,7,113
2024-W28,CC,Củ Chi,2024,7,130
2024-W28,CG,Cần Giờ,2024,7,30
2024-W28,GV,Gò Vấp,2024,7,170
2024-W28,HM,Hóc Môn,2024,7,143
2024-W28,NB,Nhà Bè,2024,7,53
2024-W28,PN,Phú Nhuận,2024,7,21
2024-W28,Q1,Quận 1,2024,7,28
2024-W28,Q10,Quận 10,2024,7,43
2024-W28,Q11,Quận 11,2024,7,35
2024-W28,Q12,Quận 12,2024,7,142
2024-W28,Q3,Quận 3,2024,7,23
2024-W28,Q4,Quận 4,2024,7,40
2024-W28,Q5,Quận 5,2024,7,40
2024-W28,Q6,Quận 6,2024,7,42
2024-W28,Q7,Quận 7,2024,7,79
2024-W28,Q8,Quận 8,2024,7,84
2024-W28,TB,Tân Bình,2024,7,118
2024-W28,TD,Thủ Đức,2024,7,323
2024-W28,TP,Tân Phú,2024,7,103
2024-W29,BC,Bình Chánh,2024,7,301
2024-W29,BT,Bình Tân,2024,7,210
2024-W29,BTH,Bình Thạnh,2024,7,117
2024-W29,CC,Củ Chi,2024,7,136
2024-W29,CG,Cần Giờ,2024,7,25
2024-W29,GV,Gò Vấp,2024,7,146
2024-W29,HM,Hóc Môn,2024,7,171
2024-W29,NB,Nhà Bè,2024,7,68
2024-W29,PN,Phú Nhuận,2024,7,24
2024-W29,Q1,Quận 1,2024,7,40
2024-W29,Q10,Quận 10,2024,7,37
2024-W29,Q11,Quận 11,2024,7,42
2024-W29,Q12,Quận 12,2024,7,183
2024-W29,Q3,Quận 3,2024,7,22
2024-W29,Q4,Quận 4,2024,7,46
2024-W29,Q5,Quận 5,2024,7,33
2024-W29,Q6,Quận 6,2024,7,43
2024-W29,Q7,Quận 7,2024,7,60
2024-W29,Q8,Quận 8,2024,7,91
2024-W29,TB,Tân Bình,2024,7,123
2024-W29,TD,Thủ Đức,2024,7,317
2024-W29,TP,Tân Phú,2024,7,121
2024-W30,BC,Bình Chánh,2024,7,304
2024-W30,BT,Bình Tân,2024,7,240
2024-W30,BTH,Bình Thạnh,2024,7,118
2024-W30,CC,Củ Chi,2024,7,163
2024-W30,CG,Cần Giờ,2024,7,17
2024-W30,GV,Gò Vấp,2024,7,155
2024-W30,HM,Hóc Môn,2024,7,180
2024-W30,NB,Nhà Bè,2024,7,59
2024-W30,PN,Phú Nhuận,2024,7,13
2024-W30,Q1,Quận 1,2024,7,32
2024-W30,Q10,Quận 10,2024,7,38
2024-W30,Q11,Quận 11,2024,7,38
2024-W30,Q12,Quận 12,2024,7,148
2024-W30,Q3,Quận 3,2024,7,22
2024-W30,Q4,Quận 4,2024,7,40
2024-W30,Q5,Quận 5,2024,7,27
2024-W30,Q6,Quận 6,2024,7,48
2024-W30,Q7,Quận 7,2024,7,81
2024-W30,Q8,Quận 8,2024,7,94
2024-W30,TB,Tân Bình,2024,7,114
2024-W30,TD,Thủ Đức,2024,7,348
2024-W30,TP,Tân Phú,2024,7,120
2024-W31,BC,Bình Chánh,2024,7,274
2024-W31,BT,Bình Tân,2024,7,217
2024-W31,BTH,Bình Thạnh,2024,7,124
2024-W31,CC,Củ Chi,2024,7,145
2024-W31,CG,Cần Giờ,2024,7,28
2024-W31,GV,Gò Vấp,2024,7,194
2024-W31,HM,Hóc Môn,2024,7,169
2024-W31,NB,Nhà Bè,2024,7,57
2024-W31,PN,Phú Nhuận,2024,7,33
2024-W31,Q1,Quận 1,2024,7,46
2024-W31,Q10,Quận 10,2024,7,38
2024-W31,Q11,Quận 11,2024,7,50
2024-W31,Q12,Quận 12,2024,7,187
2024-W31,Q3,Quận 3,2024,7,29
2024-W31,Q4,Quận 4,2024,7,32
2024-W31,Q5,Quận 5,2024,7,25
2024-W31,Q6,Quận 6,2024,7,50
2024-W31,Q7,Quận 7,2024,7,85
2024-W31,Q8,Quận 8,2024,7,93
2024-W31,TB,Tân Bình,2024,7,122
2024-W31,TD,Thủ Đức,2024,7,341
2024-W31,TP,Tân Phú,2024,7,118
2024-W32,BC,Bình Chánh,2024,8,278
2024-W32,BT,Bình Tân,2024,8,238
2024-W32,BTH,Bình Thạnh,2024,8,129
2024-W32,CC,Củ Chi,2024,8,123
2024-W32,CG,Cần Giờ,2024,8,21
2024-W32,GV,Gò Vấp,2024,8,179
2024-W32,HM,Hóc Môn,2024,8,158
2024-W32,NB,Nhà Bè,2024,8,74
2024-W32,PN,Phú Nhuận,2024,8,39
2024-W32,Q1,Quận 1,2024,8,31
2024-W32,Q10,Quận 10,2024,8,47
2024-W32,Q11,Quận 11,2024,8,43
2024-W32,Q12,Quận 12,2024,8,164
2024-W32,Q3,Quận 3,2024,8,32
2024-W32,Q4,Quận 4,2024,8,45
2024-W32,Q5,Quận 5,2024,8,42
2024-W32,Q6,Quận 6,2024,8,54
2024-W32,Q7,Quận 7,2024,8,80
2024-W32,Q8,Quận 8,2024,8,77
2024-W32,TB,Tân Bình,2024,8,116
2024-W32,TD,Thủ Đức,2024,8,365
2024-W32,TP,Tân Phú,2024,8,111
2024-W33,BC,Bình Chánh,2024,8,284
2024-W33,BT,Bình Tân,2024,8,253
2024-W33,BTH,Bình Thạnh,2024,8,131
2024-W33,CC,Củ Chi,2024,8,154
2024-W33,CG,Cần Giờ,2024,8,34
2024-W33,GV,Gò Vấp,2024,8,199
2024-W33,HM,Hóc Môn,2024,8,175
2024-W33,NB,Nhà Bè,2024,8,65
2024-W33,PN,Phú Nhuận,2024,8,31
2024-W33,Q1,Quận 1,2024,8,32
2024-W33,Q10,Quận 10,2024,8,39
2024-W33,Q11,Quận 11,2024,8,41
2024-W33,Q12,Quận 12,2024,8,174
2024-W33,Q3,Quận 3,2024,8,29
2024-W33,Q4,Quận 4,2024,8,46
2024-W33,Q5,Quận 5,2024,8,40
2024-W33,Q6,Quận 6,2024,8,48
2024-W33,Q7,Quận 7,2024,8,83
2024-W33,Q8,Quận 8,2024,8,92
2024-W33,TB,Tân Bình,2024,8,106
2024-W33,TD,Thủ Đức,2024,8,344
2024-W33,TP,Tân Phú,2024,8,110
2024-W34,BC,Bình Chánh,2024,8,301
2024-W34,BT,Bình Tân,2024,8,239
2024-W34,BTH,Bình Thạnh,2024,8,127
2024-W34,CC,Củ Chi,2024,8,145
2024-W34,CG,Cần Giờ,2024,8,25
2024-W34,GV,Gò Vấp,2024,8,188
2024-W34,HM,Hóc Môn,2024,8,149
2024-W34,NB,Nhà Bè,2024,8,63
2024-W34,PN,Phú Nhuận,2024,8,27
2024-W34,Q1,Quận 1,2024,8,48
2024-W34,Q10,Quận 10,2024,8,34
2024-W34,Q11,Quận 11,2024,8,43
2024-W34,Q12,Quận 12,2024,8,164
2024-W34,Q3,Quận 3,2024,8,23
2024-W34,Q4,Quận 4,2024,8,34
2024-W34,Q5,Quận 5,2024,8,34
2024-W34,Q6,Quận 6,2024,8,70
2024-W34,Q7,Quận 7,2024,8,72
2024-W34,Q8,Quận 8,2024,8,109
2024-W34,TB,Tân Bình,2024,8,148
2024-W34,TD,Thủ Đức,2024,8,353
2024-W34,TP,Tân Phú,2024,8,95
2024-W35,BC,Bình Chánh,2024,8,293
2024-W35,BT,Bình Tân,2024,8,243
2024-W35,BTH,Bình Thạnh,2024,8,111
2024-W35,CC,Củ Chi,2024,8,151
2024-W35,CG,Cần Giờ,2024,8,21
2024-W35,GV,Gò Vấp,2024,8,160
2024-W35,HM,Hóc Môn,2024,8,157
2024-W35,NB,Nhà Bè,2024,8,62
2024-W35,PN,Phú Nhuận,2024,8,16
2024-W35,Q1,Quận 1,2024,8,40
2024-W35,Q10,Quận 10,2024,8,34
2024-W35,Q11,Quận 11,2024,8,49
2024-W35,Q12,Quận 12,2024,8,179
2024-W35,Q3,Quận 3,2024,8,22
2024-W35,Q4,Quận 4,2024,8,42
2024-W35,Q5,Quận 5,2024,8,36
2024-W35,Q6,Quận 6,2024,8,53
2024-W35,Q7,Quận 7,2024,8,79
2024-W35,Q8,Quận 8,2024,8,105
2024-W35,TB,Tân Bình,2024,8,126
2024-W35,TD,Thủ Đức,2024,8,345
2024-W35,TP,Tân Phú,2024,8,107
2024-W36,BC,Bình Chánh,2024,9,289
2024-W36,BT,Bình Tân,2024,9,246
2024-W36,BTH,Bình Thạnh,2024,9,110
2024-W36,CC,Củ Chi,2024,9,140
2024-W36,CG,Cần Giờ,2024,9,18
2024-W36,GV,Gò Vấp,2024,9,158
2024-W36,HM,Hóc Môn,2024,9,157
2024-W36,NB,Nhà Bè,2024,9,75
2024-W36,PN,Phú Nhuận,2024,9,32
2024-W36,Q1,Quận 1,2024,9,33
2024-W36,Q10,Quận 10,2024,9,38
2024-W36,Q11,Quận 11,2024,9,40
2024-W36,Q12,Quận 12,2024,9,165
2024-W36,Q3,Quận 3,2024,9,17
2024-W36,Q4,Quận 4,2024,9,36
2024-W36,Q5,Quận 5,2024,9,27
2024-W36,Q6,Quận 6,2024,9,48
2024-W36,Q7,Quận 7,2024,9,103
2024-W36,Q8,Quận 8,2024,9,92
2024-W36,TB,Tân Bình,2024,9,99
2024-W36,TD,Thủ Đức,2024,9,402
2024-W36,TP,Tân Phú,2024,9,126
2024-W37,BC,Bình Chánh,2024,9,294
2024-W37,BT,Bình Tân,2024,9,234
2024-W37,BTH,Bình Thạnh,2024,9,124
2024-W37,CC,Củ Chi,2024,9,144
2024-W37,CG,Cần Giờ,2024,9,21
2024-W37,GV,Gò Vấp,2024,9,159
2024-W37,HM,Hóc Môn,2024,9,152
2024-W37,NB,Nhà Bè,2024,9,71
2024-W37,PN,Phú Nhuận,2024,9,28
2024-W37,Q1,Quận 1,2024,9,36
2024-W37,Q10,Quận 10,2024,9,39
2024-W37,Q11,Quận 11,2024,9,48
2024-W37,Q12,Quận 12,2024,9,145
2024-W37,Q3,Quận 3,2024,9,20
2024-W37,Q4,Quận 4,2024,9,42
2024-W37,Q5,Quận 5,2024,9,34
2024-W37,Q6,Quận 6,2024,9,52
2024-W37,Q7,Quận 7,2024,9,89
2024-W37,Q8,Quận 8,2024,9,89
2024-W37,TB,Tân Bình,2024,9,128
2024-W37,TD,Thủ Đức,2024,9,347
2024-W37,TP,Tân Phú,2024,9,131
2024-W38,BC,Bình Chánh,2024,9,263
2024-W38,BT,Bình Tân,2024,9,239
2024-W38,BTH,Bình Thạnh,2024,9,103
2024-W38,CC,Củ Chi,2024,9,137
2024-W38,CG,Cần Giờ,2024,9,25
2024-W38,GV,Gò Vấp,2024,9,158
2024-W38,HM,Hóc Môn,2024,9,160
2024-W38,NB,Nhà Bè,2024,9,59
2024-W38,PN,Phú Nhuận,2024,9,26
2024-W38,Q1,Quận 1,2024,9,32
2024-W38,Q10,Quận 10,2024,9,28
2024-W38,Q11,Quận 11,2024,9,38
2024-W38,Q12,Quận 12,2024,9,159
2024-W38,Q3,Quận 3,2024,9,26
2024-W38,Q4,Quận 4,2024,9,32
2024-W38,Q5,Quận 5,2024,9,35
2024-W38,Q6,Quận 6,2024,9,48
2024-W38,Q7,Quận 7,2024,9,74
2024-W38,Q8,Quận 8,2024,9,86
2024-W38,TB,Tân Bình,2024,9,114
2024-W38,TD,Thủ Đức,2024,9,331
2024-W38,TP,Tân Phú,2024,9,123
2024-W39,BC,Bình Chánh,2024,9,269
2024-W39,BT,Bình Tân,2024,9,230
2024-W39,BTH,Bình Thạnh,2024,9,127
2024-W39,CC,Củ Chi,2024,9,132
2024-W39,CG,Cần Giờ,2024,9,24
2024-W39,GV,Gò Vấp,2024,9,173
2024-W39,HM,Hóc Môn,2024,9,149
2024-W39,NB,Nhà Bè,2024,9,64
2024-W39,PN,Phú Nhuận,2024,9,35
2024-W39,Q1,Quận 1,2024,9,33
2024-W39,Q10,Quận 10,2024,9,45
2024-W39,Q11,Quận 11,2024,9,46
2024-W39,Q12,Quận 12,2024,9,174
2024-W39,Q3,Quận 3,2024,9,33
2024-W39,Q4,Quận 4,2024,9,39
2024-W39,Q5,Quận 5,2024,9,35
2024-W39,Q6,Quận 6,2024,9,62
2024-W39,Q7,Quận 7,2024,9,77
2024-W39,Q8,Quận 8,2024,9,92
2024-W39,TB,Tân Bình,2024,9,116
2024-W39,TD,Thủ Đức,2024,9,355
2024-W39,TP,Tân Phú,2024,9,114
2024-W40,BC,Bình Chánh,2024,10,248
2024-W40,BT,Bình Tân,2024,10,216
2024-W40,BTH,Bình Thạnh,2024,10,134
2024-W40,CC,Củ Chi,2024,10,139
2024-W40,CG,Cần Giờ,2024,10,18
2024-W40,GV,Gò Vấp,2024,10,149
2024-W40,HM,Hóc Môn,2024,10,159
2024-W40,NB,Nhà Bè,2024,10,61
2024-W40,PN,Phú Nhuận,2024,10,27
2024-W40,Q1,Quận 1,2024,10,36
2024-W40,Q10,Quận 10,2024,10,33
2024-W40,Q11,Quận 11,2024,10,49
2024-W40,Q12,Quận 12,2024,10,152
2024-W40,Q3,Quận 3,2024,10,27
2024-W40,Q4,Quận 4,2024,10,37
2024-W40,Q5,Quận 5,2024,10,33
2024-W40,Q6,Quận 6,2024,10,54
2024-W40,Q7,Quận 7,2024,10,65
2024-W40,Q8,Quận 8,2024,10,83
2024-W40,TB,Tân Bình,2024,10,130
2024-W40,TD,Thủ Đức,2024,10,338
2024-W40,TP,Tân Phú,2024,10,124
2024-W41,BC,Bình Chánh,2024,10,249
2024-W41,BT,Bình Tân,2024,10,202
2024-W41,BTH,Bình Thạnh,2024,10,127
2024-W41,CC,Củ Chi,2024,10,140
2024-W41,CG,Cần Giờ,2024,10,32
2024-W41,GV,Gò Vấp,2024,10,167
2024-W41,HM,Hóc Môn,2024,10,141
2024-W41,NB,Nhà Bè,2024,10,62
2024-W41,PN,Phú Nhuận,2024,10,29
2024-W41,Q1,Quận 1,2024,10,25
2024-W41,Q10,Quận 10,2024,10,36
2024-W41,Q11,Quận 11,2024,10,53
2024-W41,Q12,Quận 12,2024,10,167
2024-W41,Q3,Quận 3,2024,10,23
2024-W41,Q4,Quận 4,2024,10,31
2024-W41,Q5,Quận 5,2024,10,32
2024-W41,Q6,Quận 6,2024,10,62
2024-W41,Q7,Quận 7,2024,10,83
2024-W41,Q8,Quận 8,2024,10,90
2024-W41,TB,Tân Bình,2024,10,112
2024-W41,TD,Thủ Đức,2024,10,317
2024-W41,TP,Tân Phú,2024,10,112
2024-W42,BC,Bình Chánh,2024,10,269
2024-W42,BT,Bình Tân,2024,10,199
2024-W42,BTH,Bình Thạnh,2024,10,120
2024-W42,CC,Củ Chi,2024,10,124
2024-W42,CG,Cần Giờ,2024,10,23
2024-W42,GV,Gò Vấp,2024,10,145
2024-W42,HM,Hóc Môn,2024,10,144
2024-W42,NB,Nhà Bè,2024,10,55
2024-W42,PN,Phú Nhuận,2024,10,32
2024-W42,Q1,Quận 1,2024,10,28
2024-W42,Q10,Quận 10,2024,10,32
2024-W42,Q11,Quận 11,2024,10,49
2024-W42,Q12,Quận 12,2024,10,136
2024-W42,Q3,Quận 3,2024,10,25
2024-W42,Q4,Quận 4,2024,10,47
2024-W42,Q5,Quận 5,2024,10,38
2024-W42,Q6,Quận 6,2024,10,49
2024-W42,Q7,Quận 7,2024,10,81
2024-W42,Q8,Quận 8,2024,10,82
2024-W42,TB,Tân Bình,2024,10,89
2024-W42,TD,Thủ Đức,2024,10,323
2024-W42,TP,Tân Phú,2024,10,107
2024-W43,BC,Bình Chánh,2024,10,233
2024-W43,BT,Bình Tân,2024,10,207
2024-W43,BTH,Bình Thạnh,2024,10,105
2024-W43,CC,Củ Chi,2024,10,106
2024-W43,CG,Cần Giờ,2024,10,13
2024-W43,GV,Gò Vấp,2024,10,163
2024-W43,HM,Hóc Môn,2024,10,153
2024-W43,NB,Nhà Bè,2024,10,58
2024-W43,PN,Phú Nhuận,2024,10,28
2024-W43,Q1,Quận 1,2024,10,29
2024-W43,Q10,Quận 10,2024,10,37
2024-W43,Q11,Quận 11,2024,10,48
2024-W43,Q12,Quận 12,2024,10,155
2024-W43,Q3,Quận 3,2024,10,31
2024-W43,Q4,Quận 4,2024,10,37
2024-W43,Q5,Quận 5,2024,10,19
2024-W43,Q6,Quận 6,2024,10,61
2024-W43,Q7,Quận 7,2024,10,77
2024-W43,Q8,Quận 8,2024,10,70
2024-W43,TB,Tân Bình,2024,10,116
2024-W43,TD,Thủ Đức,2024,10,285
2024-W43,TP,Tân Phú,2024,10,100
2024-W44,BC,Bình Chánh,2024,10,232
2024-W44,BT,Bình Tân,2024,10,227
2024-W44,BTH,Bình Thạnh,2024,10,105
2024-W44,CC,Củ Chi,2024,10,128
2024-W44,CG,Cần Giờ,2024,10,18
2024-W44,GV,Gò Vấp,2024,10,121
2024-W44,HM,Hóc Môn,2024,10,143
2024-W44,NB,Nhà Bè,2024,10,57
2024-W44,PN,Phú Nhuận,2024,10,19
2024-W44,Q1,Quận 1,2024,10,39
2024-W44,Q10,Quận 10,2024,10,24
2024-W44,Q11,Quận 11,2024,10,50
2024-W44,Q12,Quận 12,2024,10,142
2024-W44,Q3,Quận 3,2024,10,15
2024-W44,Q4,Quận 4,2024,10,46
2024-W44,Q5,Quận 5,2024,10,31
2024-W44,Q6,Quận 6,2024,10,48
2024-W44,Q7,Quận 7,2024,10,78
2024-W44,Q8,Quận 8,2024,10,81
2024-W44,TB,Tân Bình,2024,10,94
2024-W44,TD,Thủ Đức,2024,10,287
2024-W44,TP,Tân Phú,2024,10,96
2024-W45,BC,Bình Chánh,2024,11,215
2024-W45,BT,Bình Tân,2024,11,182
2024-W45,BTH,Bình Thạnh,2024,11,97
2024-W45,CC,Củ Chi,2024,11,122
2024-W45,CG,Cần Giờ,2024,11,26
2024-W45,GV,Gò Vấp,2024,11,140
2024-W45,HM,Hóc Môn,2024,11,142
2024-W45,NB,Nhà Bè,2024,11,50
2024-W45,PN,Phú Nhuận,2024,11,15
2024-W45,Q1,Quận 1,2024,11,30
2024-W45,Q10,Quận 10,2024,11,28
2024-W45,Q11,Quận 11,2024,11,34
2024-W45,Q12,Quận 12,2024,11,131
2024-W45,Q3,Quận 3,2024,11,29
2024-W45,Q4,Quận 4,2024,11,34
2024-W45,Q5,Quận 5,2024,11,34
2024-W45,Q6,Quận 6,2024,11,59
2024-W45,Q7,Quận 7,2024,11,65
2024-W45,Q8,Quận 8,2024,11,80
2024-W45,TB,Tân Bình,2024,11,99
2024-W45,TD,Thủ Đức,2024,11,331
2024-W45,TP,Tân Phú,2024,11,106
2024-W46,BC,Bình Chánh,2024,11,215
2024-W46,BT,Bình Tân,2024,11,150
2024-W46,BTH,Bình Thạnh,2024,11,86
2024-W46,CC,Củ Chi,2024,11,105
2024-W46,CG,Cần Giờ,2024,11,16
2024-W46,GV,Gò Vấp,2024,11,121
2024-W46,HM,Hóc Môn,2024,11,122
2024-W46,NB,Nhà Bè,2024,11,64
2024-W46,PN,Phú Nhuận,2024,11,19
2024-W46,Q1,Quận 1,2024,11,27
2024-W46,Q10,Quận 10,2024,11,30
2024-W46,Q11,Quận 11,2024,11,48
2024-W46,Q12,Quận 12,2024,11,134
2024-W46,Q3,Quận 3,2024,11,17
2024-W46,Q4,Quận 4,2024,11,28
2024-W46,Q5,Quận 5,2024,11,20
2024-W46,Q6,Quận 6,2024,11,45
2024-W46,Q7,Quận 7,2024,11,64
2024-W46,Q8,Quận 8,2024,11,78
2024-W46,TB,Tân Bình,2024,11,79
2024-W46,TD,Thủ Đức,2024,11,306
2024-W46,TP,Tân Phú,2024,11,106
2024-W47,BC,Bình Chánh,2024,11,199
2024-W47,BT,Bình Tân,2024,11,172
2024-W47,BTH,Bình Thạnh,2024,11,106
2024-W47,CC,Củ Chi,2024,11,108
2024-W47,CG,Cần Giờ,2024,11,18
2024-W47,GV,Gò Vấp,2024,11,119
2024-W47,HM,Hóc Môn,2024,11,103
2024-W47,NB,Nhà Bè,2024,11,44
2024-W47,PN,Phú Nhuận,2024,11,19
2024-W47,Q1,Quận 1,2024,11,34
2024-W47,Q10,Quận 10,2024,11,31
2024-W47,Q11,Quận 11,2024,11,37
2024-W47,Q12,Quận 12,2024,11,132
2024-W47,Q3,Quận 3,2024,11,11
2024-W47,Q4,Quận 4,2024,11,33
2024-W47,Q5,Quận 5,2024,11,18
2024-W47,Q6,Quận 6,2024,11,36
2024-W47,Q7,Quận 7,2024,11,60
2024-W47,Q8,Quận 8,2024,11,64
2024-W47,TB,Tân Bình,2024,11,104
2024-W47,TD,Thủ Đức,2024,11,288
2024-W47,TP,Tân Phú,2024,11,92
2024-W48,BC,Bình Chánh,2024,11,201
2024-W48,BT,Bình Tân,2024,11,177
2024-W48,BTH,Bình Thạnh,2024,11,87
2024-W48,CC,Củ Chi,2024,11,121
2024-W48,CG,Cần Giờ,2024,11,16
2024-W48,GV,Gò Vấp,2024,11,131
2024-W48,HM,Hóc Môn,2024,11,129
2024-W48,NB,Nhà Bè,2024,11,39
2024-W48,PN,Phú Nhuận,2024,11,22
2024-W48,Q1,Quận 1,2024,11,21
2024-W48,Q10,Quận 10,2024,11,40
2024-W48,Q11,Quận 11,2024,11,40
2024-W48,Q12,Quận 12,2024,11,132
2024-W48,Q3,Quận 3,2024,11,21
2024-W48,Q4,Quận 4,2024,11,27
2024-W48,Q5,Quận 5,2024,11,25
2024-W48,Q6,Quận 6,2024,11,37
2024-W48,Q7,Quận 7,2024,11,59
2024-W48,Q8,Quận 8,2024,11,84
2024-W48,TB,Tân Bình,2024,11,88
2024-W48,TD,Thủ Đức,2024,11,299
2024-W48,TP,Tân Phú,2024,11,93
2024-W49,BC,Bình Chánh,2024,12,237
2024-W49,BT,Bình Tân,2024,12,172
2024-W49,BTH,Bình Thạnh,2024,12,104
2024-W49,CC,Củ Chi,2024,12,91
2024-W49,CG,Cần Giờ,2024,12,19
2024-W49,GV,Gò Vấp,2024,12,140
2024-W49,HM,Hóc Môn,2024,12,104
2024-W49,NB,Nhà Bè,2024,12,49
2024-W49,PN,Phú Nhuận,2024,12,16
2024-W49,Q1,Quận 1,2024,12,25
2024-W49,Q10,Quận 10,2024,12,28
2024-W49,Q11,Quận 11,2024,12,42
2024-W49,Q12,Quận 12,2024,12,126
2024-W49,Q3,Quận 3,2024,12,15
2024-W49,Q4,Quận 4,2024,12,33
2024-W49,Q5,Quận 5,2024,12,23
2024-W49,Q6,Quận 6,2024,12,44
2024-W49,Q7,Quận 7,2024,12,64
2024-W49,Q8,Quận 8,2024,12,63
2024-W49,TB,Tân Bình,2024,12,75
2024-W49,TD,Thủ Đức,2024,12,284
2024-W49,TP,Tân Phú,2024,12,78
2024-W50,BC,Bình Chánh,2024,12,207
2024-W50,BT,Bình Tân,2024,12,143
2024-W50,BTH,Bình Thạnh,2024,12,89
2024-W50,CC,Củ Chi,2024,12,106
2024-W50,CG,Cần Giờ,2024,12,20
2024-W50,GV,Gò Vấp,2024,12,133
2024-W50,HM,Hóc Môn,2024,12,119
2024-W50,NB,Nhà Bè,2024,12,49
2024-W50,PN,Phú Nhuận,2024,12,18
2024-W50,Q1,Quận 1,2024,12,24
2024-W50,Q10,Quận 10,2024,12,27
2024-W50,Q11,Quận 11,2024,12,37
2024-W50,Q12,Quận 12,2024,12,106
2024-W50,Q3,Quận 3,2024,12,23
2024-W50,Q4,Quận 4,2024,12,30
2024-W50,Q5,Quận 5,2024,12,21
2024-W50,Q6,Quận 6,2024,12,33
2024-W50,Q7,Quận 7,2024,12,66
2024-W50,Q8,Quận 8,2024,12,61
2024-W50,TB,Tân Bình,2024,12,84
2024-W50,TD,Thủ Đức,2024,12,271
2024-W50,TP,Tân Phú,2024,12,89
2024-W51,BC,Bình Chánh,2024,12,174
2024-W51,BT,Bình Tân,2024,12,170
2024-W51,BTH,Bình Thạnh,2024,12,80
2024-W51,CC,Củ Chi,2024,12,101
2024-W51,CG,Cần Giờ,2024,12,16
2024-W51,GV,Gò Vấp,2024,12,141
2024-W51,HM,Hóc Môn,2024,12,141
2024-W51,NB,Nhà Bè,2024,12,44
2024-W51,PN,Phú Nhuận,2024,12,17
2024-W51,Q1,Quận 1,2024,12,23
2024-W51,Q10,Quận 10,2024,12,30
2024-W51,Q11,Quận 11,2024,12,36
2024-W51,Q12,Quận 12,2024,12,114
2024-W51,Q3,Quận 3,2024,12,16
2024-W51,Q4,Quận 4,2024,12,25
2024-W51,Q5,Quận 5,2024,12,18
2024-W51,Q6,Quận 6,2024,12,40
2024-W51,Q7,Quận 7,2024,12,73
2024-W51,Q8,Quận 8,2024,12,75
2024-W51,TB,Tân Bình,2024,12,84
2024-W51,TD,Thủ Đức,2024,12,240
2024-W51,TP,Tân Phú,2024,12,66
2024-W52,BC,Bình Chánh,2024,12,182
2024-W52,BT,Bình Tân,2024,12,165
2024-W52,BTH,Bình Thạnh,2024,12,74
2024-W52,CC,Củ Chi,2024,12,92
2024-W52,CG,Cần Giờ,2024,12,16
2024-W52,GV,Gò Vấp,2024,12,121
2024-W52,HM,Hóc Môn,2024,12,97
2024-W52,NB,Nhà Bè,2024,12,39
2024-W52,PN,Phú Nhuận,2024,12,12
2024-W52,Q1,Quận 1,2024,12,20
2024-W52,Q10,Quận 10,2024,12,32
2024-W52,Q11,Quận 11,2024,12,34
2024-W52,Q12,Quận 12,2024,12,113
2024-W52,Q3,Quận 3,2024,12,18
2024-W52,Q4,Quận 4,2024,12,20
2024-W52,Q5,Quận 5,2024,12,24
2024-W52,Q6,Quận 6,2024,12,49
2024-W52,Q7,Quận 7,2024,12,51
2024-W52,Q8,Quận 8,2024,12,64
2024-W52,TB,Tân Bình,2024,12,89
2024-W52,TD,Thủ Đức,2024,12,231
2024-W52,TP,Tân Phú,2024,12,84
