district_id;district_name;year;month;week;cases;population;area_km2;density;cases_per_100k
BC;Bình Chánh;2022;1;1;133;705508.0;252.69;2.793;18.852
BT;Bình Tân;2022;1;1;120;784173.0;52.02;15.074;15.303
BTH;Bình Thạnh;2022;1;1;52;499164.0;20.76;24.021;10.417
CG;Cần Giờ;2022;1;1;13;71526.0;704.45;102.0;18.175
CC;Củ Chi;2022;1;1;79;462047.0;434.77;1.063;17.098
GV;Gò Vấp;2022;1;1;74;676899.0;19.73;34.308;10.932
HM;Hóc Môn;2022;1;1;74;542243.0;109.17;4.967;13.647
NB;Nhà Bè;2022;1;1;31;206837.0;100.43;2.06;14.988
PN;Phú Nhuận;2022;1;1;14;163961.0;4.86;33.599;8.539
Q1;Quận 1;2022;1;1;15;142625.0;7.73;18.451;10.517
Q10;Quận 10;2022;1;1;18;234819.0;5.72;41.052;7.665
Q11;Quận 11;2022;1;1;17;209867.0;5.14;40.83;8.1
Q12;Quận 12;2022;1;1;82;620146.0;52.74;11.921;13.223
Q3;Quận 3;2022;1;1;14;190375.0;4.92;38.694;7.354
Q4;Quận 4;2022;1;1;17;175329.0;4.18;41.945;9.696
Q5;Quận 5;2022;1;1;18;159073.0;4.27;37.254;11.316
Q6;Quận 6;2022;1;1;19;233561.0;7.19;32.712;8.135
Q7;Quận 7;2022;1;1;36;360155.0;35.69;10.091;9.996
Q8;Quận 8;2022;1;1;42;424667.0;19.18;22.222;9.89
TB;Tân Bình;2022;1;1;60;474792.0;22.43;21.168;12.637
TP;Tân Phú;2022;1;1;60;485348.0;15.97;30.391;12.362
TD;Thủ Đức;2022;1;1;152;1169967.0;211.56;5.53;12.992
BC;Bình Chánh;2022;1;2;109;705508.0;252.69;2.793;15.45
BT;Bình Tân;2022;1;2;109;784173.0;52.02;15.074;13.9
BTH;Bình Thạnh;2022;1;2;69;499164.0;20.76;24.021;13.823
CG;Cần Giờ;2022;1;2;9;71526.0;704.45;102.0;12.583
CC;Củ Chi;2022;1;2;59;462047.0;434.77;1.063;12.769
GV;Gò Vấp;2022;1;2;92;676899.0;19.73;34.308;13.591
HM;Hóc Môn;2022;1;2;85;542243.0;109.17;4.967;15.676
NB;Nhà Bè;2022;1;2;37;206837.0;100.43;2.06;17.888
PN;Phú Nhuận;2022;1;2;11;163961.0;4.86;33.599;6.709
Q1;Quận 1;2022;1;2;23;142625.0;7.73;18.451;16.126
Q10;Quận 10;2022;1;2;16;234819.0;5.72;41.052;6.814
Q11;Quận 11;2022;1;2;19;209867.0;5.14;40.83;9.053
Q12;Quận 12;2022;1;2;86;620146.0;52.74;11.921;13.868
Q3;Quận 3;2022;1;2;18;190375.0;4.92;38.694;9.455
Q4;Quận 4;2022;1;2;14;175329.0;4.18;41.945;7.985
Q5;Quận 5;2022;1;2;19;159073.0;4.27;37.254;11.944
Q6;Quận 6;2022;1;2;30;233561.0;7.19;32.712;12.845
Q7;Quận 7;2022;1;2;41;360155.0;35.69;10.091;11.384
Q8;Quận 8;2022;1;2;42;424667.0;19.18;22.222;9.89
TB;Tân Bình;2022;1;2;72;474792.0;22.43;21.168;15.165
TP;Tân Phú;2022;1;2;56;485348.0;15.97;30.391;11.538
TD;Thủ Đức;2022;1;2;162;1169967.0;211.56;5.53;13.847
BC;Bình Chánh;2022;1;3;130;705508.0;252.69;2.793;18.426
BT;Bình Tân;2022;1;3;133;784173.0;52.02;15.074;16.961
BTH;Bình Thạnh;2022;1;3;64;499164.0;20.76;24.021;12.821
CG;Cần Giờ;2022;1;3;15;71526.0;704.45;102.0;20.971
CC;Củ Chi;2022;1;3;82;462047.0;434.77;1.063;17.747
GV;Gò Vấp;2022;1;3;79;676899.0;19.73;34.308;11.671
HM;Hóc Môn;2022;1;3;72;542243.0;109.17;4.967;13.278
NB;Nhà Bè;2022;1;3;30;206837.0;100.43;2.06;14.504
PN;Phú Nhuận;2022;1;3;8;163961.0;4.86;33.599;4.879
Q1;Quận 1;2022;1;3;26;142625.0;7.73;18.451;18.23
Q10;Quận 10;2022;1;3;19;234819.0;5.72;41.052;8.091
Q11;Quận 11;2022;1;3;20;209867.0;5.14;40.83;9.53
Q12;Quận 12;2022;1;3;103;620146.0;52.74;11.921;16.609
Q3;Quận 3;2022;1;3;13;190375.0;4.92;38.694;6.829
Q4;Quận 4;2022;1;3;17;175329.0;4.18;41.945;9.696
Q5;Quận 5;2022;1;3;17;159073.0;4.27;37.254;10.687
Q6;Quận 6;2022;1;3;15;233561.0;7.19;32.712;6.422
Q7;Quận 7;2022;1;3;51;360155.0;35.69;10.091;14.161
Q8;Quận 8;2022;1;3;38;424667.0;19.18;22.222;8.948
TB;Tân Bình;2022;1;3;63;474792.0;22.43;21.168;13.269
TP;Tân Phú;2022;1;3;52;485348.0;15.97;30.391;10.714
TD;Thủ Đức;2022;1;3;169;1169967.0;211.56;5.53;14.445
BC;Bình Chánh;2022;1;4;143;705508.0;252.69;2.793;20.269
BT;Bình Tân;2022;1;4;96;784173.0;52.02;15.074;12.242
BTH;Bình Thạnh;2022;1;4;57;499164.0;20.76;24.021;11.419
CG;Cần Giờ;2022;1;4;13;71526.0;704.45;102.0;18.175
CC;Củ Chi;2022;1;4;70;462047.0;434.77;1.063;15.15
GV;Gò Vấp;2022;1;4;88;676899.0;19.73;34.308;13.0
HM;Hóc Môn;2022;1;4;85;542243.0;109.17;4.967;15.676
NB;Nhà Bè;2022;1;4;43;206837.0;100.43;2.06;20.789
PN;Phú Nhuận;2022;1;4;11;163961.0;4.86;33.599;6.709
Q1;Quận 1;2022;1;4;14;142625.0;7.73;18.451;9.816
Q10;Quận 10;2022;1;4;23;234819.0;5.72;41.052;9.795
Q11;Quận 11;2022;1;4;22;209867.0;5.14;40.83;10.483
Q12;Quận 12;2022;1;4;66;620146.0;52.74;11.921;10.643
Q3;Quận 3;2022;1;4;19;190375.0;4.92;38.694;9.98
Q4;Quận 4;2022;1;4;18;175329.0;4.18;41.945;10.266
Q5;Quận 5;2022;1;4;18;159073.0;4.27;37.254;11.316
Q6;Quận 6;2022;1;4;28;233561.0;7.19;32.712;11.988
Q7;Quận 7;2022;1;4;31;360155.0;35.69;10.091;8.607
Q8;Quận 8;2022;1;4;47;424667.0;19.18;22.222;11.067
TB;Tân Bình;2022;1;4;63;474792.0;22.43;21.168;13.269
TP;Tân Phú;2022;1;4;63;485348.0;15.97;30.391;12.98
TD;Thủ Đức;2022;1;4;167;1169967.0;211.56;5.53;14.274
BC;Bình Chánh;2022;1;5;143;705508.0;252.69;2.793;20.269
BT;Bình Tân;2022;1;5;118;784173.0;52.02;15.074;15.048
BTH;Bình Thạnh;2022;1;5;49;499164.0;20.76;24.021;9.816
CG;Cần Giờ;2022;1;5;9;71526.0;704.45;102.0;12.583
CC;Củ Chi;2022;1;5;82;462047.0;434.77;1.063;17.747
GV;Gò Vấp;2022;1;5;93;676899.0;19.73;34.308;13.739
HM;Hóc Môn;2022;1;5;82;542243.0;109.17;4.967;15.122
NB;Nhà Bè;2022;1;5;26;206837.0;100.43;2.06;12.57
PN;Phú Nhuận;2022;1;5;11;163961.0;4.86;33.599;6.709
Q1;Quận 1;2022;1;5;19;142625.0;7.73;18.451;13.322
Q10;Quận 10;2022;1;5;26;234819.0;5.72;41.052;11.072
Q11;Quận 11;2022;1;5;21;209867.0;5.14;40.83;10.006
Q12;Quận 12;2022;1;5;74;620146.0;52.74;11.921;11.933
Q3;Quận 3;2022;1;5;17;190375.0;4.92;38.694;8.93
Q4;Quận 4;2022;1;5;15;175329.0;4.18;41.945;8.555
Q5;Quận 5;2022;1;5;24;159073.0;4.27;37.254;15.087
Q6;Quận 6;2022;1;5;27;233561.0;7.19;32.712;11.56
Q7;Quận 7;2022;1;5;33;360155.0;35.69;10.091;9.163
Q8;Quận 8;2022;1;5;56;424667.0;19.18;22.222;13.187
TB;Tân Bình;2022;1;5;64;474792.0;22.43;21.168;13.48
TP;Tân Phú;2022;1;5;55;485348.0;15.97;30.391;11.332
TD;Thủ Đức;2022;1;5;188;1169967.0;211.56;5.53;16.069
BC;Bình Chánh;2022;2;6;139;705508.0;252.69;2.793;19.702
BT;Bình Tân;2022;2;6;124;784173.0;52.02;15.074;15.813
BTH;Bình Thạnh;2022;2;6;66;499164.0;20.76;24.021;13.222
CG;Cần Giờ;2022;2;6;17;71526.0;704.45;102.0;23.768
CC;Củ Chi;2022;2;6;67;462047.0;434.77;1.063;14.501
GV;Gò Vấp;2022;2;6;87;676899.0;19.73;34.308;12.853
HM;Hóc Môn;2022;2;6;79;542243.0;109.17;4.967;14.569
NB;Nhà Bè;2022;2;6;28;206837.0;100.43;2.06;13.537
PN;Phú Nhuận;2022;2;6;17;163961.0;4.86;33.599;10.368
Q1;Quận 1;2022;2;6;12;142625.0;7.73;18.451;8.414
Q10;Quận 10;2022;2;6;23;234819.0;5.72;41.052;9.795
Q11;Quận 11;2022;2;6;24;209867.0;5.14;40.83;11.436
Q12;Quận 12;2022;2;6;61;620146.0;52.74;11.921;9.836
Q3;Quận 3;2022;2;6;14;190375.0;4.92;38.694;7.354
Q4;Quận 4;2022;2;6;21;175329.0;4.18;41.945;11.977
Q5;Quận 5;2022;2;6;20;159073.0;4.27;37.254;12.573
Q6;Quận 6;2022;2;6;25;233561.0;7.19;32.712;10.704
Q7;Quận 7;2022;2;6;48;360155.0;35.69;10.091;13.328
Q8;Quận 8;2022;2;6;45;424667.0;19.18;22.222;10.597
TB;Tân Bình;2022;2;6;51;474792.0;22.43;21.168;10.742
TP;Tân Phú;2022;2;6;59;485348.0;15.97;30.391;12.156
TD;Thủ Đức;2022;2;6;181;1169967.0;211.56;5.53;15.471
BC;Bình Chánh;2022;2;7;167;705508.0;252.69;2.793;23.671
BT;Bình Tân;2022;2;7;116;784173.0;52.02;15.074;14.793
BTH;Bình Thạnh;2022;2;7;60;499164.0;20.76;24.021;12.02
CG;Cần Giờ;2022;2;7;10;71526.0;704.45;102.0;13.981
CC;Củ Chi;2022;2;7;51;462047.0;434.77;1.063;11.038
GV;Gò Vấp;2022;2;7;96;676899.0;19.73;34.308;14.182
HM;Hóc Môn;2022;2;7;80;542243.0;109.17;4.967;14.754
NB;Nhà Bè;2022;2;7;32;206837.0;100.43;2.06;15.471
PN;Phú Nhuận;2022;2;7;9;163961.0;4.86;33.599;5.489
Q1;Quận 1;2022;2;7;16;142625.0;7.73;18.451;11.218
Q10;Quận 10;2022;2;7;21;234819.0;5.72;41.052;8.943
Q11;Quận 11;2022;2;7;20;209867.0;5.14;40.83;9.53
Q12;Quận 12;2022;2;7;81;620146.0;52.74;11.921;13.061
Q3;Quận 3;2022;2;7;15;190375.0;4.92;38.694;7.879
Q4;Quận 4;2022;2;7;12;175329.0;4.18;41.945;6.844
Q5;Quận 5;2022;2;7;24;159073.0;4.27;37.254;15.087
Q6;Quận 6;2022;2;7;25;233561.0;7.19;32.712;10.704
Q7;Quận 7;2022;2;7;40;360155.0;35.69;10.091;11.106
Q8;Quận 8;2022;2;7;61;424667.0;19.18;22.222;14.364
TB;Tân Bình;2022;2;7;52;474792.0;22.43;21.168;10.952
TP;Tân Phú;2022;2;7;47;485348.0;15.97;30.391;9.684
TD;Thủ Đức;2022;2;7;155;1169967.0;211.56;5.53;13.248
BC;Bình Chánh;2022;2;8;118;705508.0;252.69;2.793;16.726
BT;Bình Tân;2022;2;8;127;784173.0;52.02;15.074;16.195
BTH;Bình Thạnh;2022;2;8;70;499164.0;20.76;24.021;14.023
CG;Cần Giờ;2022;2;8;7;71526.0;704.45;102.0;9.787
CC;Củ Chi;2022;2;8;74;462047.0;434.77;1.063;16.016
GV;Gò Vấp;2022;2;8;92;676899.0;19.73;34.308;13.591
HM;Hóc Môn;2022;2;8;75;542243.0;109.17;4.967;13.831
NB;Nhà Bè;2022;2;8;37;206837.0;100.43;2.06;17.888
PN;Phú Nhuận;2022;2;8;12;163961.0;4.86;33.599;7.319
Q1;Quận 1;2022;2;8;16;142625.0;7.73;18.451;11.218
Q10;Quận 10;2022;2;8;25;234819.0;5.72;41.052;10.646
Q11;Quận 11;2022;2;8;26;209867.0;5.14;40.83;12.389
Q12;Quận 12;2022;2;8;68;620146.0;52.74;11.921;10.965
Q3;Quận 3;2022;2;8;13;190375.0;4.92;38.694;6.829
Q4;Quận 4;2022;2;8;18;175329.0;4.18;41.945;10.266
Q5;Quận 5;2022;2;8;15;159073.0;4.27;37.254;9.43
Q6;Quận 6;2022;2;8;35;233561.0;7.19;32.712;14.985
Q7;Quận 7;2022;2;8;38;360155.0;35.69;10.091;10.551
Q8;Quận 8;2022;2;8;63;424667.0;19.18;22.222;14.835
TB;Tân Bình;2022;2;8;63;474792.0;22.43;21.168;13.269
TP;Tân Phú;2022;2;8;54;485348.0;15.97;30.391;11.126
TD;Thủ Đức;2022;2;8;184;1169967.0;211.56;5.53;15.727
BC;Bình Chánh;2022;2;9;152;705508.0;252.69;2.793;21.545
BT;Bình Tân;2022;2;9;98;784173.0;52.02;15.074;12.497
BTH;Bình Thạnh;2022;2;9;46;499164.0;20.76;24.021;9.215
CG;Cần Giờ;2022;2;9;11;71526.0;704.45;102.0;15.379
CC;Củ Chi;2022;2;9;67;462047.0;434.77;1.063;14.501
GV;Gò Vấp;2022;2;9;75;676899.0;19.73;34.308;11.08
HM;Hóc Môn;2022;2;9;85;542243.0;109.17;4.967;15.676
NB;Nhà Bè;2022;2;9;23;206837.0;100.43;2.06;11.12
PN;Phú Nhuận;2022;2;9;7;163961.0;4.86;33.599;4.269
Q1;Quận 1;2022;2;9;20;142625.0;7.73;18.451;14.023
Q10;Quận 10;2022;2;9;18;234819.0;5.72;41.052;7.665
Q11;Quận 11;2022;2;9;20;209867.0;5.14;40.83;9.53
Q12;Quận 12;2022;2;9;89;620146.0;52.74;11.921;14.351
Q3;Quận 3;2022;2;9;12;190375.0;4.92;38.694;6.303
Q4;Quận 4;2022;2;9;14;175329.0;4.18;41.945;7.985
Q5;Quận 5;2022;2;9;8;159073.0;4.27;37.254;5.029
Q6;Quận 6;2022;2;9;19;233561.0;7.19;32.712;8.135
Q7;Quận 7;2022;2;9;46;360155.0;35.69;10.091;12.772
Q8;Quận 8;2022;2;9;66;424667.0;19.18;22.222;15.542
TB;Tân Bình;2022;2;9;56;474792.0;22.43;21.168;11.795
TP;Tân Phú;2022;2;9;45;485348.0;15.97;30.391;9.272
TD;Thủ Đức;2022;2;9;183;1169967.0;211.56;5.53;15.641
BC;Bình Chánh;2022;3;10;141;705508.0;252.69;2.793;19.986
BT;Bình Tân;2022;3;10;119;784173.0;52.02;15.074;15.175
BTH;Bình Thạnh;2022;3;10;44;499164.0;20.76;24.021;8.815
CG;Cần Giờ;2022;3;10;11;71526.0;704.45;102.0;15.379
CC;Củ Chi;2022;3;10;66;462047.0;434.77;1.063;14.284
GV;Gò Vấp;2022;3;10;86;676899.0;19.73;34.308;12.705
HM;Hóc Môn;2022;3;10;84;542243.0;109.17;4.967;15.491
NB;Nhà Bè;2022;3;10;36;206837.0;100.43;2.06;17.405
PN;Phú Nhuận;2022;3;10;11;163961.0;4.86;33.599;6.709
Q1;Quận 1;2022;3;10;20;142625.0;7.73;18.451;14.023
Q10;Quận 10;2022;3;10;29;234819.0;5.72;41.052;12.35
Q11;Quận 11;2022;3;10;24;209867.0;5.14;40.83;11.436
Q12;Quận 12;2022;3;10;99;620146.0;52.74;11.921;15.964
Q3;Quận 3;2022;3;10;5;190375.0;4.92;38.694;2.626
Q4;Quận 4;2022;3;10;19;175329.0;4.18;41.945;10.837
Q5;Quận 5;2022;3;10;18;159073.0;4.27;37.254;11.316
Q6;Quận 6;2022;3;10;33;233561.0;7.19;32.712;14.129
Q7;Quận 7;2022;3;10;40;360155.0;35.69;10.091;11.106
Q8;Quận 8;2022;3;10;56;424667.0;19.18;22.222;13.187
TB;Tân Bình;2022;3;10;60;474792.0;22.43;21.168;12.637
TP;Tân Phú;2022;3;10;78;485348.0;15.97;30.391;16.071
TD;Thủ Đức;2022;3;10;168;1169967.0;211.56;5.53;14.359
BC;Bình Chánh;2022;3;11;148;705508.0;252.69;2.793;20.978
BT;Bình Tân;2022;3;11;102;784173.0;52.02;15.074;13.007
BTH;Bình Thạnh;2022;3;11;64;499164.0;20.76;24.021;12.821
CG;Cần Giờ;2022;3;11;12;71526.0;704.45;102.0;16.777
CC;Củ Chi;2022;3;11;74;462047.0;434.77;1.063;16.016
GV;Gò Vấp;2022;3;11;100;676899.0;19.73;34.308;14.773
HM;Hóc Môn;2022;3;11;71;542243.0;109.17;4.967;13.094
NB;Nhà Bè;2022;3;11;38;206837.0;100.43;2.06;18.372
PN;Phú Nhuận;2022;3;11;16;163961.0;4.86;33.599;9.758
Q1;Quận 1;2022;3;11;13;142625.0;7.73;18.451;9.115
Q10;Quận 10;2022;3;11;18;234819.0;5.72;41.052;7.665
Q11;Quận 11;2022;3;11;21;209867.0;5.14;40.83;10.006
Q12;Quận 12;2022;3;11;97;620146.0;52.74;11.921;15.641
Q3;Quận 3;2022;3;11;14;190375.0;4.92;38.694;7.354
Q4;Quận 4;2022;3;11;20;175329.0;4.18;41.945;11.407
Q5;Quận 5;2022;3;11;12;159073.0;4.27;37.254;7.544
Q6;Quận 6;2022;3;11;27;233561.0;7.19;32.712;11.56
Q7;Quận 7;2022;3;11;42;360155.0;35.69;10.091;11.662
Q8;Quận 8;2022;3;11;51;424667.0;19.18;22.222;12.009
TB;Tân Bình;2022;3;11;48;474792.0;22.43;21.168;10.11
TP;Tân Phú;2022;3;11;50;485348.0;15.97;30.391;10.302
TD;Thủ Đức;2022;3;11;164;1169967.0;211.56;5.53;14.017
BC;Bình Chánh;2022;3;12;133;705508.0;252.69;2.793;18.852
BT;Bình Tân;2022;3;12;136;784173.0;52.02;15.074;17.343
BTH;Bình Thạnh;2022;3;12;68;499164.0;20.76;24.021;13.623
CG;Cần Giờ;2022;3;12;9;71526.0;704.45;102.0;12.583
CC;Củ Chi;2022;3;12;64;462047.0;434.77;1.063;13.851
GV;Gò Vấp;2022;3;12;79;676899.0;19.73;34.308;11.671
HM;Hóc Môn;2022;3;12;71;542243.0;109.17;4.967;13.094
NB;Nhà Bè;2022;3;12;28;206837.0;100.43;2.06;13.537
PN;Phú Nhuận;2022;3;12;14;163961.0;4.86;33.599;8.539
Q1;Quận 1;2022;3;12;20;142625.0;7.73;18.451;14.023
Q10;Quận 10;2022;3;12;11;234819.0;5.72;41.052;4.684
Q11;Quận 11;2022;3;12;18;209867.0;5.14;40.83;8.577
Q12;Quận 12;2022;3;12;81;620146.0;52.74;11.921;13.061
Q3;Quận 3;2022;3;12;15;190375.0;4.92;38.694;7.879
Q4;Quận 4;2022;3;12;21;175329.0;4.18;41.945;11.977
Q5;Quận 5;2022;3;12;17;159073.0;4.27;37.254;10.687
Q6;Quận 6;2022;3;12;20;233561.0;7.19;32.712;8.563
Q7;Quận 7;2022;3;12;43;360155.0;35.69;10.091;11.939
Q8;Quận 8;2022;3;12;44;424667.0;19.18;22.222;10.361
TB;Tân Bình;2022;3;12;55;474792.0;22.43;21.168;11.584
TP;Tân Phú;2022;3;12;63;485348.0;15.97;30.391;12.98
TD;Thủ Đức;2022;3;12;196;1169967.0;211.56;5.53;16.753
BC;Bình Chánh;2022;3;13;127;705508.0;252.69;2.793;18.001
BT;Bình Tân;2022;3;13;124;784173.0;52.02;15.074;15.813
BTH;Bình Thạnh;2022;3;13;63;499164.0;20.76;24.021;12.621
CG;Cần Giờ;2022;3;13;10;71526.0;704.45;102.0;13.981
CC;Củ Chi;2022;3;13;78;462047.0;434.77;1.063;16.881
GV;Gò Vấp;2022;3;13;93;676899.0;19.73;34.308;13.739
HM;Hóc Môn;2022;3;13;71;542243.0;109.17;4.967;13.094
NB;Nhà Bè;2022;3;13;29;206837.0;100.43;2.06;14.021
PN;Phú Nhuận;2022;3;13;10;163961.0;4.86;33.599;6.099
Q1;Quận 1;2022;3;13;11;142625.0;7.73;18.451;7.713
Q10;Quận 10;2022;3;13;14;234819.0;5.72;41.052;5.962
Q11;Quận 11;2022;3;13;28;209867.0;5.14;40.83;13.342
Q12;Quận 12;2022;3;13;75;620146.0;52.74;11.921;12.094
Q3;Quận 3;2022;3;13;21;190375.0;4.92;38.694;11.031
Q4;Quận 4;2022;3;13;23;175329.0;4.18;41.945;13.118
Q5;Quận 5;2022;3;13;21;159073.0;4.27;37.254;13.201
Q6;Quận 6;2022;3;13;25;233561.0;7.19;32.712;10.704
Q7;Quận 7;2022;3;13;44;360155.0;35.69;10.091;12.217
Q8;Quận 8;2022;3;13;40;424667.0;19.18;22.222;9.419
TB;Tân Bình;2022;3;13;58;474792.0;22.43;21.168;12.216
TP;Tân Phú;2022;3;13;53;485348.0;15.97;30.391;10.92
TD;Thủ Đức;2022;3;13;187;1169967.0;211.56;5.53;15.983
BC;Bình Chánh;2022;4;14;144;705508.0;252.69;2.793;20.411
BT;Bình Tân;2022;4;14;117;784173.0;52.02;15.074;14.92
BTH;Bình Thạnh;2022;4;14;60;499164.0;20.76;24.021;12.02
CG;Cần Giờ;2022;4;14;16;71526.0;704.45;102.0;22.369
CC;Củ Chi;2022;4;14;75;462047.0;434.77;1.063;16.232
GV;Gò Vấp;2022;4;14;87;676899.0;19.73;34.308;12.853
HM;Hóc Môn;2022;4;14;74;542243.0;109.17;4.967;13.647
NB;Nhà Bè;2022;4;14;46;206837.0;100.43;2.06;22.24
PN;Phú Nhuận;2022;4;14;15;163961.0;4.86;33.599;9.149
Q1;Quận 1;2022;4;14;15;142625.0;7.73;18.451;10.517
Q10;Quận 10;2022;4;14;23;234819.0;5.72;41.052;9.795
Q11;Quận 11;2022;4;14;22;209867.0;5.14;40.83;10.483
Q12;Quận 12;2022;4;14;84;620146.0;52.74;11.921;13.545
Q3;Quận 3;2022;4;14;13;190375.0;4.92;38.694;6.829
Q4;Quận 4;2022;4;14;21;175329.0;4.18;41.945;11.977
Q5;Quận 5;2022;4;14;21;159073.0;4.27;37.254;13.201
Q6;Quận 6;2022;4;14;24;233561.0;7.19;32.712;10.276
Q7;Quận 7;2022;4;14;42;360155.0;35.69;10.091;11.662
Q8;Quận 8;2022;4;14;62;424667.0;19.18;22.222;14.6
TB;Tân Bình;2022;4;14;68;474792.0;22.43;21.168;14.322
TP;Tân Phú;2022;4;14;53;485348.0;15.97;30.391;10.92
TD;Thủ Đức;2022;4;14;194;1169967.0;211.56;5.53;16.582
BC;Bình Chánh;2022;4;15;171;705508.0;252.69;2.793;24.238
BT;Bình Tân;2022;4;15;112;784173.0;52.02;15.074;14.283
BTH;Bình Thạnh;2022;4;15;61;499164.0;20.76;24.021;12.22
CG;Cần Giờ;2022;4;15;11;71526.0;704.45;102.0;15.379
CC;Củ Chi;2022;4;15;65;462047.0;434.77;1.063;14.068
GV;Gò Vấp;2022;4;15;102;676899.0;19.73;34.308;15.069
HM;Hóc Môn;2022;4;15;80;542243.0;109.17;4.967;14.754
NB;Nhà Bè;2022;4;15;39;206837.0;100.43;2.06;18.855
PN;Phú Nhuận;2022;4;15;17;163961.0;4.86;33.599;10.368
Q1;Quận 1;2022;4;15;16;142625.0;7.73;18.451;11.218
Q10;Quận 10;2022;4;15;22;234819.0;5.72;41.052;9.369
Q11;Quận 11;2022;4;15;24;209867.0;5.14;40.83;11.436
Q12;Quận 12;2022;4;15;77;620146.0;52.74;11.921;12.416
Q3;Quận 3;2022;4;15;14;190375.0;4.92;38.694;7.354
Q4;Quận 4;2022;4;15;31;175329.0;4.18;41.945;17.681
Q5;Quận 5;2022;4;15;20;159073.0;4.27;37.254;12.573
Q6;Quận 6;2022;4;15;30;233561.0;7.19;32.712;12.845
Q7;Quận 7;2022;4;15;43;360155.0;35.69;10.091;11.939
Q8;Quận 8;2022;4;15;50;424667.0;19.18;22.222;11.774
TB;Tân Bình;2022;4;15;77;474792.0;22.43;21.168;16.218
TP;Tân Phú;2022;4;15;66;485348.0;15.97;30.391;13.598
TD;Thủ Đức;2022;4;15;163;1169967.0;211.56;5.53;13.932
BC;Bình Chánh;2022;4;16;168;705508.0;252.69;2.793;23.813
BT;Bình Tân;2022;4;16;123;784173.0;52.02;15.074;15.685
BTH;Bình Thạnh;2022;4;16;70;499164.0;20.76;24.021;14.023
CG;Cần Giờ;2022;4;16;11;71526.0;704.45;102.0;15.379
CC;Củ Chi;2022;4;16;85;462047.0;434.77;1.063;18.396
GV;Gò Vấp;2022;4;16;87;676899.0;19.73;34.308;12.853
HM;Hóc Môn;2022;4;16;79;542243.0;109.17;4.967;14.569
NB;Nhà Bè;2022;4;16;36;206837.0;100.43;2.06;17.405
PN;Phú Nhuận;2022;4;16;21;163961.0;4.86;33.599;12.808
Q1;Quận 1;2022;4;16;21;142625.0;7.73;18.451;14.724
Q10;Quận 10;2022;4;16;16;234819.0;5.72;41.052;6.814
Q11;Quận 11;2022;4;16;25;209867.0;5.14;40.83;11.912
Q12;Quận 12;2022;4;16;72;620146.0;52.74;11.921;11.61
Q3;Quận 3;2022;4;16;11;190375.0;4.92;38.694;5.778
Q4;Quận 4;2022;4;16;24;175329.0;4.18;41.945;13.689
Q5;Quận 5;2022;4;16;22;159073.0;4.27;37.254;13.83
Q6;Quận 6;2022;4;16;30;233561.0;7.19;32.712;12.845
Q7;Quận 7;2022;4;16;44;360155.0;35.69;10.091;12.217
Q8;Quận 8;2022;4;16;44;424667.0;19.18;22.222;10.361
TB;Tân Bình;2022;4;16;64;474792.0;22.43;21.168;13.48
TP;Tân Phú;2022;4;16;69;485348.0;15.97;30.391;14.217
TD;Thủ Đức;2022;4;16;206;1169967.0;211.56;5.53;17.607
BC;Bình Chánh;2022;4;17;149;705508.0;252.69;2.793;21.12
BT;Bình Tân;2022;4;17;142;784173.0;52.02;15.074;18.108
BTH;Bình Thạnh;2022;4;17;75;499164.0;20.76;24.021;15.025
CG;Cần Giờ;2022;4;17;8;71526.0;704.45;102.0;11.185
CC;Củ Chi;2022;4;17;87;462047.0;434.77;1.063;18.829
GV;Gò Vấp;2022;4;17;108;676899.0;19.73;34.308;15.955
HM;Hóc Môn;2022;4;17;97;542243.0;109.17;4.967;17.889
NB;Nhà Bè;2022;4;17;33;206837.0;100.43;2.06;15.955
PN;Phú Nhuận;2022;4;17;11;163961.0;4.86;33.599;6.709
Q1;Quận 1;2022;4;17;15;142625.0;7.73;18.451;10.517
Q10;Quận 10;2022;4;17;21;234819.0;5.72;41.052;8.943
Q11;Quận 11;2022;4;17;31;209867.0;5.14;40.83;14.771
Q12;Quận 12;2022;4;17;85;620146.0;52.74;11.921;13.706
Q3;Quận 3;2022;4;17;16;190375.0;4.92;38.694;8.404
Q4;Quận 4;2022;4;17;25;175329.0;4.18;41.945;14.259
Q5;Quận 5;2022;4;17;19;159073.0;4.27;37.254;11.944
Q6;Quận 6;2022;4;17;27;233561.0;7.19;32.712;11.56
Q7;Quận 7;2022;4;17;53;360155.0;35.69;10.091;14.716
Q8;Quận 8;2022;4;17;63;424667.0;19.18;22.222;14.835
TB;Tân Bình;2022;4;17;81;474792.0;22.43;21.168;17.06
TP;Tân Phú;2022;4;17;66;485348.0;15.97;30.391;13.598
TD;Thủ Đức;2022;4;17;192;1169967.0;211.56;5.53;16.411
BC;Bình Chánh;2022;4;18;169;705508.0;252.69;2.793;23.954
BT;Bình Tân;2022;4;18;120;784173.0;52.02;15.074;15.303
BTH;Bình Thạnh;2022;4;18;63;499164.0;20.76;24.021;12.621
CG;Cần Giờ;2022;4;18;9;71526.0;704.45;102.0;12.583
CC;Củ Chi;2022;4;18;77;462047.0;434.77;1.063;16.665
GV;Gò Vấp;2022;4;18;105;676899.0;19.73;34.308;15.512
HM;Hóc Môn;2022;4;18;86;542243.0;109.17;4.967;15.86
NB;Nhà Bè;2022;4;18;46;206837.0;100.43;2.06;22.24
PN;Phú Nhuận;2022;4;18;17;163961.0;4.86;33.599;10.368
Q1;Quận 1;2022;4;18;20;142625.0;7.73;18.451;14.023
Q10;Quận 10;2022;4;18;23;234819.0;5.72;41.052;9.795
Q11;Quận 11;2022;4;18;20;209867.0;5.14;40.83;9.53
Q12;Quận 12;2022;4;18;79;620146.0;52.74;11.921;12.739
Q3;Quận 3;2022;4;18;12;190375.0;4.92;38.694;6.303
Q4;Quận 4;2022;4;18;21;175329.0;4.18;41.945;11.977
Q5;Quận 5;2022;4;18;22;159073.0;4.27;37.254;13.83
Q6;Quận 6;2022;4;18;32;233561.0;7.19;32.712;13.701
Q7;Quận 7;2022;4;18;53;360155.0;35.69;10.091;14.716
Q8;Quận 8;2022;4;18;57;424667.0;19.18;22.222;13.422
TB;Tân Bình;2022;4;18;71;474792.0;22.43;21.168;14.954
TP;Tân Phú;2022;4;18;65;485348.0;15.97;30.391;13.392
TD;Thủ Đức;2022;4;18;187;1169967.0;211.56;5.53;15.983
BC;Bình Chánh;2022;5;19;178;705508.0;252.69;2.793;25.23
BT;Bình Tân;2022;5;19;146;784173.0;52.02;15.074;18.618
BTH;Bình Thạnh;2022;5;19;68;499164.0;20.76;24.021;13.623
CG;Cần Giờ;2022;5;19;18;71526.0;704.45;102.0;25.166
CC;Củ Chi;2022;5;19;79;462047.0;434.77;1.063;17.098
GV;Gò Vấp;2022;5;19;99;676899.0;19.73;34.308;14.626
HM;Hóc Môn;2022;5;19;115;542243.0;109.17;4.967;21.208
NB;Nhà Bè;2022;5;19;53;206837.0;100.43;2.06;25.624
PN;Phú Nhuận;2022;5;19;12;163961.0;4.86;33.599;7.319
Q1;Quận 1;2022;5;19;26;142625.0;7.73;18.451;18.23
Q10;Quận 10;2022;5;19;19;234819.0;5.72;41.052;8.091
Q11;Quận 11;2022;5;19;37;209867.0;5.14;40.83;17.63
Q12;Quận 12;2022;5;19;88;620146.0;52.74;11.921;14.19
Q3;Quận 3;2022;5;19;23;190375.0;4.92;38.694;12.081
Q4;Quận 4;2022;5;19;28;175329.0;4.18;41.945;15.97
Q5;Quận 5;2022;5;19;29;159073.0;4.27;37.254;18.231
Q6;Quận 6;2022;5;19;29;233561.0;7.19;32.712;12.416
Q7;Quận 7;2022;5;19;44;360155.0;35.69;10.091;12.217
Q8;Quận 8;2022;5;19;44;424667.0;19.18;22.222;10.361
TB;Tân Bình;2022;5;19;69;474792.0;22.43;21.168;14.533
TP;Tân Phú;2022;5;19;55;485348.0;15.97;30.391;11.332
TD;Thủ Đức;2022;5;19;216;1169967.0;211.56;5.53;18.462
BC;Bình Chánh;2022;5;20;168;705508.0;252.69;2.793;23.813
BT;Bình Tân;2022;5;20;160;784173.0;52.02;15.074;20.404
BTH;Bình Thạnh;2022;5;20;70;499164.0;20.76;24.021;14.023
CG;Cần Giờ;2022;5;20;20;71526.0;704.45;102.0;27.962
CC;Củ Chi;2022;5;20;101;462047.0;434.77;1.063;21.859
GV;Gò Vấp;2022;5;20;127;676899.0;19.73;34.308;18.762
HM;Hóc Môn;2022;5;20;110;542243.0;109.17;4.967;20.286
NB;Nhà Bè;2022;5;20;40;206837.0;100.43;2.06;19.339
PN;Phú Nhuận;2022;5;20;20;163961.0;4.86;33.599;12.198
Q1;Quận 1;2022;5;20;21;142625.0;7.73;18.451;14.724
Q10;Quận 10;2022;5;20;20;234819.0;5.72;41.052;8.517
Q11;Quận 11;2022;5;20;25;209867.0;5.14;40.83;11.912
Q12;Quận 12;2022;5;20;95;620146.0;52.74;11.921;15.319
Q3;Quận 3;2022;5;20;7;190375.0;4.92;38.694;3.677
Q4;Quận 4;2022;5;20;24;175329.0;4.18;41.945;13.689
Q5;Quận 5;2022;5;20;24;159073.0;4.27;37.254;15.087
Q6;Quận 6;2022;5;20;32;233561.0;7.19;32.712;13.701
Q7;Quận 7;2022;5;20;67;360155.0;35.69;10.091;18.603
Q8;Quận 8;2022;5;20;61;424667.0;19.18;22.222;14.364
TB;Tân Bình;2022;5;20;93;474792.0;22.43;21.168;19.588
TP;Tân Phú;2022;5;20;76;485348.0;15.97;30.391;15.659
TD;Thủ Đức;2022;5;20;208;1169967.0;211.56;5.53;17.778
BC;Bình Chánh;2022;5;21;169;705508.0;252.69;2.793;23.954
BT;Bình Tân;2022;5;21;159;784173.0;52.02;15.074;20.276
BTH;Bình Thạnh;2022;5;21;77;499164.0;20.76;24.021;15.426
CG;Cần Giờ;2022;5;21;18;71526.0;704.45;102.0;25.166
CC;Củ Chi;2022;5;21;101;462047.0;434.77;1.063;21.859
GV;Gò Vấp;2022;5;21;101;676899.0;19.73;34.308;14.921
HM;Hóc Môn;2022;5;21;107;542243.0;109.17;4.967;19.733
NB;Nhà Bè;2022;5;21;37;206837.0;100.43;2.06;17.888
PN;Phú Nhuận;2022;5;21;22;163961.0;4.86;33.599;13.418
Q1;Quận 1;2022;5;21;25;142625.0;7.73;18.451;17.528
Q10;Quận 10;2022;5;21;16;234819.0;5.72;41.052;6.814
Q11;Quận 11;2022;5;21;26;209867.0;5.14;40.83;12.389
Q12;Quận 12;2022;5;21;112;620146.0;52.74;11.921;18.06
Q3;Quận 3;2022;5;21;10;190375.0;4.92;38.694;5.253
Q4;Quận 4;2022;5;21;29;175329.0;4.18;41.945;16.54
Q5;Quận 5;2022;5;21;26;159073.0;4.27;37.254;16.345
Q6;Quận 6;2022;5;21;34;233561.0;7.19;32.712;14.557
Q7;Quận 7;2022;5;21;61;360155.0;35.69;10.091;16.937
Q8;Quận 8;2022;5;21;65;424667.0;19.18;22.222;15.306
TB;Tân Bình;2022;5;21;72;474792.0;22.43;21.168;15.165
TP;Tân Phú;2022;5;21;84;485348.0;15.97;30.391;17.307
TD;Thủ Đức;2022;5;21;246;1169967.0;211.56;5.53;21.026
BC;Bình Chánh;2022;5;22;196;705508.0;252.69;2.793;27.781
BT;Bình Tân;2022;5;22;161;784173.0;52.02;15.074;20.531
BTH;Bình Thạnh;2022;5;22;86;499164.0;20.76;24.021;17.229
CG;Cần Giờ;2022;5;22;21;71526.0;704.45;102.0;29.36
CC;Củ Chi;2022;5;22;105;462047.0;434.77;1.063;22.725
GV;Gò Vấp;2022;5;22;109;676899.0;19.73;34.308;16.103
HM;Hóc Môn;2022;5;22;96;542243.0;109.17;4.967;17.704
NB;Nhà Bè;2022;5;22;51;206837.0;100.43;2.06;24.657
PN;Phú Nhuận;2022;5;22;19;163961.0;4.86;33.599;11.588
Q1;Quận 1;2022;5;22;26;142625.0;7.73;18.451;18.23
Q10;Quận 10;2022;5;22;30;234819.0;5.72;41.052;12.776
Q11;Quận 11;2022;5;22;34;209867.0;5.14;40.83;16.201
Q12;Quận 12;2022;5;22;136;620146.0;52.74;11.921;21.93
Q3;Quận 3;2022;5;22;20;190375.0;4.92;38.694;10.506
Q4;Quận 4;2022;5;22;24;175329.0;4.18;41.945;13.689
Q5;Quận 5;2022;5;22;13;159073.0;4.27;37.254;8.172
Q6;Quận 6;2022;5;22;33;233561.0;7.19;32.712;14.129
Q7;Quận 7;2022;5;22;61;360155.0;35.69;10.091;16.937
Q8;Quận 8;2022;5;22;69;424667.0;19.18;22.222;16.248
TB;Tân Bình;2022;5;22;80;474792.0;22.43;21.168;16.849
TP;Tân Phú;2022;5;22;84;485348.0;15.97;30.391;17.307
TD;Thủ Đức;2022;5;22;233;1169967.0;211.56;5.53;19.915
BC;Bình Chánh;2022;6;23;178;705508.0;252.69;2.793;25.23
BT;Bình Tân;2022;6;23;166;784173.0;52.02;15.074;21.169
BTH;Bình Thạnh;2022;6;23;70;499164.0;20.76;24.021;14.023
CG;Cần Giờ;2022;6;23;18;71526.0;704.45;102.0;25.166
CC;Củ Chi;2022;6;23;120;462047.0;434.77;1.063;25.971
GV;Gò Vấp;2022;6;23;116;676899.0;19.73;34.308;17.137
HM;Hóc Môn;2022;6;23;110;542243.0;109.17;4.967;20.286
NB;Nhà Bè;2022;6;23;43;206837.0;100.43;2.06;20.789
PN;Phú Nhuận;2022;6;23;25;163961.0;4.86;33.599;15.248
Q1;Quận 1;2022;6;23;20;142625.0;7.73;18.451;14.023
Q10;Quận 10;2022;6;23;29;234819.0;5.72;41.052;12.35
Q11;Quận 11;2022;6;23;38;209867.0;5.14;40.83;18.107
Q12;Quận 12;2022;6;23;144;620146.0;52.74;11.921;23.22
Q3;Quận 3;2022;6;23;22;190375.0;4.92;38.694;11.556
Q4;Quận 4;2022;6;23;21;175329.0;4.18;41.945;11.977
Q5;Quận 5;2022;6;23;31;159073.0;4.27;37.254;19.488
Q6;Quận 6;2022;6;23;42;233561.0;7.19;32.712;17.982
Q7;Quận 7;2022;6;23;46;360155.0;35.69;10.091;12.772
Q8;Quận 8;2022;6;23;70;424667.0;19.18;22.222;16.484
TB;Tân Bình;2022;6;23;75;474792.0;22.43;21.168;15.796
TP;Tân Phú;2022;6;23;64;485348.0;15.97;30.391;13.186
TD;Thủ Đức;2022;6;23;234;1169967.0;211.56;5.53;20.001
BC;Bình Chánh;2022;6;24;193;705508.0;252.69;2.793;27.356
BT;Bình Tân;2022;6;24;161;784173.0;52.02;15.074;20.531
BTH;Bình Thạnh;2022;6;24;91;499164.0;20.76;24.021;18.23
CG;Cần Giờ;2022;6;24;19;71526.0;704.45;102.0;26.564
CC;Củ Chi;2022;6;24;110;462047.0;434.77;1.063;23.807
GV;Gò Vấp;2022;6;24;122;676899.0;19.73;34.308;18.023
HM;Hóc Môn;2022;6;24;103;542243.0;109.17;4.967;18.995
NB;Nhà Bè;2022;6;24;49;206837.0;100.43;2.06;23.69
PN;Phú Nhuận;2022;6;24;20;163961.0;4.86;33.599;12.198
Q1;Quận 1;2022;6;24;23;142625.0;7.73;18.451;16.126
Q10;Quận 10;2022;6;24;19;234819.0;5.72;41.052;8.091
Q11;Quận 11;2022;6;24;16;209867.0;5.14;40.83;7.624
Q12;Quận 12;2022;6;24;113;620146.0;52.74;11.921;18.222
Q3;Quận 3;2022;6;24;20;190375.0;4.92;38.694;10.506
Q4;Quận 4;2022;6;24;35;175329.0;4.18;41.945;19.962
Q5;Quận 5;2022;6;24;18;159073.0;4.27;37.254;11.316
Q6;Quận 6;2022;6;24;40;233561.0;7.19;32.712;17.126
Q7;Quận 7;2022;6;24;42;360155.0;35.69;10.091;11.662
Q8;Quận 8;2022;6;24;73;424667.0;19.18;22.222;17.19
TB;Tân Bình;2022;6;24;93;474792.0;22.43;21.168;19.588
TP;Tân Phú;2022;6;24;80;485348.0;15.97;30.391;16.483
TD;Thủ Đức;2022;6;24;226;1169967.0;211.56;5.53;19.317
BC;Bình Chánh;2022;6;25;210;705508.0;252.69;2.793;29.766
BT;Bình Tân;2022;6;25;169;784173.0;52.02;15.074;21.551
BTH;Bình Thạnh;2022;6;25;92;499164.0;20.76;24.021;18.431
CG;Cần Giờ;2022;6;25;10;71526.0;704.45;102.0;13.981
CC;Củ Chi;2022;6;25;97;462047.0;434.77;1.063;20.994
GV;Gò Vấp;2022;6;25;142;676899.0;19.73;34.308;20.978
HM;Hóc Môn;2022;6;25;109;542243.0;109.17;4.967;20.102
NB;Nhà Bè;2022;6;25;51;206837.0;100.43;2.06;24.657
PN;Phú Nhuận;2022;6;25;20;163961.0;4.86;33.599;12.198
Q1;Quận 1;2022;6;25;21;142625.0;7.73;18.451;14.724
Q10;Quận 10;2022;6;25;19;234819.0;5.72;41.052;8.091
Q11;Quận 11;2022;6;25;28;209867.0;5.14;40.83;13.342
Q12;Quận 12;2022;6;25;134;620146.0;52.74;11.921;21.608
Q3;Quận 3;2022;6;25;23;190375.0;4.92;38.694;12.081
Q4;Quận 4;2022;6;25;28;175329.0;4.18;41.945;15.97
Q5;Quận 5;2022;6;25;30;159073.0;4.27;37.254;18.859
Q6;Quận 6;2022;6;25;38;233561.0;7.19;32.712;16.27
Q7;Quận 7;2022;6;25;61;360155.0;35.69;10.091;16.937
Q8;Quận 8;2022;6;25;83;424667.0;19.18;22.222;19.545
TB;Tân Bình;2022;6;25;83;474792.0;22.43;21.168;17.481
TP;Tân Phú;2022;6;25;103;485348.0;15.97;30.391;21.222
TD;Thủ Đức;2022;6;25;268;1169967.0;211.56;5.53;22.907
BC;Bình Chánh;2022;6;26;225;705508.0;252.69;2.793;31.892
BT;Bình Tân;2022;6;26;162;784173.0;52.02;15.074;20.659
BTH;Bình Thạnh;2022;6;26;126;499164.0;20.76;24.021;25.242
CG;Cần Giờ;2022;6;26;23;71526.0;704.45;102.0;32.156
CC;Củ Chi;2022;6;26;100;462047.0;434.77;1.063;21.643
GV;Gò Vấp;2022;6;26;129;676899.0;19.73;34.308;19.057
HM;Hóc Môn;2022;6;26;120;542243.0;109.17;4.967;22.13
NB;Nhà Bè;2022;6;26;42;206837.0;100.43;2.06;20.306
PN;Phú Nhuận;2022;6;26;34;163961.0;4.86;33.599;20.737
Q1;Quận 1;2022;6;26;30;142625.0;7.73;18.451;21.034
Q10;Quận 10;2022;6;26;34;234819.0;5.72;41.052;14.479
Q11;Quận 11;2022;6;26;29;209867.0;5.14;40.83;13.818
Q12;Quận 12;2022;6;26;112;620146.0;52.74;11.921;18.06
Q3;Quận 3;2022;6;26;18;190375.0;4.92;38.694;9.455
Q4;Quận 4;2022;6;26;30;175329.0;4.18;41.945;17.111
Q5;Quận 5;2022;6;26;27;159073.0;4.27;37.254;16.973
Q6;Quận 6;2022;6;26;33;233561.0;7.19;32.712;14.129
Q7;Quận 7;2022;6;26;67;360155.0;35.69;10.091;18.603
Q8;Quận 8;2022;6;26;82;424667.0;19.18;22.222;19.309
TB;Tân Bình;2022;6;26;95;474792.0;22.43;21.168;20.009
TP;Tân Phú;2022;6;26;81;485348.0;15.97;30.391;16.689
TD;Thủ Đức;2022;6;26;260;1169967.0;211.56;5.53;22.223
BC;Bình Chánh;2022;7;27;223;705508.0;252.69;2.793;31.608
BT;Bình Tân;2022;7;27;147;784173.0;52.02;15.074;18.746
BTH;Bình Thạnh;2022;7;27;97;499164.0;20.76;24.021;19.432
CG;Cần Giờ;2022;7;27;16;71526.0;704.45;102.0;22.369
CC;Củ Chi;2022;7;27;85;462047.0;434.77;1.063;18.396
GV;Gò Vấp;2022;7;27;140;676899.0;19.73;34.308;20.683
HM;Hóc Môn;2022;7;27;127;542243.0;109.17;4.967;23.421
NB;Nhà Bè;2022;7;27;51;206837.0;100.43;2.06;24.657
PN;Phú Nhuận;2022;7;27;15;163961.0;4.86;33.599;9.149
Q1;Quận 1;2022;7;27;25;142625.0;7.73;18.451;17.528
Q10;Quận 10;2022;7;27;25;234819.0;5.72;41.052;10.646
Q11;Quận 11;2022;7;27;53;209867.0;5.14;40.83;25.254
Q12;Quận 12;2022;7;27;134;620146.0;52.74;11.921;21.608
Q3;Quận 3;2022;7;27;27;190375.0;4.92;38.694;14.183
Q4;Quận 4;2022;7;27;36;175329.0;4.18;41.945;20.533
Q5;Quận 5;2022;7;27;36;159073.0;4.27;37.254;22.631
Q6;Quận 6;2022;7;27;42;233561.0;7.19;32.712;17.982
Q7;Quận 7;2022;7;27;76;360155.0;35.69;10.091;21.102
Q8;Quận 8;2022;7;27;80;424667.0;19.18;22.222;18.838
TB;Tân Bình;2022;7;27;87;474792.0;22.43;21.168;18.324
TP;Tân Phú;2022;7;27;90;485348.0;15.97;30.391;18.543
TD;Thủ Đức;2022;7;27;255;1169967.0;211.56;5.53;21.795
BC;Bình Chánh;2022;7;28;248;705508.0;252.69;2.793;35.152
BT;Bình Tân;2022;7;28;190;784173.0;52.02;15.074;24.229
BTH;Bình Thạnh;2022;7;28;114;499164.0;20.76;24.021;22.838
CG;Cần Giờ;2022;7;28;17;71526.0;704.45;102.0;23.768
CC;Củ Chi;2022;7;28;126;462047.0;434.77;1.063;27.27
GV;Gò Vấp;2022;7;28;150;676899.0;19.73;34.308;22.16
HM;Hóc Môn;2022;7;28;144;542243.0;109.17;4.967;26.556
NB;Nhà Bè;2022;7;28;54;206837.0;100.43;2.06;26.108
PN;Phú Nhuận;2022;7;28;19;163961.0;4.86;33.599;11.588
Q1;Quận 1;2022;7;28;27;142625.0;7.73;18.451;18.931
Q10;Quận 10;2022;7;28;29;234819.0;5.72;41.052;12.35
Q11;Quận 11;2022;7;28;31;209867.0;5.14;40.83;14.771
Q12;Quận 12;2022;7;28;122;620146.0;52.74;11.921;19.673
Q3;Quận 3;2022;7;28;23;190375.0;4.92;38.694;12.081
Q4;Quận 4;2022;7;28;36;175329.0;4.18;41.945;20.533
Q5;Quận 5;2022;7;28;24;159073.0;4.27;37.254;15.087
Q6;Quận 6;2022;7;28;44;233561.0;7.19;32.712;18.839
Q7;Quận 7;2022;7;28;64;360155.0;35.69;10.091;17.77
Q8;Quận 8;2022;7;28;79;424667.0;19.18;22.222;18.603
TB;Tân Bình;2022;7;28;102;474792.0;22.43;21.168;21.483
TP;Tân Phú;2022;7;28;106;485348.0;15.97;30.391;21.84
TD;Thủ Đức;2022;7;28;329;1169967.0;211.56;5.53;28.12
BC;Bình Chánh;2022;7;29;219;705508.0;252.69;2.793;31.041
BT;Bình Tân;2022;7;29;198;784173.0;52.02;15.074;25.25
BTH;Bình Thạnh;2022;7;29;99;499164.0;20.76;24.021;19.833
CG;Cần Giờ;2022;7;29;19;71526.0;704.45;102.0;26.564
CC;Củ Chi;2022;7;29;111;462047.0;434.77;1.063;24.024
GV;Gò Vấp;2022;7;29;155;676899.0;19.73;34.308;22.899
HM;Hóc Môn;2022;7;29;129;542243.0;109.17;4.967;23.79
NB;Nhà Bè;2022;7;29;59;206837.0;100.43;2.06;28.525
PN;Phú Nhuận;2022;7;29;21;163961.0;4.86;33.599;12.808
Q1;Quận 1;2022;7;29;24;142625.0;7.73;18.451;16.827
Q10;Quận 10;2022;7;29;26;234819.0;5.72;41.052;11.072
Q11;Quận 11;2022;7;29;41;209867.0;5.14;40.83;19.536
Q12;Quận 12;2022;7;29;138;620146.0;52.74;11.921;22.253
Q3;Quận 3;2022;7;29;27;190375.0;4.92;38.694;14.183
Q4;Quận 4;2022;7;29;48;175329.0;4.18;41.945;27.377
Q5;Quận 5;2022;7;29;23;159073.0;4.27;37.254;14.459
Q6;Quận 6;2022;7;29;47;233561.0;7.19;32.712;20.123
Q7;Quận 7;2022;7;29;65;360155.0;35.69;10.091;18.048
Q8;Quận 8;2022;7;29;87;424667.0;19.18;22.222;20.487
TB;Tân Bình;2022;7;29;112;474792.0;22.43;21.168;23.589
TP;Tân Phú;2022;7;29;104;485348.0;15.97;30.391;21.428
TD;Thủ Đức;2022;7;29;302;1169967.0;211.56;5.53;25.813
BC;Bình Chánh;2022;7;30;244;705508.0;252.69;2.793;34.585
BT;Bình Tân;2022;7;30;207;784173.0;52.02;15.074;26.397
BTH;Bình Thạnh;2022;7;30;97;499164.0;20.76;24.021;19.432
CG;Cần Giờ;2022;7;30;22;71526.0;704.45;102.0;30.758
CC;Củ Chi;2022;7;30;112;462047.0;434.77;1.063;24.24
GV;Gò Vấp;2022;7;30;150;676899.0;19.73;34.308;22.16
HM;Hóc Môn;2022;7;30;146;542243.0;109.17;4.967;26.925
NB;Nhà Bè;2022;7;30;54;206837.0;100.43;2.06;26.108
PN;Phú Nhuận;2022;7;30;16;163961.0;4.86;33.599;9.758
Q1;Quận 1;2022;7;30;34;142625.0;7.73;18.451;23.839
Q10;Quận 10;2022;7;30;29;234819.0;5.72;41.052;12.35
Q11;Quận 11;2022;7;30;28;209867.0;5.14;40.83;13.342
Q12;Quận 12;2022;7;30;127;620146.0;52.74;11.921;20.479
Q3;Quận 3;2022;7;30;18;190375.0;4.92;38.694;9.455
Q4;Quận 4;2022;7;30;24;175329.0;4.18;41.945;13.689
Q5;Quận 5;2022;7;30;18;159073.0;4.27;37.254;11.316
Q6;Quận 6;2022;7;30;40;233561.0;7.19;32.712;17.126
Q7;Quận 7;2022;7;30;82;360155.0;35.69;10.091;22.768
Q8;Quận 8;2022;7;30;82;424667.0;19.18;22.222;19.309
TB;Tân Bình;2022;7;30;98;474792.0;22.43;21.168;20.641
TP;Tân Phú;2022;7;30;103;485348.0;15.97;30.391;21.222
TD;Thủ Đức;2022;7;30;301;1169967.0;211.56;5.53;25.727
BC;Bình Chánh;2022;7;31;247;705508.0;252.69;2.793;35.01
BT;Bình Tân;2022;7;31;186;784173.0;52.02;15.074;23.719
BTH;Bình Thạnh;2022;7;31;98;499164.0;20.76;24.021;19.633
CG;Cần Giờ;2022;7;31;13;71526.0;704.45;102.0;18.175
CC;Củ Chi;2022;7;31;132;462047.0;434.77;1.063;28.569
GV;Gò Vấp;2022;7;31;155;676899.0;19.73;34.308;22.899
HM;Hóc Môn;2022;7;31;163;542243.0;109.17;4.967;30.06
NB;Nhà Bè;2022;7;31;54;206837.0;100.43;2.06;26.108
PN;Phú Nhuận;2022;7;31;24;163961.0;4.86;33.599;14.638
Q1;Quận 1;2022;7;31;31;142625.0;7.73;18.451;21.735
Q10;Quận 10;2022;7;31;24;234819.0;5.72;41.052;10.221
Q11;Quận 11;2022;7;31;44;209867.0;5.14;40.83;20.966
Q12;Quận 12;2022;7;31;109;620146.0;52.74;11.921;17.577
Q3;Quận 3;2022;7;31;20;190375.0;4.92;38.694;10.506
Q4;Quận 4;2022;7;31;37;175329.0;4.18;41.945;21.103
Q5;Quận 5;2022;7;31;27;159073.0;4.27;37.254;16.973
Q6;Quận 6;2022;7;31;48;233561.0;7.19;32.712;20.551
Q7;Quận 7;2022;7;31;87;360155.0;35.69;10.091;24.156
Q8;Quận 8;2022;7;31;70;424667.0;19.18;22.222;16.484
TB;Tân Bình;2022;7;31;102;474792.0;22.43;21.168;21.483
TP;Tân Phú;2022;7;31;116;485348.0;15.97;30.391;23.9
TD;Thủ Đức;2022;7;31;325;1169967.0;211.56;5.53;27.779
BC;Bình Chánh;2022;8;32;221;705508.0;252.69;2.793;31.325
BT;Bình Tân;2022;8;32;189;784173.0;52.02;15.074;24.102
BTH;Bình Thạnh;2022;8;32;114;499164.0;20.76;24.021;22.838
CG;Cần Giờ;2022;8;32;15;71526.0;704.45;102.0;20.971
CC;Củ Chi;2022;8;32;145;462047.0;434.77;1.063;31.382
GV;Gò Vấp;2022;8;32;155;676899.0;19.73;34.308;22.899
HM;Hóc Môn;2022;8;32;131;542243.0;109.17;4.967;24.159
NB;Nhà Bè;2022;8;32;55;206837.0;100.43;2.06;26.591
PN;Phú Nhuận;2022;8;32;22;163961.0;4.86;33.599;13.418
Q1;Quận 1;2022;8;32;46;142625.0;7.73;18.451;32.252
Q10;Quận 10;2022;8;32;50;234819.0;5.72;41.052;21.293
Q11;Quận 11;2022;8;32;36;209867.0;5.14;40.83;17.154
Q12;Quận 12;2022;8;32;142;620146.0;52.74;11.921;22.898
Q3;Quận 3;2022;8;32;26;190375.0;4.92;38.694;13.657
Q4;Quận 4;2022;8;32;39;175329.0;4.18;41.945;22.244
Q5;Quận 5;2022;8;32;22;159073.0;4.27;37.254;13.83
Q6;Quận 6;2022;8;32;53;233561.0;7.19;32.712;22.692
Q7;Quận 7;2022;8;32;63;360155.0;35.69;10.091;17.492
Q8;Quận 8;2022;8;32;78;424667.0;19.18;22.222;18.367
TB;Tân Bình;2022;8;32;113;474792.0;22.43;21.168;23.8
TP;Tân Phú;2022;8;32;115;485348.0;15.97;30.391;23.694
TD;Thủ Đức;2022;8;32;303;1169967.0;211.56;5.53;25.898
BC;Bình Chánh;2022;8;33;252;705508.0;252.69;2.793;35.719
BT;Bình Tân;2022;8;33;188;784173.0;52.02;15.074;23.974
BTH;Bình Thạnh;2022;8;33;109;499164.0;20.76;24.021;21.837
CG;Cần Giờ;2022;8;33;19;71526.0;704.45;102.0;26.564
CC;Củ Chi;2022;8;33;139;462047.0;434.77;1.063;30.084
GV;Gò Vấp;2022;8;33;164;676899.0;19.73;34.308;24.228
HM;Hóc Môn;2022;8;33;142;542243.0;109.17;4.967;26.188
NB;Nhà Bè;2022;8;33;64;206837.0;100.43;2.06;30.942
PN;Phú Nhuận;2022;8;33;24;163961.0;4.86;33.599;14.638
Q1;Quận 1;2022;8;33;46;142625.0;7.73;18.451;32.252
Q10;Quận 10;2022;8;33;26;234819.0;5.72;41.052;11.072
Q11;Quận 11;2022;8;33;39;209867.0;5.14;40.83;18.583
Q12;Quận 12;2022;8;33;127;620146.0;52.74;11.921;20.479
Q3;Quận 3;2022;8;33;18;190375.0;4.92;38.694;9.455
Q4;Quận 4;2022;8;33;41;175329.0;4.18;41.945;23.385
Q5;Quận 5;2022;8;33;27;159073.0;4.27;37.254;16.973
Q6;Quận 6;2022;8;33;47;233561.0;7.19;32.712;20.123
Q7;Quận 7;2022;8;33;82;360155.0;35.69;10.091;22.768
Q8;Quận 8;2022;8;33;90;424667.0;19.18;22.222;21.193
TB;Tân Bình;2022;8;33;100;474792.0;22.43;21.168;21.062
TP;Tân Phú;2022;8;33;105;485348.0;15.97;30.391;21.634
TD;Thủ Đức;2022;8;33;326;1169967.0;211.56;5.53;27.864
BC;Bình Chánh;2022;8;34;259;705508.0;252.69;2.793;36.711
BT;Bình Tân;2022;8;34;180;784173.0;52.02;15.074;22.954
BTH;Bình Thạnh;2022;8;34;99;499164.0;20.76;24.021;19.833
CG;Cần Giờ;2022;8;34;21;71526.0;704.45;102.0;29.36
CC;Củ Chi;2022;8;34;99;462047.0;434.77;1.063;21.426
GV;Gò Vấp;2022;8;34;162;676899.0;19.73;34.308;23.933
HM;Hóc Môn;2022;8;34;124;542243.0;109.17;4.967;22.868
NB;Nhà Bè;2022;8;34;55;206837.0;100.43;2.06;26.591
PN;Phú Nhuận;2022;8;34;22;163961.0;4.86;33.599;13.418
Q1;Quận 1;2022;8;34;35;142625.0;7.73;18.451;24.54
Q10;Quận 10;2022;8;34;28;234819.0;5.72;41.052;11.924
Q11;Quận 11;2022;8;34;43;209867.0;5.14;40.83;20.489
Q12;Quận 12;2022;8;34;138;620146.0;52.74;11.921;22.253
Q3;Quận 3;2022;8;34;21;190375.0;4.92;38.694;11.031
Q4;Quận 4;2022;8;34;39;175329.0;4.18;41.945;22.244
Q5;Quận 5;2022;8;34;24;159073.0;4.27;37.254;15.087
Q6;Quận 6;2022;8;34;50;233561.0;7.19;32.712;21.408
Q7;Quận 7;2022;8;34;78;360155.0;35.69;10.091;21.657
Q8;Quận 8;2022;8;34;94;424667.0;19.18;22.222;22.135
TB;Tân Bình;2022;8;34;112;474792.0;22.43;21.168;23.589
TP;Tân Phú;2022;8;34;117;485348.0;15.97;30.391;24.106
TD;Thủ Đức;2022;8;34;296;1169967.0;211.56;5.53;25.3
BC;Bình Chánh;2022;8;35;283;705508.0;252.69;2.793;40.113
BT;Bình Tân;2022;8;35;203;784173.0;52.02;15.074;25.887
BTH;Bình Thạnh;2022;8;35;110;499164.0;20.76;24.021;22.037
CG;Cần Giờ;2022;8;35;31;71526.0;704.45;102.0;43.341
CC;Củ Chi;2022;8;35;113;462047.0;434.77;1.063;24.456
GV;Gò Vấp;2022;8;35;172;676899.0;19.73;34.308;25.41
HM;Hóc Môn;2022;8;35;139;542243.0;109.17;4.967;25.634
NB;Nhà Bè;2022;8;35;68;206837.0;100.43;2.06;32.876
PN;Phú Nhuận;2022;8;35;32;163961.0;4.86;33.599;19.517
Q1;Quận 1;2022;8;35;37;142625.0;7.73;18.451;25.942
Q10;Quận 10;2022;8;35;41;234819.0;5.72;41.052;17.46
Q11;Quận 11;2022;8;35;46;209867.0;5.14;40.83;21.919
Q12;Quận 12;2022;8;35;134;620146.0;52.74;11.921;21.608
Q3;Quận 3;2022;8;35;12;190375.0;4.92;38.694;6.303
Q4;Quận 4;2022;8;35;29;175329.0;4.18;41.945;16.54
Q5;Quận 5;2022;8;35;35;159073.0;4.27;37.254;22.002
Q6;Quận 6;2022;8;35;48;233561.0;7.19;32.712;20.551
Q7;Quận 7;2022;8;35;81;360155.0;35.69;10.091;22.49
Q8;Quận 8;2022;8;35;88;424667.0;19.18;22.222;20.722
TB;Tân Bình;2022;8;35;103;474792.0;22.43;21.168;21.694
TP;Tân Phú;2022;8;35;113;485348.0;15.97;30.391;23.282
TD;Thủ Đức;2022;8;35;327;1169967.0;211.56;5.53;27.95
BC;Bình Chánh;2022;9;36;235;705508.0;252.69;2.793;33.309
BT;Bình Tân;2022;9;36;186;784173.0;52.02;15.074;23.719
BTH;Bình Thạnh;2022;9;36;122;499164.0;20.76;24.021;24.441
CG;Cần Giờ;2022;9;36;22;71526.0;704.45;102.0;30.758
CC;Củ Chi;2022;9;36;132;462047.0;434.77;1.063;28.569
GV;Gò Vấp;2022;9;36;149;676899.0;19.73;34.308;22.012
HM;Hóc Môn;2022;9;36;148;542243.0;109.17;4.967;27.294
NB;Nhà Bè;2022;9;36;65;206837.0;100.43;2.06;31.426
PN;Phú Nhuận;2022;9;36;28;163961.0;4.86;33.599;17.077
Q1;Quận 1;2022;9;36;46;142625.0;7.73;18.451;32.252
Q10;Quận 10;2022;9;36;31;234819.0;5.72;41.052;13.202
Q11;Quận 11;2022;9;36;36;209867.0;5.14;40.83;17.154
Q12;Quận 12;2022;9;36;145;620146.0;52.74;11.921;23.382
Q3;Quận 3;2022;9;36;31;190375.0;4.92;38.694;16.284
Q4;Quận 4;2022;9;36;35;175329.0;4.18;41.945;19.962
Q5;Quận 5;2022;9;36;32;159073.0;4.27;37.254;20.117
Q6;Quận 6;2022;9;36;50;233561.0;7.19;32.712;21.408
Q7;Quận 7;2022;9;36;83;360155.0;35.69;10.091;23.046
Q8;Quận 8;2022;9;36;87;424667.0;19.18;22.222;20.487
TB;Tân Bình;2022;9;36;113;474792.0;22.43;21.168;23.8
TP;Tân Phú;2022;9;36;109;485348.0;15.97;30.391;22.458
TD;Thủ Đức;2022;9;36;322;1169967.0;211.56;5.53;27.522
BC;Bình Chánh;2022;9;37;259;705508.0;252.69;2.793;36.711
BT;Bình Tân;2022;9;37;196;784173.0;52.02;15.074;24.994
BTH;Bình Thạnh;2022;9;37;111;499164.0;20.76;24.021;22.237
CG;Cần Giờ;2022;9;37;12;71526.0;704.45;102.0;16.777
CC;Củ Chi;2022;9;37;137;462047.0;434.77;1.063;29.651
GV;Gò Vấp;2022;9;37;165;676899.0;19.73;34.308;24.376
HM;Hóc Môn;2022;9;37;143;542243.0;109.17;4.967;26.372
NB;Nhà Bè;2022;9;37;54;206837.0;100.43;2.06;26.108
PN;Phú Nhuận;2022;9;37;16;163961.0;4.86;33.599;9.758
Q1;Quận 1;2022;9;37;33;142625.0;7.73;18.451;23.138
Q10;Quận 10;2022;9;37;37;234819.0;5.72;41.052;15.757
Q11;Quận 11;2022;9;37;42;209867.0;5.14;40.83;20.013
Q12;Quận 12;2022;9;37;129;620146.0;52.74;11.921;20.802
Q3;Quận 3;2022;9;37;29;190375.0;4.92;38.694;15.233
Q4;Quận 4;2022;9;37;38;175329.0;4.18;41.945;21.674
Q5;Quận 5;2022;9;37;23;159073.0;4.27;37.254;14.459
Q6;Quận 6;2022;9;37;44;233561.0;7.19;32.712;18.839
Q7;Quận 7;2022;9;37;68;360155.0;35.69;10.091;18.881
Q8;Quận 8;2022;9;37;79;424667.0;19.18;22.222;18.603
TB;Tân Bình;2022;9;37;101;474792.0;22.43;21.168;21.272
TP;Tân Phú;2022;9;37;119;485348.0;15.97;30.391;24.518
TD;Thủ Đức;2022;9;37;299;1169967.0;211.56;5.53;25.556
BC;Bình Chánh;2022;9;38;246;705508.0;252.69;2.793;34.868
BT;Bình Tân;2022;9;38;186;784173.0;52.02;15.074;23.719
BTH;Bình Thạnh;2022;9;38;117;499164.0;20.76;24.021;23.439
CG;Cần Giờ;2022;9;38;20;71526.0;704.45;102.0;27.962
CC;Củ Chi;2022;9;38;135;462047.0;434.77;1.063;29.218
GV;Gò Vấp;2022;9;38;156;676899.0;19.73;34.308;23.046
HM;Hóc Môn;2022;9;38;153;542243.0;109.17;4.967;28.216
NB;Nhà Bè;2022;9;38;76;206837.0;100.43;2.06;36.744
PN;Phú Nhuận;2022;9;38;13;163961.0;4.86;33.599;7.929
Q1;Quận 1;2022;9;38;27;142625.0;7.73;18.451;18.931
Q10;Quận 10;2022;9;38;43;234819.0;5.72;41.052;18.312
Q11;Quận 11;2022;9;38;35;209867.0;5.14;40.83;16.677
Q12;Quận 12;2022;9;38;142;620146.0;52.74;11.921;22.898
Q3;Quận 3;2022;9;38;14;190375.0;4.92;38.694;7.354
Q4;Quận 4;2022;9;38;19;175329.0;4.18;41.945;10.837
Q5;Quận 5;2022;9;38;37;159073.0;4.27;37.254;23.26
Q6;Quận 6;2022;9;38;48;233561.0;7.19;32.712;20.551
Q7;Quận 7;2022;9;38;69;360155.0;35.69;10.091;19.158
Q8;Quận 8;2022;9;38;102;424667.0;19.18;22.222;24.019
TB;Tân Bình;2022;9;38;105;474792.0;22.43;21.168;22.115
TP;Tân Phú;2022;9;38;97;485348.0;15.97;30.391;19.986
TD;Thủ Đức;2022;9;38;297;1169967.0;211.56;5.53;25.385
BC;Bình Chánh;2022;9;39;243;705508.0;252.69;2.793;34.443
BT;Bình Tân;2022;9;39;205;784173.0;52.02;15.074;26.142
BTH;Bình Thạnh;2022;9;39;93;499164.0;20.76;24.021;18.631
CG;Cần Giờ;2022;9;39;17;71526.0;704.45;102.0;23.768
CC;Củ Chi;2022;9;39;137;462047.0;434.77;1.063;29.651
GV;Gò Vấp;2022;9;39;150;676899.0;19.73;34.308;22.16
HM;Hóc Môn;2022;9;39;156;542243.0;109.17;4.967;28.769
NB;Nhà Bè;2022;9;39;42;206837.0;100.43;2.06;20.306
PN;Phú Nhuận;2022;9;39;24;163961.0;4.86;33.599;14.638
Q1;Quận 1;2022;9;39;30;142625.0;7.73;18.451;21.034
Q10;Quận 10;2022;9;39;40;234819.0;5.72;41.052;17.034
Q11;Quận 11;2022;9;39;38;209867.0;5.14;40.83;18.107
Q12;Quận 12;2022;9;39;147;620146.0;52.74;11.921;23.704
Q3;Quận 3;2022;9;39;14;190375.0;4.92;38.694;7.354
Q4;Quận 4;2022;9;39;42;175329.0;4.18;41.945;23.955
Q5;Quận 5;2022;9;39;23;159073.0;4.27;37.254;14.459
Q6;Quận 6;2022;9;39;39;233561.0;7.19;32.712;16.698
Q7;Quận 7;2022;9;39;79;360155.0;35.69;10.091;21.935
Q8;Quận 8;2022;9;39;74;424667.0;19.18;22.222;17.425
TB;Tân Bình;2022;9;39;97;474792.0;22.43;21.168;20.43
TP;Tân Phú;2022;9;39;102;485348.0;15.97;30.391;21.016
TD;Thủ Đức;2022;9;39;311;1169967.0;211.56;5.53;26.582
BC;Bình Chánh;2022;10;40;217;705508.0;252.69;2.793;30.758
BT;Bình Tân;2022;10;40;212;784173.0;52.02;15.074;27.035
BTH;Bình Thạnh;2022;10;40;96;499164.0;20.76;24.021;19.232
CG;Cần Giờ;2022;10;40;17;71526.0;704.45;102.0;23.768
CC;Củ Chi;2022;10;40;124;462047.0;434.77;1.063;26.837
GV;Gò Vấp;2022;10;40;158;676899.0;19.73;34.308;23.342
HM;Hóc Môn;2022;10;40;158;542243.0;109.17;4.967;29.138
NB;Nhà Bè;2022;10;40;47;206837.0;100.43;2.06;22.723
PN;Phú Nhuận;2022;10;40;27;163961.0;4.86;33.599;16.467
Q1;Quận 1;2022;10;40;23;142625.0;7.73;18.451;16.126
Q10;Quận 10;2022;10;40;27;234819.0;5.72;41.052;11.498
Q11;Quận 11;2022;10;40;41;209867.0;5.14;40.83;19.536
Q12;Quận 12;2022;10;40;137;620146.0;52.74;11.921;22.092
Q3;Quận 3;2022;10;40;15;190375.0;4.92;38.694;7.879
Q4;Quận 4;2022;10;40;41;175329.0;4.18;41.945;23.385
Q5;Quận 5;2022;10;40;30;159073.0;4.27;37.254;18.859
Q6;Quận 6;2022;10;40;55;233561.0;7.19;32.712;23.548
Q7;Quận 7;2022;10;40;61;360155.0;35.69;10.091;16.937
Q8;Quận 8;2022;10;40;82;424667.0;19.18;22.222;19.309
TB;Tân Bình;2022;10;40;110;474792.0;22.43;21.168;23.168
TP;Tân Phú;2022;10;40;84;485348.0;15.97;30.391;17.307
TD;Thủ Đức;2022;10;40;285;1169967.0;211.56;5.53;24.36
BC;Bình Chánh;2022;10;41;250;705508.0;252.69;2.793;35.435
BT;Bình Tân;2022;10;41;201;784173.0;52.02;15.074;25.632
BTH;Bình Thạnh;2022;10;41;103;499164.0;20.76;24.021;20.635
CG;Cần Giờ;2022;10;41;19;71526.0;704.45;102.0;26.564
CC;Củ Chi;2022;10;41;118;462047.0;434.77;1.063;25.539
GV;Gò Vấp;2022;10;41;137;676899.0;19.73;34.308;20.239
HM;Hóc Môn;2022;10;41;143;542243.0;109.17;4.967;26.372
NB;Nhà Bè;2022;10;41;43;206837.0;100.43;2.06;20.789
PN;Phú Nhuận;2022;10;41;16;163961.0;4.86;33.599;9.758
Q1;Quận 1;2022;10;41;29;142625.0;7.73;18.451;20.333
Q10;Quận 10;2022;10;41;35;234819.0;5.72;41.052;14.905
Q11;Quận 11;2022;10;41;34;209867.0;5.14;40.83;16.201
Q12;Quận 12;2022;10;41;135;620146.0;52.74;11.921;21.769
Q3;Quận 3;2022;10;41;24;190375.0;4.92;38.694;12.607
Q4;Quận 4;2022;10;41;38;175329.0;4.18;41.945;21.674
Q5;Quận 5;2022;10;41;30;159073.0;4.27;37.254;18.859
Q6;Quận 6;2022;10;41;37;233561.0;7.19;32.712;15.842
Q7;Quận 7;2022;10;41;62;360155.0;35.69;10.091;17.215
Q8;Quận 8;2022;10;41;73;424667.0;19.18;22.222;17.19
TB;Tân Bình;2022;10;41;107;474792.0;22.43;21.168;22.536
TP;Tân Phú;2022;10;41;93;485348.0;15.97;30.391;19.162
TD;Thủ Đức;2022;10;41;304;1169967.0;211.56;5.53;25.984
BC;Bình Chánh;2022;10;42;248;705508.0;252.69;2.793;35.152
BT;Bình Tân;2022;10;42;200;784173.0;52.02;15.074;25.505
BTH;Bình Thạnh;2022;10;42;106;499164.0;20.76;24.021;21.236
CG;Cần Giờ;2022;10;42;13;71526.0;704.45;102.0;18.175
CC;Củ Chi;2022;10;42;114;462047.0;434.77;1.063;24.673
GV;Gò Vấp;2022;10;42;141;676899.0;19.73;34.308;20.83
HM;Hóc Môn;2022;10;42;129;542243.0;109.17;4.967;23.79
NB;Nhà Bè;2022;10;42;48;206837.0;100.43;2.06;23.207
PN;Phú Nhuận;2022;10;42;19;163961.0;4.86;33.599;11.588
Q1;Quận 1;2022;10;42;33;142625.0;7.73;18.451;23.138
Q10;Quận 10;2022;10;42;35;234819.0;5.72;41.052;14.905
Q11;Quận 11;2022;10;42;43;209867.0;5.14;40.83;20.489
Q12;Quận 12;2022;10;42;147;620146.0;52.74;11.921;23.704
Q3;Quận 3;2022;10;42;24;190375.0;4.92;38.694;12.607
Q4;Quận 4;2022;10;42;25;175329.0;4.18;41.945;14.259
Q5;Quận 5;2022;10;42;23;159073.0;4.27;37.254;14.459
Q6;Quận 6;2022;10;42;39;233561.0;7.19;32.712;16.698
Q7;Quận 7;2022;10;42;73;360155.0;35.69;10.091;20.269
Q8;Quận 8;2022;10;42;90;424667.0;19.18;22.222;21.193
TB;Tân Bình;2022;10;42;103;474792.0;22.43;21.168;21.694
TP;Tân Phú;2022;10;42;110;485348.0;15.97;30.391;22.664
TD;Thủ Đức;2022;10;42;259;1169967.0;211.56;5.53;22.137
BC;Bình Chánh;2022;10;43;235;705508.0;252.69;2.793;33.309
BT;Bình Tân;2022;10;43;198;784173.0;52.02;15.074;25.25
BTH;Bình Thạnh;2022;10;43;79;499164.0;20.76;24.021;15.826
CG;Cần Giờ;2022;10;43;20;71526.0;704.45;102.0;27.962
CC;Củ Chi;2022;10;43;117;462047.0;434.77;1.063;25.322
GV;Gò Vấp;2022;10;43;151;676899.0;19.73;34.308;22.308
HM;Hóc Môn;2022;10;43;129;542243.0;109.17;4.967;23.79
NB;Nhà Bè;2022;10;43;47;206837.0;100.43;2.06;22.723
PN;Phú Nhuận;2022;10;43;25;163961.0;4.86;33.599;15.248
Q1;Quận 1;2022;10;43;36;142625.0;7.73;18.451;25.241
Q10;Quận 10;2022;10;43;32;234819.0;5.72;41.052;13.628
Q11;Quận 11;2022;10;43;37;209867.0;5.14;40.83;17.63
Q12;Quận 12;2022;10;43;119;620146.0;52.74;11.921;19.189
Q3;Quận 3;2022;10;43;14;190375.0;4.92;38.694;7.354
Q4;Quận 4;2022;10;43;32;175329.0;4.18;41.945;18.251
Q5;Quận 5;2022;10;43;37;159073.0;4.27;37.254;23.26
Q6;Quận 6;2022;10;43;47;233561.0;7.19;32.712;20.123
Q7;Quận 7;2022;10;43;68;360155.0;35.69;10.091;18.881
Q8;Quận 8;2022;10;43;68;424667.0;19.18;22.222;16.013
TB;Tân Bình;2022;10;43;95;474792.0;22.43;21.168;20.009
TP;Tân Phú;2022;10;43;81;485348.0;15.97;30.391;16.689
TD;Thủ Đức;2022;10;43;279;1169967.0;211.56;5.53;23.847
BC;Bình Chánh;2022;10;44;219;705508.0;252.69;2.793;31.041
BT;Bình Tân;2022;10;44;164;784173.0;52.02;15.074;20.914
BTH;Bình Thạnh;2022;10;44;86;499164.0;20.76;24.021;17.229
CG;Cần Giờ;2022;10;44;12;71526.0;704.45;102.0;16.777
CC;Củ Chi;2022;10;44;119;462047.0;434.77;1.063;25.755
GV;Gò Vấp;2022;10;44;131;676899.0;19.73;34.308;19.353
HM;Hóc Môn;2022;10;44;145;542243.0;109.17;4.967;26.741
NB;Nhà Bè;2022;10;44;38;206837.0;100.43;2.06;18.372
PN;Phú Nhuận;2022;10;44;14;163961.0;4.86;33.599;8.539
Q1;Quận 1;2022;10;44;27;142625.0;7.73;18.451;18.931
Q10;Quận 10;2022;10;44;29;234819.0;5.72;41.052;12.35
Q11;Quận 11;2022;10;44;30;209867.0;5.14;40.83;14.295
Q12;Quận 12;2022;10;44;122;620146.0;52.74;11.921;19.673
Q3;Quận 3;2022;10;44;27;190375.0;4.92;38.694;14.183
Q4;Quận 4;2022;10;44;33;175329.0;4.18;41.945;18.822
Q5;Quận 5;2022;10;44;30;159073.0;4.27;37.254;18.859
Q6;Quận 6;2022;10;44;43;233561.0;7.19;32.712;18.411
Q7;Quận 7;2022;10;44;57;360155.0;35.69;10.091;15.827
Q8;Quận 8;2022;10;44;75;424667.0;19.18;22.222;17.661
TB;Tân Bình;2022;10;44;79;474792.0;22.43;21.168;16.639
TP;Tân Phú;2022;10;44;89;485348.0;15.97;30.391;18.337
TD;Thủ Đức;2022;10;44;249;1169967.0;211.56;5.53;21.283
BC;Bình Chánh;2022;11;45;219;705508.0;252.69;2.793;31.041
BT;Bình Tân;2022;11;45;148;784173.0;52.02;15.074;18.873
BTH;Bình Thạnh;2022;11;45;111;499164.0;20.76;24.021;22.237
CG;Cần Giờ;2022;11;45;20;71526.0;704.45;102.0;27.962
CC;Củ Chi;2022;11;45;108;462047.0;434.77;1.063;23.374
GV;Gò Vấp;2022;11;45;131;676899.0;19.73;34.308;19.353
HM;Hóc Môn;2022;11;45;124;542243.0;109.17;4.967;22.868
NB;Nhà Bè;2022;11;45;53;206837.0;100.43;2.06;25.624
PN;Phú Nhuận;2022;11;45;26;163961.0;4.86;33.599;15.857
Q1;Quận 1;2022;11;45;27;142625.0;7.73;18.451;18.931
Q10;Quận 10;2022;11;45;25;234819.0;5.72;41.052;10.646
Q11;Quận 11;2022;11;45;34;209867.0;5.14;40.83;16.201
Q12;Quận 12;2022;11;45;105;620146.0;52.74;11.921;16.931
Q3;Quận 3;2022;11;45;17;190375.0;4.92;38.694;8.93
Q4;Quận 4;2022;11;45;33;175329.0;4.18;41.945;18.822
Q5;Quận 5;2022;11;45;27;159073.0;4.27;37.254;16.973
Q6;Quận 6;2022;11;45;43;233561.0;7.19;32.712;18.411
Q7;Quận 7;2022;11;45;57;360155.0;35.69;10.091;15.827
Q8;Quận 8;2022;11;45;69;424667.0;19.18;22.222;16.248
TB;Tân Bình;2022;11;45;106;474792.0;22.43;21.168;22.326
TP;Tân Phú;2022;11;45;82;485348.0;15.97;30.391;16.895
TD;Thủ Đức;2022;11;45;256;1169967.0;211.56;5.53;21.881
BC;Bình Chánh;2022;11;46;209;705508.0;252.69;2.793;29.624
BT;Bình Tân;2022;11;46;160;784173.0;52.02;15.074;20.404
BTH;Bình Thạnh;2022;11;46;87;499164.0;20.76;24.021;17.429
CG;Cần Giờ;2022;11;46;23;71526.0;704.45;102.0;32.156
CC;Củ Chi;2022;11;46;90;462047.0;434.77;1.063;19.479
GV;Gò Vấp;2022;11;46;127;676899.0;19.73;34.308;18.762
HM;Hóc Môn;2022;11;46;111;542243.0;109.17;4.967;20.471
NB;Nhà Bè;2022;11;46;45;206837.0;100.43;2.06;21.756
PN;Phú Nhuận;2022;11;46;21;163961.0;4.86;33.599;12.808
Q1;Quận 1;2022;11;46;23;142625.0;7.73;18.451;16.126
Q10;Quận 10;2022;11;46;30;234819.0;5.72;41.052;12.776
Q11;Quận 11;2022;11;46;31;209867.0;5.14;40.83;14.771
Q12;Quận 12;2022;11;46;116;620146.0;52.74;11.921;18.705
Q3;Quận 3;2022;11;46;17;190375.0;4.92;38.694;8.93
Q4;Quận 4;2022;11;46;23;175329.0;4.18;41.945;13.118
Q5;Quận 5;2022;11;46;27;159073.0;4.27;37.254;16.973
Q6;Quận 6;2022;11;46;34;233561.0;7.19;32.712;14.557
Q7;Quận 7;2022;11;46;55;360155.0;35.69;10.091;15.271
Q8;Quận 8;2022;11;46;70;424667.0;19.18;22.222;16.484
TB;Tân Bình;2022;11;46;111;474792.0;22.43;21.168;23.379
TP;Tân Phú;2022;11;46;81;485348.0;15.97;30.391;16.689
TD;Thủ Đức;2022;11;46;255;1169967.0;211.56;5.53;21.795
BC;Bình Chánh;2022;11;47;196;705508.0;252.69;2.793;27.781
BT;Bình Tân;2022;11;47;169;784173.0;52.02;15.074;21.551
BTH;Bình Thạnh;2022;11;47;84;499164.0;20.76;24.021;16.828
CG;Cần Giờ;2022;11;47;13;71526.0;704.45;102.0;18.175
CC;Củ Chi;2022;11;47;77;462047.0;434.77;1.063;16.665
GV;Gò Vấp;2022;11;47;120;676899.0;19.73;34.308;17.728
HM;Hóc Môn;2022;11;47;115;542243.0;109.17;4.967;21.208
NB;Nhà Bè;2022;11;47;44;206837.0;100.43;2.06;21.273
PN;Phú Nhuận;2022;11;47;18;163961.0;4.86;33.599;10.978
Q1;Quận 1;2022;11;47;26;142625.0;7.73;18.451;18.23
Q10;Quận 10;2022;11;47;28;234819.0;5.72;41.052;11.924
Q11;Quận 11;2022;11;47;29;209867.0;5.14;40.83;13.818
Q12;Quận 12;2022;11;47;111;620146.0;52.74;11.921;17.899
Q3;Quận 3;2022;11;47;25;190375.0;4.92;38.694;13.132
Q4;Quận 4;2022;11;47;29;175329.0;4.18;41.945;16.54
Q5;Quận 5;2022;11;47;16;159073.0;4.27;37.254;10.058
Q6;Quận 6;2022;11;47;32;233561.0;7.19;32.712;13.701
Q7;Quận 7;2022;11;47;73;360155.0;35.69;10.091;20.269
Q8;Quận 8;2022;11;47;65;424667.0;19.18;22.222;15.306
TB;Tân Bình;2022;11;47;86;474792.0;22.43;21.168;18.113
TP;Tân Phú;2022;11;47;76;485348.0;15.97;30.391;15.659
TD;Thủ Đức;2022;11;47;257;1169967.0;211.56;5.53;21.966
BC;Bình Chánh;2022;11;48;187;705508.0;252.69;2.793;26.506
BT;Bình Tân;2022;11;48;156;784173.0;52.02;15.074;19.894
BTH;Bình Thạnh;2022;11;48;92;499164.0;20.76;24.021;18.431
CG;Cần Giờ;2022;11;48;12;71526.0;704.45;102.0;16.777
CC;Củ Chi;2022;11;48;106;462047.0;434.77;1.063;22.941
GV;Gò Vấp;2022;11;48;113;676899.0;19.73;34.308;16.694
HM;Hóc Môn;2022;11;48;112;542243.0;109.17;4.967;20.655
NB;Nhà Bè;2022;11;48;47;206837.0;100.43;2.06;22.723
PN;Phú Nhuận;2022;11;48;20;163961.0;4.86;33.599;12.198
Q1;Quận 1;2022;11;48;21;142625.0;7.73;18.451;14.724
Q10;Quận 10;2022;11;48;31;234819.0;5.72;41.052;13.202
Q11;Quận 11;2022;11;48;32;209867.0;5.14;40.83;15.248
Q12;Quận 12;2022;11;48;102;620146.0;52.74;11.921;16.448
Q3;Quận 3;2022;11;48;21;190375.0;4.92;38.694;11.031
Q4;Quận 4;2022;11;48;32;175329.0;4.18;41.945;18.251
Q5;Quận 5;2022;11;48;24;159073.0;4.27;37.254;15.087
Q6;Quận 6;2022;11;48;42;233561.0;7.19;32.712;17.982
Q7;Quận 7;2022;11;48;43;360155.0;35.69;10.091;11.939
Q8;Quận 8;2022;11;48;49;424667.0;19.18;22.222;11.538
TB;Tân Bình;2022;11;48;78;474792.0;22.43;21.168;16.428
TP;Tân Phú;2022;11;48;75;485348.0;15.97;30.391;15.453
TD;Thủ Đức;2022;11;48;237;1169967.0;211.56;5.53;20.257
BC;Bình Chánh;2022;12;49;157;705508.0;252.69;2.793;22.253
BT;Bình Tân;2022;12;49;160;784173.0;52.02;15.074;20.404
BTH;Bình Thạnh;2022;12;49;60;499164.0;20.76;24.021;12.02
CG;Cần Giờ;2022;12;49;14;71526.0;704.45;102.0;19.573
CC;Củ Chi;2022;12;49;83;462047.0;434.77;1.063;17.964
GV;Gò Vấp;2022;12;49;107;676899.0;19.73;34.308;15.807
HM;Hóc Môn;2022;12;49;99;542243.0;109.17;4.967;18.257
NB;Nhà Bè;2022;12;49;36;206837.0;100.43;2.06;17.405
PN;Phú Nhuận;2022;12;49;15;163961.0;4.86;33.599;9.149
Q1;Quận 1;2022;12;49;23;142625.0;7.73;18.451;16.126
Q10;Quận 10;2022;12;49;26;234819.0;5.72;41.052;11.072
Q11;Quận 11;2022;12;49;19;209867.0;5.14;40.83;9.053
Q12;Quận 12;2022;12;49;96;620146.0;52.74;11.921;15.48
Q3;Quận 3;2022;12;49;18;190375.0;4.92;38.694;9.455
Q4;Quận 4;2022;12;49;20;175329.0;4.18;41.945;11.407
Q5;Quận 5;2022;12;49;18;159073.0;4.27;37.254;11.316
Q6;Quận 6;2022;12;49;30;233561.0;7.19;32.712;12.845
Q7;Quận 7;2022;12;49;56;360155.0;35.69;10.091;15.549
Q8;Quận 8;2022;12;49;67;424667.0;19.18;22.222;15.777
TB;Tân Bình;2022;12;49;57;474792.0;22.43;21.168;12.005
TP;Tân Phú;2022;12;49;82;485348.0;15.97;30.391;16.895
TD;Thủ Đức;2022;12;49;245;1169967.0;211.56;5.53;20.941
BC;Bình Chánh;2022;12;50;164;705508.0;252.69;2.793;23.246
BT;Bình Tân;2022;12;50;137;784173.0;52.02;15.074;17.471
BTH;Bình Thạnh;2022;12;50;74;499164.0;20.76;24.021;14.825
CG;Cần Giờ;2022;12;50;19;71526.0;704.45;102.0;26.564
CC;Củ Chi;2022;12;50;86;462047.0;434.77;1.063;18.613
GV;Gò Vấp;2022;12;50;103;676899.0;19.73;34.308;15.216
HM;Hóc Môn;2022;12;50;85;542243.0;109.17;4.967;15.676
NB;Nhà Bè;2022;12;50;40;206837.0;100.43;2.06;19.339
PN;Phú Nhuận;2022;12;50;18;163961.0;4.86;33.599;10.978
Q1;Quận 1;2022;12;50;25;142625.0;7.73;18.451;17.528
Q10;Quận 10;2022;12;50;35;234819.0;5.72;41.052;14.905
Q11;Quận 11;2022;12;50;24;209867.0;5.14;40.83;11.436
Q12;Quận 12;2022;12;50;110;620146.0;52.74;11.921;17.738
Q3;Quận 3;2022;12;50;7;190375.0;4.92;38.694;3.677
Q4;Quận 4;2022;12;50;38;175329.0;4.18;41.945;21.674
Q5;Quận 5;2022;12;50;19;159073.0;4.27;37.254;11.944
Q6;Quận 6;2022;12;50;28;233561.0;7.19;32.712;11.988
Q7;Quận 7;2022;12;50;49;360155.0;35.69;10.091;13.605
Q8;Quận 8;2022;12;50;65;424667.0;19.18;22.222;15.306
TB;Tân Bình;2022;12;50;67;474792.0;22.43;21.168;14.111
TP;Tân Phú;2022;12;50;73;485348.0;15.97;30.391;15.041
TD;Thủ Đức;2022;12;50;207;1169967.0;211.56;5.53;17.693
BC;Bình Chánh;2022;12;51;173;705508.0;252.69;2.793;24.521
BT;Bình Tân;2022;12;51;124;784173.0;52.02;15.074;15.813
BTH;Bình Thạnh;2022;12;51;81;499164.0;20.76;24.021;16.227
CG;Cần Giờ;2022;12;51;16;71526.0;704.45;102.0;22.369
CC;Củ Chi;2022;12;51;92;462047.0;434.77;1.063;19.911
GV;Gò Vấp;2022;12;51;118;676899.0;19.73;34.308;17.432
HM;Hóc Môn;2022;12;51;94;542243.0;109.17;4.967;17.335
NB;Nhà Bè;2022;12;51;30;206837.0;100.43;2.06;14.504
PN;Phú Nhuận;2022;12;51;13;163961.0;4.86;33.599;7.929
Q1;Quận 1;2022;12;51;19;142625.0;7.73;18.451;13.322
Q10;Quận 10;2022;12;51;17;234819.0;5.72;41.052;7.24
Q11;Quận 11;2022;12;51;27;209867.0;5.14;40.83;12.865
Q12;Quận 12;2022;12;51;99;620146.0;52.74;11.921;15.964
Q3;Quận 3;2022;12;51;18;190375.0;4.92;38.694;9.455
Q4;Quận 4;2022;12;51;29;175329.0;4.18;41.945;16.54
Q5;Quận 5;2022;12;51;14;159073.0;4.27;37.254;8.801
Q6;Quận 6;2022;12;51;24;233561.0;7.19;32.712;10.276
Q7;Quận 7;2022;12;51;56;360155.0;35.69;10.091;15.549
Q8;Quận 8;2022;12;51;54;424667.0;19.18;22.222;12.716
TB;Tân Bình;2022;12;51;83;474792.0;22.43;21.168;17.481
TP;Tân Phú;2022;12;51;84;485348.0;15.97;30.391;17.307
TD;Thủ Đức;2022;12;51;227;1169967.0;211.56;5.53;19.402
BC;Bình Chánh;2022;12;52;161;705508.0;252.69;2.793;22.82
BT;Bình Tân;2022;12;52;113;784173.0;52.02;15.074;14.41
BTH;Bình Thạnh;2022;12;52;66;499164.0;20.76;24.021;13.222
CG;Cần Giờ;2022;12;52;17;71526.0;704.45;102.0;23.768
CC;Củ Chi;2022;12;52;102;462047.0;434.77;1.063;22.076
GV;Gò Vấp;2022;12;52;127;676899.0;19.73;34.308;18.762
HM;Hóc Môn;2022;12;52;91;542243.0;109.17;4.967;16.782
NB;Nhà Bè;2022;12;52;32;206837.0;100.43;2.06;15.471
PN;Phú Nhuận;2022;12;52;17;163961.0;4.86;33.599;10.368
Q1;Quận 1;2022;12;52;22;142625.0;7.73;18.451;15.425
Q10;Quận 10;2022;12;52;27;234819.0;5.72;41.052;11.498
Q11;Quận 11;2022;12;52;24;209867.0;5.14;40.83;11.436
Q12;Quận 12;2022;12;52;88;620146.0;52.74;11.921;14.19
Q3;Quận 3;2022;12;52;22;190375.0;4.92;38.694;11.556
Q4;Quận 4;2022;12;52;24;175329.0;4.18;41.945;13.689
Q5;Quận 5;2022;12;52;22;159073.0;4.27;37.254;13.83
Q6;Quận 6;2022;12;52;24;233561.0;7.19;32.712;10.276
Q7;Quận 7;2022;12;52;51;360155.0;35.69;10.091;14.161
Q8;Quận 8;2022;12;52;56;424667.0;19.18;22.222;13.187
TB;Tân Bình;2022;12;52;71;474792.0;22.43;21.168;14.954
TP;Tân Phú;2022;12;52;54;485348.0;15.97;30.391;11.126
TD;Thủ Đức;2022;12;52;222;1169967.0;211.56;5.53;18.975
BC;Bình Chánh;2023;1;1;185;705508.0;252.69;2.793;26.222
BT;Bình Tân;2023;1;1;120;784173.0;52.02;15.074;15.303
BTH;Bình Thạnh;2023;1;1;79;499164.0;20.76;24.021;15.826
CG;Cần Giờ;2023;1;1;20;71526.0;704.45;102.0;27.962
CC;Củ Chi;2023;1;1;117;462047.0;434.77;1.063;25.322
GV;Gò Vấp;2023;1;1;114;676899.0;19.73;34.308;16.842
HM;Hóc Môn;2023;1;1;104;542243.0;109.17;4.967;19.18
NB;Nhà Bè;2023;1;1;31;206837.0;100.43;2.06;14.988
PN;Phú Nhuận;2023;1;1;21;163961.0;4.86;33.599;12.808
Q1;Quận 1;2023;1;1;23;142625.0;7.73;18.451;16.126
Q10;Quận 10;2023;1;1;21;234819.0;5.72;41.052;8.943
Q11;Quận 11;2023;1;1;32;209867.0;5.14;40.83;15.248
Q12;Quận 12;2023;1;1;108;620146.0;52.74;11.921;17.415
Q3;Quận 3;2023;1;1;17;190375.0;4.92;38.694;8.93
Q4;Quận 4;2023;1;1;36;175329.0;4.18;41.945;20.533
Q5;Quận 5;2023;1;1;23;159073.0;4.27;37.254;14.459
Q6;Quận 6;2023;1;1;31;233561.0;7.19;32.712;13.273
Q7;Quận 7;2023;1;1;59;360155.0;35.69;10.091;16.382
Q8;Quận 8;2023;1;1;60;424667.0;19.18;22.222;14.129
TB;Tân Bình;2023;1;1;78;474792.0;22.43;21.168;16.428
TP;Tân Phú;2023;1;1;65;485348.0;15.97;30.391;13.392
TD;Thủ Đức;2023;1;1;227;1169967.0;211.56;5.53;19.402
BC;Bình Chánh;2023;1;2;194;705508.0;252.69;2.793;27.498
BT;Bình Tân;2023;1;2;147;784173.0;52.02;15.074;18.746
BTH;Bình Thạnh;2023;1;2;96;499164.0;20.76;24.021;19.232
CG;Cần Giờ;2023;1;2;16;71526.0;704.45;102.0;22.369
CC;Củ Chi;2023;1;2;101;462047.0;434.77;1.063;21.859
GV;Gò Vấp;2023;1;2;114;676899.0;19.73;34.308;16.842
HM;Hóc Môn;2023;1;2;111;542243.0;109.17;4.967;20.471
NB;Nhà Bè;2023;1;2;33;206837.0;100.43;2.06;15.955
PN;Phú Nhuận;2023;1;2;14;163961.0;4.86;33.599;8.539
Q1;Quận 1;2023;1;2;10;142625.0;7.73;18.451;7.011
Q10;Quận 10;2023;1;2;32;234819.0;5.72;41.052;13.628
Q11;Quận 11;2023;1;2;41;209867.0;5.14;40.83;19.536
Q12;Quận 12;2023;1;2;104;620146.0;52.74;11.921;16.77
Q3;Quận 3;2023;1;2;18;190375.0;4.92;38.694;9.455
Q4;Quận 4;2023;1;2;23;175329.0;4.18;41.945;13.118
Q5;Quận 5;2023;1;2;28;159073.0;4.27;37.254;17.602
Q6;Quận 6;2023;1;2;40;233561.0;7.19;32.712;17.126
Q7;Quận 7;2023;1;2;54;360155.0;35.69;10.091;14.994
Q8;Quận 8;2023;1;2;64;424667.0;19.18;22.222;15.071
TB;Tân Bình;2023;1;2;75;474792.0;22.43;21.168;15.796
TP;Tân Phú;2023;1;2;69;485348.0;15.97;30.391;14.217
TD;Thủ Đức;2023;1;2;232;1169967.0;211.56;5.53;19.83
BC;Bình Chánh;2023;1;3;197;705508.0;252.69;2.793;27.923
BT;Bình Tân;2023;1;3;145;784173.0;52.02;15.074;18.491
BTH;Bình Thạnh;2023;1;3;89;499164.0;20.76;24.021;17.83
CG;Cần Giờ;2023;1;3;11;71526.0;704.45;102.0;15.379
CC;Củ Chi;2023;1;3;94;462047.0;434.77;1.063;20.344
GV;Gò Vấp;2023;1;3;110;676899.0;19.73;34.308;16.251
HM;Hóc Môn;2023;1;3;93;542243.0;109.17;4.967;17.151
NB;Nhà Bè;2023;1;3;43;206837.0;100.43;2.06;20.789
PN;Phú Nhuận;2023;1;3;31;163961.0;4.86;33.599;18.907
Q1;Quận 1;2023;1;3;20;142625.0;7.73;18.451;14.023
Q10;Quận 10;2023;1;3;21;234819.0;5.72;41.052;8.943
Q11;Quận 11;2023;1;3;24;209867.0;5.14;40.83;11.436
Q12;Quận 12;2023;1;3;114;620146.0;52.74;11.921;18.383
Q3;Quận 3;2023;1;3;16;190375.0;4.92;38.694;8.404
Q4;Quận 4;2023;1;3;24;175329.0;4.18;41.945;13.689
Q5;Quận 5;2023;1;3;26;159073.0;4.27;37.254;16.345
Q6;Quận 6;2023;1;3;32;233561.0;7.19;32.712;13.701
Q7;Quận 7;2023;1;3;60;360155.0;35.69;10.091;16.659
Q8;Quận 8;2023;1;3;64;424667.0;19.18;22.222;15.071
TB;Tân Bình;2023;1;3;64;474792.0;22.43;21.168;13.48
TP;Tân Phú;2023;1;3;83;485348.0;15.97;30.391;17.101
TD;Thủ Đức;2023;1;3;245;1169967.0;211.56;5.53;20.941
BC;Bình Chánh;2023;1;4;215;705508.0;252.69;2.793;30.474
BT;Bình Tân;2023;1;4;142;784173.0;52.02;15.074;18.108
BTH;Bình Thạnh;2023;1;4;76;499164.0;20.76;24.021;15.225
CG;Cần Giờ;2023;1;4;19;71526.0;704.45;102.0;26.564
CC;Củ Chi;2023;1;4;93;462047.0;434.77;1.063;20.128
GV;Gò Vấp;2023;1;4;108;676899.0;19.73;34.308;15.955
HM;Hóc Môn;2023;1;4;118;542243.0;109.17;4.967;21.761
NB;Nhà Bè;2023;1;4;47;206837.0;100.43;2.06;22.723
PN;Phú Nhuận;2023;1;4;25;163961.0;4.86;33.599;15.248
Q1;Quận 1;2023;1;4;20;142625.0;7.73;18.451;14.023
Q10;Quận 10;2023;1;4;20;234819.0;5.72;41.052;8.517
Q11;Quận 11;2023;1;4;36;209867.0;5.14;40.83;17.154
Q12;Quận 12;2023;1;4;114;620146.0;52.74;11.921;18.383
Q3;Quận 3;2023;1;4;26;190375.0;4.92;38.694;13.657
Q4;Quận 4;2023;1;4;25;175329.0;4.18;41.945;14.259
Q5;Quận 5;2023;1;4;20;159073.0;4.27;37.254;12.573
Q6;Quận 6;2023;1;4;42;233561.0;7.19;32.712;17.982
Q7;Quận 7;2023;1;4;53;360155.0;35.69;10.091;14.716
Q8;Quận 8;2023;1;4;67;424667.0;19.18;22.222;15.777
TB;Tân Bình;2023;1;4;60;474792.0;22.43;21.168;12.637
TP;Tân Phú;2023;1;4;83;485348.0;15.97;30.391;17.101
TD;Thủ Đức;2023;1;4;216;1169967.0;211.56;5.53;18.462
BC;Bình Chánh;2023;1;5;186;705508.0;252.69;2.793;26.364
BT;Bình Tân;2023;1;5;135;784173.0;52.02;15.074;17.216
BTH;Bình Thạnh;2023;1;5;71;499164.0;20.76;24.021;14.224
CG;Cần Giờ;2023;1;5;13;71526.0;704.45;102.0;18.175
CC;Củ Chi;2023;1;5;98;462047.0;434.77;1.063;21.21
GV;Gò Vấp;2023;1;5;104;676899.0;19.73;34.308;15.364
HM;Hóc Môn;2023;1;5;109;542243.0;109.17;4.967;20.102
NB;Nhà Bè;2023;1;5;53;206837.0;100.43;2.06;25.624
PN;Phú Nhuận;2023;1;5;20;163961.0;4.86;33.599;12.198
Q1;Quận 1;2023;1;5;24;142625.0;7.73;18.451;16.827
Q10;Quận 10;2023;1;5;22;234819.0;5.72;41.052;9.369
Q11;Quận 11;2023;1;5;31;209867.0;5.14;40.83;14.771
Q12;Quận 12;2023;1;5;114;620146.0;52.74;11.921;18.383
Q3;Quận 3;2023;1;5;10;190375.0;4.92;38.694;5.253
Q4;Quận 4;2023;1;5;24;175329.0;4.18;41.945;13.689
Q5;Quận 5;2023;1;5;24;159073.0;4.27;37.254;15.087
Q6;Quận 6;2023;1;5;23;233561.0;7.19;32.712;9.848
Q7;Quận 7;2023;1;5;70;360155.0;35.69;10.091;19.436
Q8;Quận 8;2023;1;5;66;424667.0;19.18;22.222;15.542
TB;Tân Bình;2023;1;5;71;474792.0;22.43;21.168;14.954
TP;Tân Phú;2023;1;5;84;485348.0;15.97;30.391;17.307
TD;Thủ Đức;2023;1;5;223;1169967.0;211.56;5.53;19.06
BC;Bình Chánh;2023;2;6;182;705508.0;252.69;2.793;25.797
BT;Bình Tân;2023;2;6;128;784173.0;52.02;15.074;16.323
BTH;Bình Thạnh;2023;2;6;69;499164.0;20.76;24.021;13.823
CG;Cần Giờ;2023;2;6;18;71526.0;704.45;102.0;25.166
CC;Củ Chi;2023;2;6;91;462047.0;434.77;1.063;19.695
GV;Gò Vấp;2023;2;6;110;676899.0;19.73;34.308;16.251
HM;Hóc Môn;2023;2;6;97;542243.0;109.17;4.967;17.889
NB;Nhà Bè;2023;2;6;38;206837.0;100.43;2.06;18.372
PN;Phú Nhuận;2023;2;6;19;163961.0;4.86;33.599;11.588
Q1;Quận 1;2023;2;6;20;142625.0;7.73;18.451;14.023
Q10;Quận 10;2023;2;6;27;234819.0;5.72;41.052;11.498
Q11;Quận 11;2023;2;6;32;209867.0;5.14;40.83;15.248
Q12;Quận 12;2023;2;6;99;620146.0;52.74;11.921;15.964
Q3;Quận 3;2023;2;6;20;190375.0;4.92;38.694;10.506
Q4;Quận 4;2023;2;6;24;175329.0;4.18;41.945;13.689
Q5;Quận 5;2023;2;6;23;159073.0;4.27;37.254;14.459
Q6;Quận 6;2023;2;6;48;233561.0;7.19;32.712;20.551
Q7;Quận 7;2023;2;6;47;360155.0;35.69;10.091;13.05
Q8;Quận 8;2023;2;6;67;424667.0;19.18;22.222;15.777
TB;Tân Bình;2023;2;6;77;474792.0;22.43;21.168;16.218
TP;Tân Phú;2023;2;6;80;485348.0;15.97;30.391;16.483
TD;Thủ Đức;2023;2;6;231;1169967.0;211.56;5.53;19.744
BC;Bình Chánh;2023;2;7;182;705508.0;252.69;2.793;25.797
BT;Bình Tân;2023;2;7;140;784173.0;52.02;15.074;17.853
BTH;Bình Thạnh;2023;2;7;68;499164.0;20.76;24.021;13.623
CG;Cần Giờ;2023;2;7;22;71526.0;704.45;102.0;30.758
CC;Củ Chi;2023;2;7;87;462047.0;434.77;1.063;18.829
GV;Gò Vấp;2023;2;7;121;676899.0;19.73;34.308;17.876
HM;Hóc Môn;2023;2;7;110;542243.0;109.17;4.967;20.286
NB;Nhà Bè;2023;2;7;46;206837.0;100.43;2.06;22.24
PN;Phú Nhuận;2023;2;7;20;163961.0;4.86;33.599;12.198
Q1;Quận 1;2023;2;7;19;142625.0;7.73;18.451;13.322
Q10;Quận 10;2023;2;7;29;234819.0;5.72;41.052;12.35
Q11;Quận 11;2023;2;7;25;209867.0;5.14;40.83;11.912
Q12;Quận 12;2023;2;7;100;620146.0;52.74;11.921;16.125
Q3;Quận 3;2023;2;7;9;190375.0;4.92;38.694;4.728
Q4;Quận 4;2023;2;7;31;175329.0;4.18;41.945;17.681
Q5;Quận 5;2023;2;7;24;159073.0;4.27;37.254;15.087
Q6;Quận 6;2023;2;7;46;233561.0;7.19;32.712;19.695
Q7;Quận 7;2023;2;7;48;360155.0;35.69;10.091;13.328
Q8;Quận 8;2023;2;7;68;424667.0;19.18;22.222;16.013
TB;Tân Bình;2023;2;7;81;474792.0;22.43;21.168;17.06
TP;Tân Phú;2023;2;7;75;485348.0;15.97;30.391;15.453
TD;Thủ Đức;2023;2;7;238;1169967.0;211.56;5.53;20.342
BC;Bình Chánh;2023;2;8;177;705508.0;252.69;2.793;25.088
BT;Bình Tân;2023;2;8;172;784173.0;52.02;15.074;21.934
BTH;Bình Thạnh;2023;2;8;91;499164.0;20.76;24.021;18.23
CG;Cần Giờ;2023;2;8;17;71526.0;704.45;102.0;23.768
CC;Củ Chi;2023;2;8;100;462047.0;434.77;1.063;21.643
GV;Gò Vấp;2023;2;8;112;676899.0;19.73;34.308;16.546
HM;Hóc Môn;2023;2;8;128;542243.0;109.17;4.967;23.606
NB;Nhà Bè;2023;2;8;50;206837.0;100.43;2.06;24.174
PN;Phú Nhuận;2023;2;8;17;163961.0;4.86;33.599;10.368
Q1;Quận 1;2023;2;8;21;142625.0;7.73;18.451;14.724
Q10;Quận 10;2023;2;8;15;234819.0;5.72;41.052;6.388
Q11;Quận 11;2023;2;8;39;209867.0;5.14;40.83;18.583
Q12;Quận 12;2023;2;8;117;620146.0;52.74;11.921;18.867
Q3;Quận 3;2023;2;8;20;190375.0;4.92;38.694;10.506
Q4;Quận 4;2023;2;8;21;175329.0;4.18;41.945;11.977
Q5;Quận 5;2023;2;8;13;159073.0;4.27;37.254;8.172
Q6;Quận 6;2023;2;8;38;233561.0;7.19;32.712;16.27
Q7;Quận 7;2023;2;8;63;360155.0;35.69;10.091;17.492
Q8;Quận 8;2023;2;8;51;424667.0;19.18;22.222;12.009
TB;Tân Bình;2023;2;8;75;474792.0;22.43;21.168;15.796
TP;Tân Phú;2023;2;8;79;485348.0;15.97;30.391;16.277
TD;Thủ Đức;2023;2;8;229;1169967.0;211.56;5.53;19.573
BC;Bình Chánh;2023;2;9;203;705508.0;252.69;2.793;28.774
BT;Bình Tân;2023;2;9;147;784173.0;52.02;15.074;18.746
BTH;Bình Thạnh;2023;2;9;104;499164.0;20.76;24.021;20.835
CG;Cần Giờ;2023;2;9;14;71526.0;704.45;102.0;19.573
CC;Củ Chi;2023;2;9;80;462047.0;434.77;1.063;17.314
GV;Gò Vấp;2023;2;9;116;676899.0;19.73;34.308;17.137
HM;Hóc Môn;2023;2;9;98;542243.0;109.17;4.967;18.073
NB;Nhà Bè;2023;2;9;47;206837.0;100.43;2.06;22.723
PN;Phú Nhuận;2023;2;9;23;163961.0;4.86;33.599;14.028
Q1;Quận 1;2023;2;9;23;142625.0;7.73;18.451;16.126
Q10;Quận 10;2023;2;9;20;234819.0;5.72;41.052;8.517
Q11;Quận 11;2023;2;9;24;209867.0;5.14;40.83;11.436
Q12;Quận 12;2023;2;9;100;620146.0;52.74;11.921;16.125
Q3;Quận 3;2023;2;9;13;190375.0;4.92;38.694;6.829
Q4;Quận 4;2023;2;9;31;175329.0;4.18;41.945;17.681
Q5;Quận 5;2023;2;9;22;159073.0;4.27;37.254;13.83
Q6;Quận 6;2023;2;9;25;233561.0;7.19;32.712;10.704
Q7;Quận 7;2023;2;9;49;360155.0;35.69;10.091;13.605
Q8;Quận 8;2023;2;9;51;424667.0;19.18;22.222;12.009
TB;Tân Bình;2023;2;9;82;474792.0;22.43;21.168;17.271
TP;Tân Phú;2023;2;9;72;485348.0;15.97;30.391;14.835
TD;Thủ Đức;2023;2;9;233;1169967.0;211.56;5.53;19.915
BC;Bình Chánh;2023;3;10;194;705508.0;252.69;2.793;27.498
BT;Bình Tân;2023;3;10;152;784173.0;52.02;15.074;19.383
BTH;Bình Thạnh;2023;3;10;85;499164.0;20.76;24.021;17.028
CG;Cần Giờ;2023;3;10;18;71526.0;704.45;102.0;25.166
CC;Củ Chi;2023;3;10;96;462047.0;434.77;1.063;20.777
GV;Gò Vấp;2023;3;10;130;676899.0;19.73;34.308;19.205
HM;Hóc Môn;2023;3;10;111;542243.0;109.17;4.967;20.471
NB;Nhà Bè;2023;3;10;46;206837.0;100.43;2.06;22.24
PN;Phú Nhuận;2023;3;10;16;163961.0;4.86;33.599;9.758
Q1;Quận 1;2023;3;10;27;142625.0;7.73;18.451;18.931
Q10;Quận 10;2023;3;10;24;234819.0;5.72;41.052;10.221
Q11;Quận 11;2023;3;10;25;209867.0;5.14;40.83;11.912
Q12;Quận 12;2023;3;10;107;620146.0;52.74;11.921;17.254
Q3;Quận 3;2023;3;10;22;190375.0;4.92;38.694;11.556
Q4;Quận 4;2023;3;10;27;175329.0;4.18;41.945;15.4
Q5;Quận 5;2023;3;10;24;159073.0;4.27;37.254;15.087
Q6;Quận 6;2023;3;10;31;233561.0;7.19;32.712;13.273
Q7;Quận 7;2023;3;10;61;360155.0;35.69;10.091;16.937
Q8;Quận 8;2023;3;10;73;424667.0;19.18;22.222;17.19
TB;Tân Bình;2023;3;10;77;474792.0;22.43;21.168;16.218
TP;Tân Phú;2023;3;10;78;485348.0;15.97;30.391;16.071
TD;Thủ Đức;2023;3;10;258;1169967.0;211.56;5.53;22.052
BC;Bình Chánh;2023;3;11;190;705508.0;252.69;2.793;26.931
BT;Bình Tân;2023;3;11;153;784173.0;52.02;15.074;19.511
BTH;Bình Thạnh;2023;3;11;99;499164.0;20.76;24.021;19.833
CG;Cần Giờ;2023;3;11;15;71526.0;704.45;102.0;20.971
CC;Củ Chi;2023;3;11;126;462047.0;434.77;1.063;27.27
GV;Gò Vấp;2023;3;11;122;676899.0;19.73;34.308;18.023
HM;Hóc Môn;2023;3;11;107;542243.0;109.17;4.967;19.733
NB;Nhà Bè;2023;3;11;45;206837.0;100.43;2.06;21.756
PN;Phú Nhuận;2023;3;11;14;163961.0;4.86;33.599;8.539
Q1;Quận 1;2023;3;11;22;142625.0;7.73;18.451;15.425
Q10;Quận 10;2023;3;11;24;234819.0;5.72;41.052;10.221
Q11;Quận 11;2023;3;11;34;209867.0;5.14;40.83;16.201
Q12;Quận 12;2023;3;11;117;620146.0;52.74;11.921;18.867
Q3;Quận 3;2023;3;11;14;190375.0;4.92;38.694;7.354
Q4;Quận 4;2023;3;11;28;175329.0;4.18;41.945;15.97
Q5;Quận 5;2023;3;11;23;159073.0;4.27;37.254;14.459
Q6;Quận 6;2023;3;11;41;233561.0;7.19;32.712;17.554
Q7;Quận 7;2023;3;11;63;360155.0;35.69;10.091;17.492
Q8;Quận 8;2023;3;11;72;424667.0;19.18;22.222;16.954
TB;Tân Bình;2023;3;11;71;474792.0;22.43;21.168;14.954
TP;Tân Phú;2023;3;11;84;485348.0;15.97;30.391;17.307
TD;Thủ Đức;2023;3;11;225;1169967.0;211.56;5.53;19.231
BC;Bình Chánh;2023;3;12;214;705508.0;252.69;2.793;30.333
BT;Bình Tân;2023;3;12;179;784173.0;52.02;15.074;22.827
BTH;Bình Thạnh;2023;3;12;88;499164.0;20.76;24.021;17.629
CG;Cần Giờ;2023;3;12;22;71526.0;704.45;102.0;30.758
CC;Củ Chi;2023;3;12;102;462047.0;434.77;1.063;22.076
GV;Gò Vấp;2023;3;12;117;676899.0;19.73;34.308;17.285
HM;Hóc Môn;2023;3;12;105;542243.0;109.17;4.967;19.364
NB;Nhà Bè;2023;3;12;41;206837.0;100.43;2.06;19.822
PN;Phú Nhuận;2023;3;12;14;163961.0;4.86;33.599;8.539
Q1;Quận 1;2023;3;12;32;142625.0;7.73;18.451;22.436
Q10;Quận 10;2023;3;12;21;234819.0;5.72;41.052;8.943
Q11;Quận 11;2023;3;12;34;209867.0;5.14;40.83;16.201
Q12;Quận 12;2023;3;12;123;620146.0;52.74;11.921;19.834
Q3;Quận 3;2023;3;12;22;190375.0;4.92;38.694;11.556
Q4;Quận 4;2023;3;12;32;175329.0;4.18;41.945;18.251
Q5;Quận 5;2023;3;12;32;159073.0;4.27;37.254;20.117
Q6;Quận 6;2023;3;12;33;233561.0;7.19;32.712;14.129
Q7;Quận 7;2023;3;12;49;360155.0;35.69;10.091;13.605
Q8;Quận 8;2023;3;12;58;424667.0;19.18;22.222;13.658
TB;Tân Bình;2023;3;12;77;474792.0;22.43;21.168;16.218
TP;Tân Phú;2023;3;12;91;485348.0;15.97;30.391;18.749
TD;Thủ Đức;2023;3;12;257;1169967.0;211.56;5.53;21.966
BC;Bình Chánh;2023;3;13;174;705508.0;252.69;2.793;24.663
BT;Bình Tân;2023;3;13;156;784173.0;52.02;15.074;19.894
BTH;Bình Thạnh;2023;3;13;79;499164.0;20.76;24.021;15.826
CG;Cần Giờ;2023;3;13;14;71526.0;704.45;102.0;19.573
CC;Củ Chi;2023;3;13;113;462047.0;434.77;1.063;24.456
GV;Gò Vấp;2023;3;13;111;676899.0;19.73;34.308;16.398
HM;Hóc Môn;2023;3;13;93;542243.0;109.17;4.967;17.151
NB;Nhà Bè;2023;3;13;51;206837.0;100.43;2.06;24.657
PN;Phú Nhuận;2023;3;13;15;163961.0;4.86;33.599;9.149
Q1;Quận 1;2023;3;13;23;142625.0;7.73;18.451;16.126
Q10;Quận 10;2023;3;13;32;234819.0;5.72;41.052;13.628
Q11;Quận 11;2023;3;13;28;209867.0;5.14;40.83;13.342
Q12;Quận 12;2023;3;13;105;620146.0;52.74;11.921;16.931
Q3;Quận 3;2023;3;13;22;190375.0;4.92;38.694;11.556
Q4;Quận 4;2023;3;13;33;175329.0;4.18;41.945;18.822
Q5;Quận 5;2023;3;13;28;159073.0;4.27;37.254;17.602
Q6;Quận 6;2023;3;13;38;233561.0;7.19;32.712;16.27
Q7;Quận 7;2023;3;13;68;360155.0;35.69;10.091;18.881
Q8;Quận 8;2023;3;13;73;424667.0;19.18;22.222;17.19
TB;Tân Bình;2023;3;13;91;474792.0;22.43;21.168;19.166
TP;Tân Phú;2023;3;13;75;485348.0;15.97;30.391;15.453
TD;Thủ Đức;2023;3;13;277;1169967.0;211.56;5.53;23.676
BC;Bình Chánh;2023;4;14;193;705508.0;252.69;2.793;27.356
BT;Bình Tân;2023;4;14;177;784173.0;52.02;15.074;22.572
BTH;Bình Thạnh;2023;4;14;91;499164.0;20.76;24.021;18.23
CG;Cần Giờ;2023;4;14;16;71526.0;704.45;102.0;22.369
CC;Củ Chi;2023;4;14;106;462047.0;434.77;1.063;22.941
GV;Gò Vấp;2023;4;14;145;676899.0;19.73;34.308;21.421
HM;Hóc Môn;2023;4;14;116;542243.0;109.17;4.967;21.393
NB;Nhà Bè;2023;4;14;50;206837.0;100.43;2.06;24.174
PN;Phú Nhuận;2023;4;14;16;163961.0;4.86;33.599;9.758
Q1;Quận 1;2023;4;14;27;142625.0;7.73;18.451;18.931
Q10;Quận 10;2023;4;14;22;234819.0;5.72;41.052;9.369
Q11;Quận 11;2023;4;14;31;209867.0;5.14;40.83;14.771
Q12;Quận 12;2023;4;14;128;620146.0;52.74;11.921;20.64
Q3;Quận 3;2023;4;14;20;190375.0;4.92;38.694;10.506
Q4;Quận 4;2023;4;14;43;175329.0;4.18;41.945;24.525
Q5;Quận 5;2023;4;14;23;159073.0;4.27;37.254;14.459
Q6;Quận 6;2023;4;14;30;233561.0;7.19;32.712;12.845
Q7;Quận 7;2023;4;14;54;360155.0;35.69;10.091;14.994
Q8;Quận 8;2023;4;14;69;424667.0;19.18;22.222;16.248
TB;Tân Bình;2023;4;14;82;474792.0;22.43;21.168;17.271
TP;Tân Phú;2023;4;14;69;485348.0;15.97;30.391;14.217
TD;Thủ Đức;2023;4;14;274;1169967.0;211.56;5.53;23.419
BC;Bình Chánh;2023;4;15;210;705508.0;252.69;2.793;29.766
BT;Bình Tân;2023;4;15;155;784173.0;52.02;15.074;19.766
BTH;Bình Thạnh;2023;4;15;84;499164.0;20.76;24.021;16.828
CG;Cần Giờ;2023;4;15;23;71526.0;704.45;102.0;32.156
CC;Củ Chi;2023;4;15;115;462047.0;434.77;1.063;24.889
GV;Gò Vấp;2023;4;15;119;676899.0;19.73;34.308;17.58
HM;Hóc Môn;2023;4;15;100;542243.0;109.17;4.967;18.442
NB;Nhà Bè;2023;4;15;34;206837.0;100.43;2.06;16.438
PN;Phú Nhuận;2023;4;15;15;163961.0;4.86;33.599;9.149
Q1;Quận 1;2023;4;15;22;142625.0;7.73;18.451;15.425
Q10;Quận 10;2023;4;15;22;234819.0;5.72;41.052;9.369
Q11;Quận 11;2023;4;15;28;209867.0;5.14;40.83;13.342
Q12;Quận 12;2023;4;15;112;620146.0;52.74;11.921;18.06
Q3;Quận 3;2023;4;15;15;190375.0;4.92;38.694;7.879
Q4;Quận 4;2023;4;15;26;175329.0;4.18;41.945;14.829
Q5;Quận 5;2023;4;15;26;159073.0;4.27;37.254;16.345
Q6;Quận 6;2023;4;15;33;233561.0;7.19;32.712;14.129
Q7;Quận 7;2023;4;15;51;360155.0;35.69;10.091;14.161
Q8;Quận 8;2023;4;15;79;424667.0;19.18;22.222;18.603
TB;Tân Bình;2023;4;15;72;474792.0;22.43;21.168;15.165
TP;Tân Phú;2023;4;15;80;485348.0;15.97;30.391;16.483
TD;Thủ Đức;2023;4;15;273;1169967.0;211.56;5.53;23.334
BC;Bình Chánh;2023;4;16;212;705508.0;252.69;2.793;30.049
BT;Bình Tân;2023;4;16;155;784173.0;52.02;15.074;19.766
BTH;Bình Thạnh;2023;4;16;85;499164.0;20.76;24.021;17.028
CG;Cần Giờ;2023;4;16;10;71526.0;704.45;102.0;13.981
CC;Củ Chi;2023;4;16;99;462047.0;434.77;1.063;21.426
GV;Gò Vấp;2023;4;16;104;676899.0;19.73;34.308;15.364
HM;Hóc Môn;2023;4;16;119;542243.0;109.17;4.967;21.946
NB;Nhà Bè;2023;4;16;50;206837.0;100.43;2.06;24.174
PN;Phú Nhuận;2023;4;16;17;163961.0;4.86;33.599;10.368
Q1;Quận 1;2023;4;16;34;142625.0;7.73;18.451;23.839
Q10;Quận 10;2023;4;16;23;234819.0;5.72;41.052;9.795
Q11;Quận 11;2023;4;16;37;209867.0;5.14;40.83;17.63
Q12;Quận 12;2023;4;16;120;620146.0;52.74;11.921;19.35
Q3;Quận 3;2023;4;16;18;190375.0;4.92;38.694;9.455
Q4;Quận 4;2023;4;16;29;175329.0;4.18;41.945;16.54
Q5;Quận 5;2023;4;16;23;159073.0;4.27;37.254;14.459
Q6;Quận 6;2023;4;16;31;233561.0;7.19;32.712;13.273
Q7;Quận 7;2023;4;16;79;360155.0;35.69;10.091;21.935
Q8;Quận 8;2023;4;16;72;424667.0;19.18;22.222;16.954
TB;Tân Bình;2023;4;16;90;474792.0;22.43;21.168;18.956
TP;Tân Phú;2023;4;16;80;485348.0;15.97;30.391;16.483
TD;Thủ Đức;2023;4;16;257;1169967.0;211.56;5.53;21.966
BC;Bình Chánh;2023;4;17;195;705508.0;252.69;2.793;27.64
BT;Bình Tân;2023;4;17;162;784173.0;52.02;15.074;20.659
BTH;Bình Thạnh;2023;4;17;86;499164.0;20.76;24.021;17.229
CG;Cần Giờ;2023;4;17;23;71526.0;704.45;102.0;32.156
CC;Củ Chi;2023;4;17;110;462047.0;434.77;1.063;23.807
GV;Gò Vấp;2023;4;17;126;676899.0;19.73;34.308;18.614
HM;Hóc Môn;2023;4;17;119;542243.0;109.17;4.967;21.946
NB;Nhà Bè;2023;4;17;51;206837.0;100.43;2.06;24.657
PN;Phú Nhuận;2023;4;17;25;163961.0;4.86;33.599;15.248
Q1;Quận 1;2023;4;17;30;142625.0;7.73;18.451;21.034
Q10;Quận 10;2023;4;17;25;234819.0;5.72;41.052;10.646
Q11;Quận 11;2023;4;17;39;209867.0;5.14;40.83;18.583
Q12;Quận 12;2023;4;17;132;620146.0;52.74;11.921;21.285
Q3;Quận 3;2023;4;17;20;190375.0;4.92;38.694;10.506
Q4;Quận 4;2023;4;17;22;175329.0;4.18;41.945;12.548
Q5;Quận 5;2023;4;17;33;159073.0;4.27;37.254;20.745
Q6;Quận 6;2023;4;17;36;233561.0;7.19;32.712;15.414
Q7;Quận 7;2023;4;17;62;360155.0;35.69;10.091;17.215
Q8;Quận 8;2023;4;17;79;424667.0;19.18;22.222;18.603
TB;Tân Bình;2023;4;17;92;474792.0;22.43;21.168;19.377
TP;Tân Phú;2023;4;17;98;485348.0;15.97;30.391;20.192
TD;Thủ Đức;2023;4;17;287;1169967.0;211.56;5.53;24.531
BC;Bình Chánh;2023;4;18;212;705508.0;252.69;2.793;30.049
BT;Bình Tân;2023;4;18;184;784173.0;52.02;15.074;23.464
BTH;Bình Thạnh;2023;4;18;97;499164.0;20.76;24.021;19.432
CG;Cần Giờ;2023;4;18;9;71526.0;704.45;102.0;12.583
CC;Củ Chi;2023;4;18;112;462047.0;434.77;1.063;24.24
GV;Gò Vấp;2023;4;18;147;676899.0;19.73;34.308;21.717
HM;Hóc Môn;2023;4;18;118;542243.0;109.17;4.967;21.761
NB;Nhà Bè;2023;4;18;56;206837.0;100.43;2.06;27.074
PN;Phú Nhuận;2023;4;18;22;163961.0;4.86;33.599;13.418
Q1;Quận 1;2023;4;18;22;142625.0;7.73;18.451;15.425
Q10;Quận 10;2023;4;18;35;234819.0;5.72;41.052;14.905
Q11;Quận 11;2023;4;18;39;209867.0;5.14;40.83;18.583
Q12;Quận 12;2023;4;18;137;620146.0;52.74;11.921;22.092
Q3;Quận 3;2023;4;18;23;190375.0;4.92;38.694;12.081
Q4;Quận 4;2023;4;18;43;175329.0;4.18;41.945;24.525
Q5;Quận 5;2023;4;18;16;159073.0;4.27;37.254;10.058
Q6;Quận 6;2023;4;18;49;233561.0;7.19;32.712;20.98
Q7;Quận 7;2023;4;18;72;360155.0;35.69;10.091;19.991
Q8;Quận 8;2023;4;18;70;424667.0;19.18;22.222;16.484
TB;Tân Bình;2023;4;18;113;474792.0;22.43;21.168;23.8
TP;Tân Phú;2023;4;18;95;485348.0;15.97;30.391;19.574
TD;Thủ Đức;2023;4;18;268;1169967.0;211.56;5.53;22.907
BC;Bình Chánh;2023;5;19;237;705508.0;252.69;2.793;33.593
BT;Bình Tân;2023;5;19;194;784173.0;52.02;15.074;24.739
BTH;Bình Thạnh;2023;5;19;95;499164.0;20.76;24.021;19.032
CG;Cần Giờ;2023;5;19;18;71526.0;704.45;102.0;25.166
CC;Củ Chi;2023;5;19;109;462047.0;434.77;1.063;23.591
GV;Gò Vấp;2023;5;19;161;676899.0;19.73;34.308;23.785
HM;Hóc Môn;2023;5;19;126;542243.0;109.17;4.967;23.237
NB;Nhà Bè;2023;5;19;38;206837.0;100.43;2.06;18.372
PN;Phú Nhuận;2023;5;19;16;163961.0;4.86;33.599;9.758
Q1;Quận 1;2023;5;19;28;142625.0;7.73;18.451;19.632
Q10;Quận 10;2023;5;19;26;234819.0;5.72;41.052;11.072
Q11;Quận 11;2023;5;19;39;209867.0;5.14;40.83;18.583
Q12;Quận 12;2023;5;19;140;620146.0;52.74;11.921;22.575
Q3;Quận 3;2023;5;19;25;190375.0;4.92;38.694;13.132
Q4;Quận 4;2023;5;19;36;175329.0;4.18;41.945;20.533
Q5;Quận 5;2023;5;19;25;159073.0;4.27;37.254;15.716
Q6;Quận 6;2023;5;19;52;233561.0;7.19;32.712;22.264
Q7;Quận 7;2023;5;19;62;360155.0;35.69;10.091;17.215
Q8;Quận 8;2023;5;19;70;424667.0;19.18;22.222;16.484
TB;Tân Bình;2023;5;19;87;474792.0;22.43;21.168;18.324
TP;Tân Phú;2023;5;19;93;485348.0;15.97;30.391;19.162
TD;Thủ Đức;2023;5;19;262;1169967.0;211.56;5.53;22.394
BC;Bình Chánh;2023;5;20;234;705508.0;252.69;2.793;33.168
BT;Bình Tân;2023;5;20;191;784173.0;52.02;15.074;24.357
BTH;Bình Thạnh;2023;5;20;106;499164.0;20.76;24.021;21.236
CG;Cần Giờ;2023;5;20;14;71526.0;704.45;102.0;19.573
CC;Củ Chi;2023;5;20;119;462047.0;434.77;1.063;25.755
GV;Gò Vấp;2023;5;20;137;676899.0;19.73;34.308;20.239
HM;Hóc Môn;2023;5;20;140;542243.0;109.17;4.967;25.819
NB;Nhà Bè;2023;5;20;62;206837.0;100.43;2.06;29.975
PN;Phú Nhuận;2023;5;20;24;163961.0;4.86;33.599;14.638
Q1;Quận 1;2023;5;20;28;142625.0;7.73;18.451;19.632
Q10;Quận 10;2023;5;20;37;234819.0;5.72;41.052;15.757
Q11;Quận 11;2023;5;20;38;209867.0;5.14;40.83;18.107
Q12;Quận 12;2023;5;20;124;620146.0;52.74;11.921;19.995
Q3;Quận 3;2023;5;20;23;190375.0;4.92;38.694;12.081
Q4;Quận 4;2023;5;20;35;175329.0;4.18;41.945;19.962
Q5;Quận 5;2023;5;20;21;159073.0;4.27;37.254;13.201
Q6;Quận 6;2023;5;20;40;233561.0;7.19;32.712;17.126
Q7;Quận 7;2023;5;20;67;360155.0;35.69;10.091;18.603
Q8;Quận 8;2023;5;20;59;424667.0;19.18;22.222;13.893
TB;Tân Bình;2023;5;20;106;474792.0;22.43;21.168;22.326
TP;Tân Phú;2023;5;20;90;485348.0;15.97;30.391;18.543
TD;Thủ Đức;2023;5;20;281;1169967.0;211.56;5.53;24.018
BC;Bình Chánh;2023;5;21;235;705508.0;252.69;2.793;33.309
BT;Bình Tân;2023;5;21;213;784173.0;52.02;15.074;27.162
BTH;Bình Thạnh;2023;5;21;102;499164.0;20.76;24.021;20.434
CG;Cần Giờ;2023;5;21;25;71526.0;704.45;102.0;34.952
CC;Củ Chi;2023;5;21;111;462047.0;434.77;1.063;24.024
GV;Gò Vấp;2023;5;21;146;676899.0;19.73;34.308;21.569
HM;Hóc Môn;2023;5;21;153;542243.0;109.17;4.967;28.216
NB;Nhà Bè;2023;5;21;53;206837.0;100.43;2.06;25.624
PN;Phú Nhuận;2023;5;21;28;163961.0;4.86;33.599;17.077
Q1;Quận 1;2023;5;21;30;142625.0;7.73;18.451;21.034
Q10;Quận 10;2023;5;21;44;234819.0;5.72;41.052;18.738
Q11;Quận 11;2023;5;21;50;209867.0;5.14;40.83;23.825
Q12;Quận 12;2023;5;21;141;620146.0;52.74;11.921;22.737
Q3;Quận 3;2023;5;21;22;190375.0;4.92;38.694;11.556
Q4;Quận 4;2023;5;21;29;175329.0;4.18;41.945;16.54
Q5;Quận 5;2023;5;21;31;159073.0;4.27;37.254;19.488
Q6;Quận 6;2023;5;21;44;233561.0;7.19;32.712;18.839
Q7;Quận 7;2023;5;21;74;360155.0;35.69;10.091;20.547
Q8;Quận 8;2023;5;21;85;424667.0;19.18;22.222;20.016
TB;Tân Bình;2023;5;21;100;474792.0;22.43;21.168;21.062
TP;Tân Phú;2023;5;21;99;485348.0;15.97;30.391;20.398
TD;Thủ Đức;2023;5;21;322;1169967.0;211.56;5.53;27.522
BC;Bình Chánh;2023;5;22;244;705508.0;252.69;2.793;34.585
BT;Bình Tân;2023;5;22;184;784173.0;52.02;15.074;23.464
BTH;Bình Thạnh;2023;5;22;108;499164.0;20.76;24.021;21.636
CG;Cần Giờ;2023;5;22;23;71526.0;704.45;102.0;32.156
CC;Củ Chi;2023;5;22;123;462047.0;434.77;1.063;26.621
GV;Gò Vấp;2023;5;22;138;676899.0;19.73;34.308;20.387
HM;Hóc Môn;2023;5;22;114;542243.0;109.17;4.967;21.024
NB;Nhà Bè;2023;5;22;59;206837.0;100.43;2.06;28.525
PN;Phú Nhuận;2023;5;22;24;163961.0;4.86;33.599;14.638
Q1;Quận 1;2023;5;22;45;142625.0;7.73;18.451;31.551
Q10;Quận 10;2023;5;22;44;234819.0;5.72;41.052;18.738
Q11;Quận 11;2023;5;22;42;209867.0;5.14;40.83;20.013
Q12;Quận 12;2023;5;22;154;620146.0;52.74;11.921;24.833
Q3;Quận 3;2023;5;22;26;190375.0;4.92;38.694;13.657
Q4;Quận 4;2023;5;22;41;175329.0;4.18;41.945;23.385
Q5;Quận 5;2023;5;22;29;159073.0;4.27;37.254;18.231
Q6;Quận 6;2023;5;22;46;233561.0;7.19;32.712;19.695
Q7;Quận 7;2023;5;22;88;360155.0;35.69;10.091;24.434
Q8;Quận 8;2023;5;22;95;424667.0;19.18;22.222;22.37
TB;Tân Bình;2023;5;22;108;474792.0;22.43;21.168;22.747
TP;Tân Phú;2023;5;22;107;485348.0;15.97;30.391;22.046
TD;Thủ Đức;2023;5;22;269;1169967.0;211.56;5.53;22.992
BC;Bình Chánh;2023;6;23;269;705508.0;252.69;2.793;38.129
BT;Bình Tân;2023;6;23;219;784173.0;52.02;15.074;27.928
BTH;Bình Thạnh;2023;6;23;137;499164.0;20.76;24.021;27.446
CG;Cần Giờ;2023;6;23;26;71526.0;704.45;102.0;36.35
CC;Củ Chi;2023;6;23;134;462047.0;434.77;1.063;29.001
GV;Gò Vấp;2023;6;23;165;676899.0;19.73;34.308;24.376
HM;Hóc Môn;2023;6;23;174;542243.0;109.17;4.967;32.089
NB;Nhà Bè;2023;6;23;63;206837.0;100.43;2.06;30.459
PN;Phú Nhuận;2023;6;23;21;163961.0;4.86;33.599;12.808
Q1;Quận 1;2023;6;23;31;142625.0;7.73;18.451;21.735
Q10;Quận 10;2023;6;23;29;234819.0;5.72;41.052;12.35
Q11;Quận 11;2023;6;23;30;209867.0;5.14;40.83;14.295
Q12;Quận 12;2023;6;23;131;620146.0;52.74;11.921;21.124
Q3;Quận 3;2023;6;23;27;190375.0;4.92;38.694;14.183
Q4;Quận 4;2023;6;23;31;175329.0;4.18;41.945;17.681
Q5;Quận 5;2023;6;23;48;159073.0;4.27;37.254;30.175
Q6;Quận 6;2023;6;23;43;233561.0;7.19;32.712;18.411
Q7;Quận 7;2023;6;23;92;360155.0;35.69;10.091;25.545
Q8;Quận 8;2023;6;23;66;424667.0;19.18;22.222;15.542
TB;Tân Bình;2023;6;23;114;474792.0;22.43;21.168;24.011
TP;Tân Phú;2023;6;23;103;485348.0;15.97;30.391;21.222
TD;Thủ Đức;2023;6;23;331;1169967.0;211.56;5.53;28.291
BC;Bình Chánh;2023;6;24;256;705508.0;252.69;2.793;36.286
BT;Bình Tân;2023;6;24;209;784173.0;52.02;15.074;26.652
BTH;Bình Thạnh;2023;6;24;114;499164.0;20.76;24.021;22.838
CG;Cần Giờ;2023;6;24;12;71526.0;704.45;102.0;16.777
CC;Củ Chi;2023;6;24;148;462047.0;434.77;1.063;32.031
GV;Gò Vấp;2023;6;24;152;676899.0;19.73;34.308;22.455
HM;Hóc Môn;2023;6;24;135;542243.0;109.17;4.967;24.897
NB;Nhà Bè;2023;6;24;58;206837.0;100.43;2.06;28.041
PN;Phú Nhuận;2023;6;24;17;163961.0;4.86;33.599;10.368
Q1;Quận 1;2023;6;24;38;142625.0;7.73;18.451;26.643
Q10;Quận 10;2023;6;24;36;234819.0;5.72;41.052;15.331
Q11;Quận 11;2023;6;24;39;209867.0;5.14;40.83;18.583
Q12;Quận 12;2023;6;24;156;620146.0;52.74;11.921;25.155
Q3;Quận 3;2023;6;24;26;190375.0;4.92;38.694;13.657
Q4;Quận 4;2023;6;24;45;175329.0;4.18;41.945;25.666
Q5;Quận 5;2023;6;24;24;159073.0;4.27;37.254;15.087
Q6;Quận 6;2023;6;24;48;233561.0;7.19;32.712;20.551
Q7;Quận 7;2023;6;24;84;360155.0;35.69;10.091;23.323
Q8;Quận 8;2023;6;24;96;424667.0;19.18;22.222;22.606
TB;Tân Bình;2023;6;24;120;474792.0;22.43;21.168;25.274
TP;Tân Phú;2023;6;24;106;485348.0;15.97;30.391;21.84
TD;Thủ Đức;2023;6;24;333;1169967.0;211.56;5.53;28.462
BC;Bình Chánh;2023;6;25;285;705508.0;252.69;2.793;40.396
BT;Bình Tân;2023;6;25;235;784173.0;52.02;15.074;29.968
BTH;Bình Thạnh;2023;6;25;119;499164.0;20.76;24.021;23.84
CG;Cần Giờ;2023;6;25;27;71526.0;704.45;102.0;37.749
CC;Củ Chi;2023;6;25;146;462047.0;434.77;1.063;31.599
GV;Gò Vấp;2023;6;25;175;676899.0;19.73;34.308;25.853
HM;Hóc Môn;2023;6;25;176;542243.0;109.17;4.967;32.458
NB;Nhà Bè;2023;6;25;63;206837.0;100.43;2.06;30.459
PN;Phú Nhuận;2023;6;25;25;163961.0;4.86;33.599;15.248
Q1;Quận 1;2023;6;25;32;142625.0;7.73;18.451;22.436
Q10;Quận 10;2023;6;25;45;234819.0;5.72;41.052;19.164
Q11;Quận 11;2023;6;25;56;209867.0;5.14;40.83;26.684
Q12;Quận 12;2023;6;25;174;620146.0;52.74;11.921;28.058
Q3;Quận 3;2023;6;25;31;190375.0;4.92;38.694;16.284
Q4;Quận 4;2023;6;25;47;175329.0;4.18;41.945;26.807
Q5;Quận 5;2023;6;25;28;159073.0;4.27;37.254;17.602
Q6;Quận 6;2023;6;25;58;233561.0;7.19;32.712;24.833
Q7;Quận 7;2023;6;25;93;360155.0;35.69;10.091;25.822
Q8;Quận 8;2023;6;25;98;424667.0;19.18;22.222;23.077
TB;Tân Bình;2023;6;25;114;474792.0;22.43;21.168;24.011
TP;Tân Phú;2023;6;25;119;485348.0;15.97;30.391;24.518
TD;Thủ Đức;2023;6;25;360;1169967.0;211.56;5.53;30.77
BC;Bình Chánh;2023;6;26;283;705508.0;252.69;2.793;40.113
BT;Bình Tân;2023;6;26;248;784173.0;52.02;15.074;31.626
BTH;Bình Thạnh;2023;6;26;133;499164.0;20.76;24.021;26.645
CG;Cần Giờ;2023;6;26;26;71526.0;704.45;102.0;36.35
CC;Củ Chi;2023;6;26;134;462047.0;434.77;1.063;29.001
GV;Gò Vấp;2023;6;26;158;676899.0;19.73;34.308;23.342
HM;Hóc Môn;2023;6;26;181;542243.0;109.17;4.967;33.38
NB;Nhà Bè;2023;6;26;72;206837.0;100.43;2.06;34.81
PN;Phú Nhuận;2023;6;26;27;163961.0;4.86;33.599;16.467
Q1;Quận 1;2023;6;26;33;142625.0;7.73;18.451;23.138
Q10;Quận 10;2023;6;26;34;234819.0;5.72;41.052;14.479
Q11;Quận 11;2023;6;26;48;209867.0;5.14;40.83;22.872
Q12;Quận 12;2023;6;26;167;620146.0;52.74;11.921;26.929
Q3;Quận 3;2023;6;26;24;190375.0;4.92;38.694;12.607
Q4;Quận 4;2023;6;26;60;175329.0;4.18;41.945;34.221
Q5;Quận 5;2023;6;26;41;159073.0;4.27;37.254;25.774
Q6;Quận 6;2023;6;26;56;233561.0;7.19;32.712;23.977
Q7;Quận 7;2023;6;26;67;360155.0;35.69;10.091;18.603
Q8;Quận 8;2023;6;26;99;424667.0;19.18;22.222;23.312
TB;Tân Bình;2023;6;26;142;474792.0;22.43;21.168;29.908
TP;Tân Phú;2023;6;26;107;485348.0;15.97;30.391;22.046
TD;Thủ Đức;2023;6;26;350;1169967.0;211.56;5.53;29.915
BC;Bình Chánh;2023;7;27;306;705508.0;252.69;2.793;43.373
BT;Bình Tân;2023;7;27;257;784173.0;52.02;15.074;32.773
BTH;Bình Thạnh;2023;7;27;124;499164.0;20.76;24.021;24.842
CG;Cần Giờ;2023;7;27;21;71526.0;704.45;102.0;29.36
CC;Củ Chi;2023;7;27;155;462047.0;434.77;1.063;33.546
GV;Gò Vấp;2023;7;27;184;676899.0;19.73;34.308;27.183
HM;Hóc Môn;2023;7;27;180;542243.0;109.17;4.967;33.195
NB;Nhà Bè;2023;7;27;72;206837.0;100.43;2.06;34.81
PN;Phú Nhuận;2023;7;27;25;163961.0;4.86;33.599;15.248
Q1;Quận 1;2023;7;27;28;142625.0;7.73;18.451;19.632
Q10;Quận 10;2023;7;27;51;234819.0;5.72;41.052;21.719
Q11;Quận 11;2023;7;27;36;209867.0;5.14;40.83;17.154
Q12;Quận 12;2023;7;27;180;620146.0;52.74;11.921;29.025
Q3;Quận 3;2023;7;27;21;190375.0;4.92;38.694;11.031
Q4;Quận 4;2023;7;27;48;175329.0;4.18;41.945;27.377
Q5;Quận 5;2023;7;27;30;159073.0;4.27;37.254;18.859
Q6;Quận 6;2023;7;27;57;233561.0;7.19;32.712;24.405
Q7;Quận 7;2023;7;27;110;360155.0;35.69;10.091;30.542
Q8;Quận 8;2023;7;27;100;424667.0;19.18;22.222;23.548
TB;Tân Bình;2023;7;27;129;474792.0;22.43;21.168;27.17
TP;Tân Phú;2023;7;27;128;485348.0;15.97;30.391;26.373
TD;Thủ Đức;2023;7;27;358;1169967.0;211.56;5.53;30.599
BC;Bình Chánh;2023;7;28;295;705508.0;252.69;2.793;41.814
BT;Bình Tân;2023;7;28;247;784173.0;52.02;15.074;31.498
BTH;Bình Thạnh;2023;7;28;137;499164.0;20.76;24.021;27.446
CG;Cần Giờ;2023;7;28;23;71526.0;704.45;102.0;32.156
CC;Củ Chi;2023;7;28;150;462047.0;434.77;1.063;32.464
GV;Gò Vấp;2023;7;28;193;676899.0;19.73;34.308;28.512
HM;Hóc Môn;2023;7;28;159;542243.0;109.17;4.967;29.323
NB;Nhà Bè;2023;7;28;59;206837.0;100.43;2.06;28.525
PN;Phú Nhuận;2023;7;28;32;163961.0;4.86;33.599;19.517
Q1;Quận 1;2023;7;28;38;142625.0;7.73;18.451;26.643
Q10;Quận 10;2023;7;28;44;234819.0;5.72;41.052;18.738
Q11;Quận 11;2023;7;28;47;209867.0;5.14;40.83;22.395
Q12;Quận 12;2023;7;28;192;620146.0;52.74;11.921;30.96
Q3;Quận 3;2023;7;28;22;190375.0;4.92;38.694;11.556
Q4;Quận 4;2023;7;28;35;175329.0;4.18;41.945;19.962
Q5;Quận 5;2023;7;28;37;159073.0;4.27;37.254;23.26
Q6;Quận 6;2023;7;28;45;233561.0;7.19;32.712;19.267
Q7;Quận 7;2023;7;28;76;360155.0;35.69;10.091;21.102
Q8;Quận 8;2023;7;28;104;424667.0;19.18;22.222;24.49
TB;Tân Bình;2023;7;28;136;474792.0;22.43;21.168;28.644
TP;Tân Phú;2023;7;28;100;485348.0;15.97;30.391;20.604
TD;Thủ Đức;2023;7;28;395;1169967.0;211.56;5.53;33.762
BC;Bình Chánh;2023;7;29;302;705508.0;252.69;2.793;42.806
BT;Bình Tân;2023;7;29;280;784173.0;52.02;15.074;35.706
BTH;Bình Thạnh;2023;7;29;141;499164.0;20.76;24.021;28.247
CG;Cần Giờ;2023;7;29;24;71526.0;704.45;102.0;33.554
CC;Củ Chi;2023;7;29;157;462047.0;434.77;1.063;33.979
GV;Gò Vấp;2023;7;29;199;676899.0;19.73;34.308;29.399
HM;Hóc Môn;2023;7;29;175;542243.0;109.17;4.967;32.273
NB;Nhà Bè;2023;7;29;55;206837.0;100.43;2.06;26.591
PN;Phú Nhuận;2023;7;29;33;163961.0;4.86;33.599;20.127
Q1;Quận 1;2023;7;29;43;142625.0;7.73;18.451;30.149
Q10;Quận 10;2023;7;29;48;234819.0;5.72;41.052;20.441
Q11;Quận 11;2023;7;29;47;209867.0;5.14;40.83;22.395
Q12;Quận 12;2023;7;29;170;620146.0;52.74;11.921;27.413
Q3;Quận 3;2023;7;29;28;190375.0;4.92;38.694;14.708
Q4;Quận 4;2023;7;29;43;175329.0;4.18;41.945;24.525
Q5;Quận 5;2023;7;29;29;159073.0;4.27;37.254;18.231
Q6;Quận 6;2023;7;29;56;233561.0;7.19;32.712;23.977
Q7;Quận 7;2023;7;29;79;360155.0;35.69;10.091;21.935
Q8;Quận 8;2023;7;29;103;424667.0;19.18;22.222;24.254
TB;Tân Bình;2023;7;29;140;474792.0;22.43;21.168;29.487
TP;Tân Phú;2023;7;29;136;485348.0;15.97;30.391;28.021
TD;Thủ Đức;2023;7;29;403;1169967.0;211.56;5.53;34.445
BC;Bình Chánh;2023;7;30;299;705508.0;252.69;2.793;42.381
BT;Bình Tân;2023;7;30;267;784173.0;52.02;15.074;34.049
BTH;Bình Thạnh;2023;7;30;138;499164.0;20.76;24.021;27.646
CG;Cần Giờ;2023;7;30;20;71526.0;704.45;102.0;27.962
CC;Củ Chi;2023;7;30;147;462047.0;434.77;1.063;31.815
GV;Gò Vấp;2023;7;30;182;676899.0;19.73;34.308;26.887
HM;Hóc Môn;2023;7;30;187;542243.0;109.17;4.967;34.486
NB;Nhà Bè;2023;7;30;85;206837.0;100.43;2.06;41.095
PN;Phú Nhuận;2023;7;30;28;163961.0;4.86;33.599;17.077
Q1;Quận 1;2023;7;30;41;142625.0;7.73;18.451;28.747
Q10;Quận 10;2023;7;30;45;234819.0;5.72;41.052;19.164
Q11;Quận 11;2023;7;30;48;209867.0;5.14;40.83;22.872
Q12;Quận 12;2023;7;30;168;620146.0;52.74;11.921;27.09
Q3;Quận 3;2023;7;30;29;190375.0;4.92;38.694;15.233
Q4;Quận 4;2023;7;30;53;175329.0;4.18;41.945;30.229
Q5;Quận 5;2023;7;30;44;159073.0;4.27;37.254;27.66
Q6;Quận 6;2023;7;30;60;233561.0;7.19;32.712;25.689
Q7;Quận 7;2023;7;30;105;360155.0;35.69;10.091;29.154
Q8;Quận 8;2023;7;30;101;424667.0;19.18;22.222;23.783
TB;Tân Bình;2023;7;30;122;474792.0;22.43;21.168;25.695
TP;Tân Phú;2023;7;30;171;485348.0;15.97;30.391;35.232
TD;Thủ Đức;2023;7;30;417;1169967.0;211.56;5.53;35.642
BC;Bình Chánh;2023;7;31;321;705508.0;252.69;2.793;45.499
BT;Bình Tân;2023;7;31;271;784173.0;52.02;15.074;34.559
BTH;Bình Thạnh;2023;7;31;150;499164.0;20.76;24.021;30.05
CG;Cần Giờ;2023;7;31;19;71526.0;704.45;102.0;26.564
CC;Củ Chi;2023;7;31;156;462047.0;434.77;1.063;33.763
GV;Gò Vấp;2023;7;31;197;676899.0;19.73;34.308;29.103
HM;Hóc Môn;2023;7;31;184;542243.0;109.17;4.967;33.933
NB;Nhà Bè;2023;7;31;78;206837.0;100.43;2.06;37.711
PN;Phú Nhuận;2023;7;31;29;163961.0;4.86;33.599;17.687
Q1;Quận 1;2023;7;31;40;142625.0;7.73;18.451;28.046
Q10;Quận 10;2023;7;31;46;234819.0;5.72;41.052;19.59
Q11;Quận 11;2023;7;31;58;209867.0;5.14;40.83;27.637
Q12;Quận 12;2023;7;31;203;620146.0;52.74;11.921;32.734
Q3;Quận 3;2023;7;31;36;190375.0;4.92;38.694;18.91
Q4;Quận 4;2023;7;31;46;175329.0;4.18;41.945;26.236
Q5;Quận 5;2023;7;31;38;159073.0;4.27;37.254;23.888
Q6;Quận 6;2023;7;31;55;233561.0;7.19;32.712;23.548
Q7;Quận 7;2023;7;31;98;360155.0;35.69;10.091;27.211
Q8;Quận 8;2023;7;31;88;424667.0;19.18;22.222;20.722
TB;Tân Bình;2023;7;31;150;474792.0;22.43;21.168;31.593
TP;Tân Phú;2023;7;31;127;485348.0;15.97;30.391;26.167
TD;Thủ Đức;2023;7;31;377;1169967.0;211.56;5.53;32.223
BC;Bình Chánh;2023;8;32;311;705508.0;252.69;2.793;44.082
BT;Bình Tân;2023;8;32;256;784173.0;52.02;15.074;32.646
BTH;Bình Thạnh;2023;8;32;119;499164.0;20.76;24.021;23.84
CG;Cần Giờ;2023;8;32;28;71526.0;704.45;102.0;39.147
CC;Củ Chi;2023;8;32;163;462047.0;434.77;1.063;35.278
GV;Gò Vấp;2023;8;32;185;676899.0;19.73;34.308;27.331
HM;Hóc Môn;2023;8;32;164;542243.0;109.17;4.967;30.245
NB;Nhà Bè;2023;8;32;79;206837.0;100.43;2.06;38.194
PN;Phú Nhuận;2023;8;32;39;163961.0;4.86;33.599;23.786
Q1;Quận 1;2023;8;32;58;142625.0;7.73;18.451;40.666
Q10;Quận 10;2023;8;32;35;234819.0;5.72;41.052;14.905
Q11;Quận 11;2023;8;32;45;209867.0;5.14;40.83;21.442
Q12;Quận 12;2023;8;32;198;620146.0;52.74;11.921;31.928
Q3;Quận 3;2023;8;32;43;190375.0;4.92;38.694;22.587
Q4;Quận 4;2023;8;32;44;175329.0;4.18;41.945;25.096
Q5;Quận 5;2023;8;32;31;159073.0;4.27;37.254;19.488
Q6;Quận 6;2023;8;32;52;233561.0;7.19;32.712;22.264
Q7;Quận 7;2023;8;32;90;360155.0;35.69;10.091;24.989
Q8;Quận 8;2023;8;32;135;424667.0;19.18;22.222;31.79
TB;Tân Bình;2023;8;32;139;474792.0;22.43;21.168;29.276
TP;Tân Phú;2023;8;32;119;485348.0;15.97;30.391;24.518
TD;Thủ Đức;2023;8;32;428;1169967.0;211.56;5.53;36.582
BC;Bình Chánh;2023;8;33;330;705508.0;252.69;2.793;46.775
BT;Bình Tân;2023;8;33;271;784173.0;52.02;15.074;34.559
BTH;Bình Thạnh;2023;8;33;142;499164.0;20.76;24.021;28.448
CG;Cần Giờ;2023;8;33;30;71526.0;704.45;102.0;41.943
CC;Củ Chi;2023;8;33;162;462047.0;434.77;1.063;35.061
GV;Gò Vấp;2023;8;33;193;676899.0;19.73;34.308;28.512
HM;Hóc Môn;2023;8;33;179;542243.0;109.17;4.967;33.011
NB;Nhà Bè;2023;8;33;82;206837.0;100.43;2.06;39.645
PN;Phú Nhuận;2023;8;33;31;163961.0;4.86;33.599;18.907
Q1;Quận 1;2023;8;33;30;142625.0;7.73;18.451;21.034
Q10;Quận 10;2023;8;33;43;234819.0;5.72;41.052;18.312
Q11;Quận 11;2023;8;33;46;209867.0;5.14;40.83;21.919
Q12;Quận 12;2023;8;33;190;620146.0;52.74;11.921;30.638
Q3;Quận 3;2023;8;33;26;190375.0;4.92;38.694;13.657
Q4;Quận 4;2023;8;33;46;175329.0;4.18;41.945;26.236
Q5;Quận 5;2023;8;33;37;159073.0;4.27;37.254;23.26
Q6;Quận 6;2023;8;33;72;233561.0;7.19;32.712;30.827
Q7;Quận 7;2023;8;33;111;360155.0;35.69;10.091;30.82
Q8;Quận 8;2023;8;33;119;424667.0;19.18;22.222;28.022
TB;Tân Bình;2023;8;33;142;474792.0;22.43;21.168;29.908
TP;Tân Phú;2023;8;33;138;485348.0;15.97;30.391;28.433
TD;Thủ Đức;2023;8;33;434;1169967.0;211.56;5.53;37.095
BC;Bình Chánh;2023;8;34;314;705508.0;252.69;2.793;44.507
BT;Bình Tân;2023;8;34;261;784173.0;52.02;15.074;33.283
BTH;Bình Thạnh;2023;8;34;155;499164.0;20.76;24.021;31.052
CG;Cần Giờ;2023;8;34;27;71526.0;704.45;102.0;37.749
CC;Củ Chi;2023;8;34;174;462047.0;434.77;1.063;37.659
GV;Gò Vấp;2023;8;34;190;676899.0;19.73;34.308;28.069
HM;Hóc Môn;2023;8;34;197;542243.0;109.17;4.967;36.331
NB;Nhà Bè;2023;8;34;70;206837.0;100.43;2.06;33.843
PN;Phú Nhuận;2023;8;34;37;163961.0;4.86;33.599;22.566
Q1;Quận 1;2023;8;34;38;142625.0;7.73;18.451;26.643
Q10;Quận 10;2023;8;34;47;234819.0;5.72;41.052;20.015
Q11;Quận 11;2023;8;34;58;209867.0;5.14;40.83;27.637
Q12;Quận 12;2023;8;34;195;620146.0;52.74;11.921;31.444
Q3;Quận 3;2023;8;34;28;190375.0;4.92;38.694;14.708
Q4;Quận 4;2023;8;34;52;175329.0;4.18;41.945;29.659
Q5;Quận 5;2023;8;34;35;159073.0;4.27;37.254;22.002
Q6;Quận 6;2023;8;34;64;233561.0;7.19;32.712;27.402
Q7;Quận 7;2023;8;34;106;360155.0;35.69;10.091;29.432
Q8;Quận 8;2023;8;34;116;424667.0;19.18;22.222;27.316
TB;Tân Bình;2023;8;34;133;474792.0;22.43;21.168;28.012
TP;Tân Phú;2023;8;34;123;485348.0;15.97;30.391;25.343
TD;Thủ Đức;2023;8;34;429;1169967.0;211.56;5.53;36.668
BC;Bình Chánh;2023;8;35;339;705508.0;252.69;2.793;48.05
BT;Bình Tân;2023;8;35;261;784173.0;52.02;15.074;33.283
BTH;Bình Thạnh;2023;8;35;165;499164.0;20.76;24.021;33.055
CG;Cần Giờ;2023;8;35;36;71526.0;704.45;102.0;50.331
CC;Củ Chi;2023;8;35;184;462047.0;434.77;1.063;39.823
GV;Gò Vấp;2023;8;35;209;676899.0;19.73;34.308;30.876
HM;Hóc Môn;2023;8;35;186;542243.0;109.17;4.967;34.302
NB;Nhà Bè;2023;8;35;71;206837.0;100.43;2.06;34.327
PN;Phú Nhuận;2023;8;35;33;163961.0;4.86;33.599;20.127
Q1;Quận 1;2023;8;35;41;142625.0;7.73;18.451;28.747
Q10;Quận 10;2023;8;35;35;234819.0;5.72;41.052;14.905
Q11;Quận 11;2023;8;35;45;209867.0;5.14;40.83;21.442
Q12;Quận 12;2023;8;35;183;620146.0;52.74;11.921;29.509
Q3;Quận 3;2023;8;35;30;190375.0;4.92;38.694;15.758
Q4;Quận 4;2023;8;35;53;175329.0;4.18;41.945;30.229
Q5;Quận 5;2023;8;35;51;159073.0;4.27;37.254;32.061
Q6;Quận 6;2023;8;35;55;233561.0;7.19;32.712;23.548
Q7;Quận 7;2023;8;35;98;360155.0;35.69;10.091;27.211
Q8;Quận 8;2023;8;35;119;424667.0;19.18;22.222;28.022
TB;Tân Bình;2023;8;35;154;474792.0;22.43;21.168;32.435
TP;Tân Phú;2023;8;35;159;485348.0;15.97;30.391;32.76
TD;Thủ Đức;2023;8;35;410;1169967.0;211.56;5.53;35.044
BC;Bình Chánh;2023;9;36;323;705508.0;252.69;2.793;45.783
BT;Bình Tân;2023;9;36;256;784173.0;52.02;15.074;32.646
BTH;Bình Thạnh;2023;9;36;149;499164.0;20.76;24.021;29.85
CG;Cần Giờ;2023;9;36;24;71526.0;704.45;102.0;33.554
CC;Củ Chi;2023;9;36;181;462047.0;434.77;1.063;39.174
GV;Gò Vấp;2023;9;36;202;676899.0;19.73;34.308;29.842
HM;Hóc Môn;2023;9;36;222;542243.0;109.17;4.967;40.941
NB;Nhà Bè;2023;9;36;86;206837.0;100.43;2.06;41.579
PN;Phú Nhuận;2023;9;36;30;163961.0;4.86;33.599;18.297
Q1;Quận 1;2023;9;36;46;142625.0;7.73;18.451;32.252
Q10;Quận 10;2023;9;36;48;234819.0;5.72;41.052;20.441
Q11;Quận 11;2023;9;36;53;209867.0;5.14;40.83;25.254
Q12;Quận 12;2023;9;36;192;620146.0;52.74;11.921;30.96
Q3;Quận 3;2023;9;36;36;190375.0;4.92;38.694;18.91
Q4;Quận 4;2023;9;36;48;175329.0;4.18;41.945;27.377
Q5;Quận 5;2023;9;36;33;159073.0;4.27;37.254;20.745
Q6;Quận 6;2023;9;36;77;233561.0;7.19;32.712;32.968
Q7;Quận 7;2023;9;36;111;360155.0;35.69;10.091;30.82
Q8;Quận 8;2023;9;36;139;424667.0;19.18;22.222;32.732
TB;Tân Bình;2023;9;36;140;474792.0;22.43;21.168;29.487
TP;Tân Phú;2023;9;36;141;485348.0;15.97;30.391;29.051
TD;Thủ Đức;2023;9;36;410;1169967.0;211.56;5.53;35.044
BC;Bình Chánh;2023;9;37;353;705508.0;252.69;2.793;50.035
BT;Bình Tân;2023;9;37;265;784173.0;52.02;15.074;33.794
BTH;Bình Thạnh;2023;9;37;163;499164.0;20.76;24.021;32.655
CG;Cần Giờ;2023;9;37;22;71526.0;704.45;102.0;30.758
CC;Củ Chi;2023;9;37;197;462047.0;434.77;1.063;42.636
GV;Gò Vấp;2023;9;37;197;676899.0;19.73;34.308;29.103
HM;Hóc Môn;2023;9;37;200;542243.0;109.17;4.967;36.884
NB;Nhà Bè;2023;9;37;65;206837.0;100.43;2.06;31.426
PN;Phú Nhuận;2023;9;37;29;163961.0;4.86;33.599;17.687
Q1;Quận 1;2023;9;37;47;142625.0;7.73;18.451;32.954
Q10;Quận 10;2023;9;37;60;234819.0;5.72;41.052;25.552
Q11;Quận 11;2023;9;37;62;209867.0;5.14;40.83;29.543
Q12;Quận 12;2023;9;37;202;620146.0;52.74;11.921;32.573
Q3;Quận 3;2023;9;37;35;190375.0;4.92;38.694;18.385
Q4;Quận 4;2023;9;37;59;175329.0;4.18;41.945;33.651
Q5;Quận 5;2023;9;37;38;159073.0;4.27;37.254;23.888
Q6;Quận 6;2023;9;37;61;233561.0;7.19;32.712;26.117
Q7;Quận 7;2023;9;37;110;360155.0;35.69;10.091;30.542
Q8;Quận 8;2023;9;37;102;424667.0;19.18;22.222;24.019
TB;Tân Bình;2023;9;37;145;474792.0;22.43;21.168;30.54
TP;Tân Phú;2023;9;37;140;485348.0;15.97;30.391;28.845
TD;Thủ Đức;2023;9;37;445;1169967.0;211.56;5.53;38.035
BC;Bình Chánh;2023;9;38;304;705508.0;252.69;2.793;43.09
BT;Bình Tân;2023;9;38;280;784173.0;52.02;15.074;35.706
BTH;Bình Thạnh;2023;9;38;141;499164.0;20.76;24.021;28.247
CG;Cần Giờ;2023;9;38;32;71526.0;704.45;102.0;44.739
CC;Củ Chi;2023;9;38;164;462047.0;434.77;1.063;35.494
GV;Gò Vấp;2023;9;38;210;676899.0;19.73;34.308;31.024
HM;Hóc Môn;2023;9;38;182;542243.0;109.17;4.967;33.564
NB;Nhà Bè;2023;9;38;95;206837.0;100.43;2.06;45.93
PN;Phú Nhuận;2023;9;38;36;163961.0;4.86;33.599;21.956
Q1;Quận 1;2023;9;38;34;142625.0;7.73;18.451;23.839
Q10;Quận 10;2023;9;38;43;234819.0;5.72;41.052;18.312
Q11;Quận 11;2023;9;38;49;209867.0;5.14;40.83;23.348
Q12;Quận 12;2023;9;38;189;620146.0;52.74;11.921;30.477
Q3;Quận 3;2023;9;38;31;190375.0;4.92;38.694;16.284
Q4;Quận 4;2023;9;38;43;175329.0;4.18;41.945;24.525
Q5;Quận 5;2023;9;38;41;159073.0;4.27;37.254;25.774
Q6;Quận 6;2023;9;38;61;233561.0;7.19;32.712;26.117
Q7;Quận 7;2023;9;38;106;360155.0;35.69;10.091;29.432
Q8;Quận 8;2023;9;38;123;424667.0;19.18;22.222;28.964
TB;Tân Bình;2023;9;38;140;474792.0;22.43;21.168;29.487
TP;Tân Phú;2023;9;38;131;485348.0;15.97;30.391;26.991
TD;Thủ Đức;2023;9;38;419;1169967.0;211.56;5.53;35.813
BC;Bình Chánh;2023;9;39;323;705508.0;252.69;2.793;45.783
BT;Bình Tân;2023;9;39;260;784173.0;52.02;15.074;33.156
BTH;Bình Thạnh;2023;9;39;133;499164.0;20.76;24.021;26.645
CG;Cần Giờ;2023;9;39;23;71526.0;704.45;102.0;32.156
CC;Củ Chi;2023;9;39;186;462047.0;434.77;1.063;40.256
GV;Gò Vấp;2023;9;39;209;676899.0;19.73;34.308;30.876
HM;Hóc Môn;2023;9;39;170;542243.0;109.17;4.967;31.351
NB;Nhà Bè;2023;9;39;74;206837.0;100.43;2.06;35.777
PN;Phú Nhuận;2023;9;39;31;163961.0;4.86;33.599;18.907
Q1;Quận 1;2023;9;39;39;142625.0;7.73;18.451;27.344
Q10;Quận 10;2023;9;39;49;234819.0;5.72;41.052;20.867
Q11;Quận 11;2023;9;39;45;209867.0;5.14;40.83;21.442
Q12;Quận 12;2023;9;39;175;620146.0;52.74;11.921;28.219
Q3;Quận 3;2023;9;39;29;190375.0;4.92;38.694;15.233
Q4;Quận 4;2023;9;39;45;175329.0;4.18;41.945;25.666
Q5;Quận 5;2023;9;39;41;159073.0;4.27;37.254;25.774
Q6;Quận 6;2023;9;39;68;233561.0;7.19;32.712;29.114
Q7;Quận 7;2023;9;39;108;360155.0;35.69;10.091;29.987
Q8;Quận 8;2023;9;39;116;424667.0;19.18;22.222;27.316
TB;Tân Bình;2023;9;39;131;474792.0;22.43;21.168;27.591
TP;Tân Phú;2023;9;39;132;485348.0;15.97;30.391;27.197
TD;Thủ Đức;2023;9;39;396;1169967.0;211.56;5.53;33.847
BC;Bình Chánh;2023;10;40;286;705508.0;252.69;2.793;40.538
BT;Bình Tân;2023;10;40;265;784173.0;52.02;15.074;33.794
BTH;Bình Thạnh;2023;10;40;138;499164.0;20.76;24.021;27.646
CG;Cần Giờ;2023;10;40;27;71526.0;704.45;102.0;37.749
CC;Củ Chi;2023;10;40;136;462047.0;434.77;1.063;29.434
GV;Gò Vấp;2023;10;40;187;676899.0;19.73;34.308;27.626
HM;Hóc Môn;2023;10;40;170;542243.0;109.17;4.967;31.351
NB;Nhà Bè;2023;10;40;62;206837.0;100.43;2.06;29.975
PN;Phú Nhuận;2023;10;40;23;163961.0;4.86;33.599;14.028
Q1;Quận 1;2023;10;40;51;142625.0;7.73;18.451;35.758
Q10;Quận 10;2023;10;40;51;234819.0;5.72;41.052;21.719
Q11;Quận 11;2023;10;40;45;209867.0;5.14;40.83;21.442
Q12;Quận 12;2023;10;40;170;620146.0;52.74;11.921;27.413
Q3;Quận 3;2023;10;40;39;190375.0;4.92;38.694;20.486
Q4;Quận 4;2023;10;40;57;175329.0;4.18;41.945;32.51
Q5;Quận 5;2023;10;40;33;159073.0;4.27;37.254;20.745
Q6;Quận 6;2023;10;40;58;233561.0;7.19;32.712;24.833
Q7;Quận 7;2023;10;40;95;360155.0;35.69;10.091;26.378
Q8;Quận 8;2023;10;40;114;424667.0;19.18;22.222;26.845
TB;Tân Bình;2023;10;40;131;474792.0;22.43;21.168;27.591
TP;Tân Phú;2023;10;40;146;485348.0;15.97;30.391;30.082
TD;Thủ Đức;2023;10;40;412;1169967.0;211.56;5.53;35.215
BC;Bình Chánh;2023;10;41;315;705508.0;252.69;2.793;44.649
BT;Bình Tân;2023;10;41;251;784173.0;52.02;15.074;32.008
BTH;Bình Thạnh;2023;10;41;108;499164.0;20.76;24.021;21.636
CG;Cần Giờ;2023;10;41;24;71526.0;704.45;102.0;33.554
CC;Củ Chi;2023;10;41;145;462047.0;434.77;1.063;31.382
GV;Gò Vấp;2023;10;41;221;676899.0;19.73;34.308;32.649
HM;Hóc Môn;2023;10;41;192;542243.0;109.17;4.967;35.408
NB;Nhà Bè;2023;10;41;80;206837.0;100.43;2.06;38.678
PN;Phú Nhuận;2023;10;41;32;163961.0;4.86;33.599;19.517
Q1;Quận 1;2023;10;41;50;142625.0;7.73;18.451;35.057
Q10;Quận 10;2023;10;41;45;234819.0;5.72;41.052;19.164
Q11;Quận 11;2023;10;41;36;209867.0;5.14;40.83;17.154
Q12;Quận 12;2023;10;41;173;620146.0;52.74;11.921;27.897
Q3;Quận 3;2023;10;41;27;190375.0;4.92;38.694;14.183
Q4;Quận 4;2023;10;41;48;175329.0;4.18;41.945;27.377
Q5;Quận 5;2023;10;41;34;159073.0;4.27;37.254;21.374
Q6;Quận 6;2023;10;41;52;233561.0;7.19;32.712;22.264
Q7;Quận 7;2023;10;41;86;360155.0;35.69;10.091;23.879
Q8;Quận 8;2023;10;41;108;424667.0;19.18;22.222;25.432
TB;Tân Bình;2023;10;41;130;474792.0;22.43;21.168;27.38
TP;Tân Phú;2023;10;41;121;485348.0;15.97;30.391;24.931
TD;Thủ Đức;2023;10;41;414;1169967.0;211.56;5.53;35.386
BC;Bình Chánh;2023;10;42;279;705508.0;252.69;2.793;39.546
BT;Bình Tân;2023;10;42;242;784173.0;52.02;15.074;30.861
BTH;Bình Thạnh;2023;10;42;128;499164.0;20.76;24.021;25.643
CG;Cần Giờ;2023;10;42;27;71526.0;704.45;102.0;37.749
CC;Củ Chi;2023;10;42;150;462047.0;434.77;1.063;32.464
GV;Gò Vấp;2023;10;42;169;676899.0;19.73;34.308;24.967
HM;Hóc Môn;2023;10;42;155;542243.0;109.17;4.967;28.585
NB;Nhà Bè;2023;10;42;59;206837.0;100.43;2.06;28.525
PN;Phú Nhuận;2023;10;42;38;163961.0;4.86;33.599;23.176
Q1;Quận 1;2023;10;42;56;142625.0;7.73;18.451;39.264
Q10;Quận 10;2023;10;42;46;234819.0;5.72;41.052;19.59
Q11;Quận 11;2023;10;42;58;209867.0;5.14;40.83;27.637
Q12;Quận 12;2023;10;42;177;620146.0;52.74;11.921;28.542
Q3;Quận 3;2023;10;42;26;190375.0;4.92;38.694;13.657
Q4;Quận 4;2023;10;42;50;175329.0;4.18;41.945;28.518
Q5;Quận 5;2023;10;42;37;159073.0;4.27;37.254;23.26
Q6;Quận 6;2023;10;42;40;233561.0;7.19;32.712;17.126
Q7;Quận 7;2023;10;42;89;360155.0;35.69;10.091;24.712
Q8;Quận 8;2023;10;42;100;424667.0;19.18;22.222;23.548
TB;Tân Bình;2023;10;42;161;474792.0;22.43;21.168;33.91
TP;Tân Phú;2023;10;42;128;485348.0;15.97;30.391;26.373
TD;Thủ Đức;2023;10;42;416;1169967.0;211.56;5.53;35.557
BC;Bình Chánh;2023;10;43;309;705508.0;252.69;2.793;43.798
BT;Bình Tân;2023;10;43;235;784173.0;52.02;15.074;29.968
BTH;Bình Thạnh;2023;10;43;144;499164.0;20.76;24.021;28.848
CG;Cần Giờ;2023;10;43;27;71526.0;704.45;102.0;37.749
CC;Củ Chi;2023;10;43;161;462047.0;434.77;1.063;34.845
GV;Gò Vấp;2023;10;43;176;676899.0;19.73;34.308;26.001
HM;Hóc Môn;2023;10;43;167;542243.0;109.17;4.967;30.798
NB;Nhà Bè;2023;10;43;67;206837.0;100.43;2.06;32.393
PN;Phú Nhuận;2023;10;43;26;163961.0;4.86;33.599;15.857
Q1;Quận 1;2023;10;43;31;142625.0;7.73;18.451;21.735
Q10;Quận 10;2023;10;43;41;234819.0;5.72;41.052;17.46
Q11;Quận 11;2023;10;43;42;209867.0;5.14;40.83;20.013
Q12;Quận 12;2023;10;43;170;620146.0;52.74;11.921;27.413
Q3;Quận 3;2023;10;43;41;190375.0;4.92;38.694;21.536
Q4;Quận 4;2023;10;43;43;175329.0;4.18;41.945;24.525
Q5;Quận 5;2023;10;43;35;159073.0;4.27;37.254;22.002
Q6;Quận 6;2023;10;43;50;233561.0;7.19;32.712;21.408
Q7;Quận 7;2023;10;43;74;360155.0;35.69;10.091;20.547
Q8;Quận 8;2023;10;43;104;424667.0;19.18;22.222;24.49
TB;Tân Bình;2023;10;43;129;474792.0;22.43;21.168;27.17
TP;Tân Phú;2023;10;43;132;485348.0;15.97;30.391;27.197
TD;Thủ Đức;2023;10;43;387;1169967.0;211.56;5.53;33.078
BC;Bình Chánh;2023;10;44;278;705508.0;252.69;2.793;39.404
BT;Bình Tân;2023;10;44;214;784173.0;52.02;15.074;27.29
BTH;Bình Thạnh;2023;10;44;138;499164.0;20.76;24.021;27.646
CG;Cần Giờ;2023;10;44;22;71526.0;704.45;102.0;30.758
CC;Củ Chi;2023;10;44;159;462047.0;434.77;1.063;34.412
GV;Gò Vấp;2023;10;44;192;676899.0;19.73;34.308;28.365
HM;Hóc Môn;2023;10;44;177;542243.0;109.17;4.967;32.642
NB;Nhà Bè;2023;10;44;58;206837.0;100.43;2.06;28.041
PN;Phú Nhuận;2023;10;44;21;163961.0;4.86;33.599;12.808
Q1;Quận 1;2023;10;44;37;142625.0;7.73;18.451;25.942
Q10;Quận 10;2023;10;44;33;234819.0;5.72;41.052;14.053
Q11;Quận 11;2023;10;44;28;209867.0;5.14;40.83;13.342
Q12;Quận 12;2023;10;44;168;620146.0;52.74;11.921;27.09
Q3;Quận 3;2023;10;44;30;190375.0;4.92;38.694;15.758
Q4;Quận 4;2023;10;44;57;175329.0;4.18;41.945;32.51
Q5;Quận 5;2023;10;44;44;159073.0;4.27;37.254;27.66
Q6;Quận 6;2023;10;44;49;233561.0;7.19;32.712;20.98
Q7;Quận 7;2023;10;44;91;360155.0;35.69;10.091;25.267
Q8;Quận 8;2023;10;44;91;424667.0;19.18;22.222;21.429
TB;Tân Bình;2023;10;44;126;474792.0;22.43;21.168;26.538
TP;Tân Phú;2023;10;44;108;485348.0;15.97;30.391;22.252
TD;Thủ Đức;2023;10;44;368;1169967.0;211.56;5.53;31.454
BC;Bình Chánh;2023;11;45;288;705508.0;252.69;2.793;40.822
BT;Bình Tân;2023;11;45;240;784173.0;52.02;15.074;30.605
BTH;Bình Thạnh;2023;11;45;111;499164.0;20.76;24.021;22.237
CG;Cần Giờ;2023;11;45;25;71526.0;704.45;102.0;34.952
CC;Củ Chi;2023;11;45;139;462047.0;434.77;1.063;30.084
GV;Gò Vấp;2023;11;45;163;676899.0;19.73;34.308;24.08
HM;Hóc Môn;2023;11;45;148;542243.0;109.17;4.967;27.294
NB;Nhà Bè;2023;11;45;56;206837.0;100.43;2.06;27.074
PN;Phú Nhuận;2023;11;45;25;163961.0;4.86;33.599;15.248
Q1;Quận 1;2023;11;45;34;142625.0;7.73;18.451;23.839
Q10;Quận 10;2023;11;45;39;234819.0;5.72;41.052;16.609
Q11;Quận 11;2023;11;45;56;209867.0;5.14;40.83;26.684
Q12;Quận 12;2023;11;45;160;620146.0;52.74;11.921;25.8
Q3;Quận 3;2023;11;45;30;190375.0;4.92;38.694;15.758
Q4;Quận 4;2023;11;45;40;175329.0;4.18;41.945;22.814
Q5;Quận 5;2023;11;45;42;159073.0;4.27;37.254;26.403
Q6;Quận 6;2023;11;45;54;233561.0;7.19;32.712;23.12
Q7;Quận 7;2023;11;45;81;360155.0;35.69;10.091;22.49
Q8;Quận 8;2023;11;45;96;424667.0;19.18;22.222;22.606
TB;Tân Bình;2023;11;45;119;474792.0;22.43;21.168;25.064
TP;Tân Phú;2023;11;45;97;485348.0;15.97;30.391;19.986
TD;Thủ Đức;2023;11;45;371;1169967.0;211.56;5.53;31.71
BC;Bình Chánh;2023;11;46;251;705508.0;252.69;2.793;35.577
BT;Bình Tân;2023;11;46;232;784173.0;52.02;15.074;29.585
BTH;Bình Thạnh;2023;11;46;121;499164.0;20.76;24.021;24.241
CG;Cần Giờ;2023;11;46;10;71526.0;704.45;102.0;13.981
CC;Củ Chi;2023;11;46;148;462047.0;434.77;1.063;32.031
GV;Gò Vấp;2023;11;46;133;676899.0;19.73;34.308;19.648
HM;Hóc Môn;2023;11;46;169;542243.0;109.17;4.967;31.167
NB;Nhà Bè;2023;11;46;60;206837.0;100.43;2.06;29.008
PN;Phú Nhuận;2023;11;46;25;163961.0;4.86;33.599;15.248
Q1;Quận 1;2023;11;46;35;142625.0;7.73;18.451;24.54
Q10;Quận 10;2023;11;46;33;234819.0;5.72;41.052;14.053
Q11;Quận 11;2023;11;46;40;209867.0;5.14;40.83;19.06
Q12;Quận 12;2023;11;46;158;620146.0;52.74;11.921;25.478
Q3;Quận 3;2023;11;46;22;190375.0;4.92;38.694;11.556
Q4;Quận 4;2023;11;46;39;175329.0;4.18;41.945;22.244
Q5;Quận 5;2023;11;46;35;159073.0;4.27;37.254;22.002
Q6;Quận 6;2023;11;46;47;233561.0;7.19;32.712;20.123
Q7;Quận 7;2023;11;46;60;360155.0;35.69;10.091;16.659
Q8;Quận 8;2023;11;46;106;424667.0;19.18;22.222;24.961
TB;Tân Bình;2023;11;46;117;474792.0;22.43;21.168;24.642
TP;Tân Phú;2023;11;46;108;485348.0;15.97;30.391;22.252
TD;Thủ Đức;2023;11;46;341;1169967.0;211.56;5.53;29.146
BC;Bình Chánh;2023;11;47;234;705508.0;252.69;2.793;33.168
BT;Bình Tân;2023;11;47;252;784173.0;52.02;15.074;32.136
BTH;Bình Thạnh;2023;11;47;117;499164.0;20.76;24.021;23.439
CG;Cần Giờ;2023;11;47;23;71526.0;704.45;102.0;32.156
CC;Củ Chi;2023;11;47;133;462047.0;434.77;1.063;28.785
GV;Gò Vấp;2023;11;47;154;676899.0;19.73;34.308;22.751
HM;Hóc Môn;2023;11;47;155;542243.0;109.17;4.967;28.585
NB;Nhà Bè;2023;11;47;63;206837.0;100.43;2.06;30.459
PN;Phú Nhuận;2023;11;47;22;163961.0;4.86;33.599;13.418
Q1;Quận 1;2023;11;47;42;142625.0;7.73;18.451;29.448
Q10;Quận 10;2023;11;47;38;234819.0;5.72;41.052;16.183
Q11;Quận 11;2023;11;47;34;209867.0;5.14;40.83;16.201
Q12;Quận 12;2023;11;47;149;620146.0;52.74;11.921;24.027
Q3;Quận 3;2023;11;47;26;190375.0;4.92;38.694;13.657
Q4;Quận 4;2023;11;47;35;175329.0;4.18;41.945;19.962
Q5;Quận 5;2023;11;47;25;159073.0;4.27;37.254;15.716
Q6;Quận 6;2023;11;47;42;233561.0;7.19;32.712;17.982
Q7;Quận 7;2023;11;47;74;360155.0;35.69;10.091;20.547
Q8;Quận 8;2023;11;47;85;424667.0;19.18;22.222;20.016
TB;Tân Bình;2023;11;47;126;474792.0;22.43;21.168;26.538
TP;Tân Phú;2023;11;47;110;485348.0;15.97;30.391;22.664
TD;Thủ Đức;2023;11;47;320;1169967.0;211.56;5.53;27.351
BC;Bình Chánh;2023;11;48;258;705508.0;252.69;2.793;36.569
BT;Bình Tân;2023;11;48;233;784173.0;52.02;15.074;29.713
BTH;Bình Thạnh;2023;11;48;105;499164.0;20.76;24.021;21.035
CG;Cần Giờ;2023;11;48;17;71526.0;704.45;102.0;23.768
CC;Củ Chi;2023;11;48;134;462047.0;434.77;1.063;29.001
GV;Gò Vấp;2023;11;48;148;676899.0;19.73;34.308;21.864
HM;Hóc Môn;2023;11;48;149;542243.0;109.17;4.967;27.478
NB;Nhà Bè;2023;11;48;65;206837.0;100.43;2.06;31.426
PN;Phú Nhuận;2023;11;48;30;163961.0;4.86;33.599;18.297
Q1;Quận 1;2023;11;48;44;142625.0;7.73;18.451;30.85
Q10;Quận 10;2023;11;48;31;234819.0;5.72;41.052;13.202
Q11;Quận 11;2023;11;48;37;209867.0;5.14;40.83;17.63
Q12;Quận 12;2023;11;48;142;620146.0;52.74;11.921;22.898
Q3;Quận 3;2023;11;48;19;190375.0;4.92;38.694;9.98
Q4;Quận 4;2023;11;48;33;175329.0;4.18;41.945;18.822
Q5;Quận 5;2023;11;48;23;159073.0;4.27;37.254;14.459
Q6;Quận 6;2023;11;48;45;233561.0;7.19;32.712;19.267
Q7;Quận 7;2023;11;48;76;360155.0;35.69;10.091;21.102
Q8;Quận 8;2023;11;48;73;424667.0;19.18;22.222;17.19
TB;Tân Bình;2023;11;48;113;474792.0;22.43;21.168;23.8
TP;Tân Phú;2023;11;48;111;485348.0;15.97;30.391;22.87
TD;Thủ Đức;2023;11;48;315;1169967.0;211.56;5.53;26.924
BC;Bình Chánh;2023;12;49;250;705508.0;252.69;2.793;35.435
BT;Bình Tân;2023;12;49;161;784173.0;52.02;15.074;20.531
BTH;Bình Thạnh;2023;12;49;107;499164.0;20.76;24.021;21.436
CG;Cần Giờ;2023;12;49;23;71526.0;704.45;102.0;32.156
CC;Củ Chi;2023;12;49;132;462047.0;434.77;1.063;28.569
GV;Gò Vấp;2023;12;49;146;676899.0;19.73;34.308;21.569
HM;Hóc Môn;2023;12;49;136;542243.0;109.17;4.967;25.081
NB;Nhà Bè;2023;12;49;60;206837.0;100.43;2.06;29.008
PN;Phú Nhuận;2023;12;49;29;163961.0;4.86;33.599;17.687
Q1;Quận 1;2023;12;49;20;142625.0;7.73;18.451;14.023
Q10;Quận 10;2023;12;49;31;234819.0;5.72;41.052;13.202
Q11;Quận 11;2023;12;49;32;209867.0;5.14;40.83;15.248
Q12;Quận 12;2023;12;49;141;620146.0;52.74;11.921;22.737
Q3;Quận 3;2023;12;49;20;190375.0;4.92;38.694;10.506
Q4;Quận 4;2023;12;49;43;175329.0;4.18;41.945;24.525
Q5;Quận 5;2023;12;49;22;159073.0;4.27;37.254;13.83
Q6;Quận 6;2023;12;49;41;233561.0;7.19;32.712;17.554
Q7;Quận 7;2023;12;49;70;360155.0;35.69;10.091;19.436
Q8;Quận 8;2023;12;49;71;424667.0;19.18;22.222;16.719
TB;Tân Bình;2023;12;49;125;474792.0;22.43;21.168;26.327
TP;Tân Phú;2023;12;49;91;485348.0;15.97;30.391;18.749
TD;Thủ Đức;2023;12;49;302;1169967.0;211.56;5.53;25.813
BC;Bình Chánh;2023;12;50;209;705508.0;252.69;2.793;29.624
BT;Bình Tân;2023;12;50;182;784173.0;52.02;15.074;23.209
BTH;Bình Thạnh;2023;12;50;77;499164.0;20.76;24.021;15.426
CG;Cần Giờ;2023;12;50;23;71526.0;704.45;102.0;32.156
CC;Củ Chi;2023;12;50;117;462047.0;434.77;1.063;25.322
GV;Gò Vấp;2023;12;50;140;676899.0;19.73;34.308;20.683
HM;Hóc Môn;2023;12;50;145;542243.0;109.17;4.967;26.741
NB;Nhà Bè;2023;12;50;52;206837.0;100.43;2.06;25.141
PN;Phú Nhuận;2023;12;50;22;163961.0;4.86;33.599;13.418
Q1;Quận 1;2023;12;50;27;142625.0;7.73;18.451;18.931
Q10;Quận 10;2023;12;50;32;234819.0;5.72;41.052;13.628
Q11;Quận 11;2023;12;50;33;209867.0;5.14;40.83;15.724
Q12;Quận 12;2023;12;50;121;620146.0;52.74;11.921;19.512
Q3;Quận 3;2023;12;50;19;190375.0;4.92;38.694;9.98
Q4;Quận 4;2023;12;50;22;175329.0;4.18;41.945;12.548
Q5;Quận 5;2023;12;50;18;159073.0;4.27;37.254;11.316
Q6;Quận 6;2023;12;50;43;233561.0;7.19;32.712;18.411
Q7;Quận 7;2023;12;50;62;360155.0;35.69;10.091;17.215
Q8;Quận 8;2023;12;50;64;424667.0;19.18;22.222;15.071
TB;Tân Bình;2023;12;50;96;474792.0;22.43;21.168;20.219
TP;Tân Phú;2023;12;50;114;485348.0;15.97;30.391;23.488
TD;Thủ Đức;2023;12;50;267;1169967.0;211.56;5.53;22.821
BC;Bình Chánh;2023;12;51;265;705508.0;252.69;2.793;37.562
BT;Bình Tân;2023;12;51;183;784173.0;52.02;15.074;23.337
BTH;Bình Thạnh;2023;12;51;93;499164.0;20.76;24.021;18.631
CG;Cần Giờ;2023;12;51;19;71526.0;704.45;102.0;26.564
CC;Củ Chi;2023;12;51;127;462047.0;434.77;1.063;27.486
GV;Gò Vấp;2023;12;51;141;676899.0;19.73;34.308;20.83
HM;Hóc Môn;2023;12;51;132;542243.0;109.17;4.967;24.343
NB;Nhà Bè;2023;12;51;55;206837.0;100.43;2.06;26.591
PN;Phú Nhuận;2023;12;51;25;163961.0;4.86;33.599;15.248
Q1;Quận 1;2023;12;51;27;142625.0;7.73;18.451;18.931
Q10;Quận 10;2023;12;51;30;234819.0;5.72;41.052;12.776
Q11;Quận 11;2023;12;51;35;209867.0;5.14;40.83;16.677
Q12;Quận 12;2023;12;51;133;620146.0;52.74;11.921;21.447
Q3;Quận 3;2023;12;51;26;190375.0;4.92;38.694;13.657
Q4;Quận 4;2023;12;51;28;175329.0;4.18;41.945;15.97
Q5;Quận 5;2023;12;51;22;159073.0;4.27;37.254;13.83
Q6;Quận 6;2023;12;51;46;233561.0;7.19;32.712;19.695
Q7;Quận 7;2023;12;51;65;360155.0;35.69;10.091;18.048
Q8;Quận 8;2023;12;51;78;424667.0;19.18;22.222;18.367
TB;Tân Bình;2023;12;51;85;474792.0;22.43;21.168;17.903
TP;Tân Phú;2023;12;51;108;485348.0;15.97;30.391;22.252
TD;Thủ Đức;2023;12;51;296;1169967.0;211.56;5.53;25.3
BC;Bình Chánh;2023;12;52;196;705508.0;252.69;2.793;27.781
BT;Bình Tân;2023;12;52;176;784173.0;52.02;15.074;22.444
BTH;Bình Thạnh;2023;12;52;121;499164.0;20.76;24.021;24.241
CG;Cần Giờ;2023;12;52;16;71526.0;704.45;102.0;22.369
CC;Củ Chi;2023;12;52;105;462047.0;434.77;1.063;22.725
GV;Gò Vấp;2023;12;52;140;676899.0;19.73;34.308;20.683
HM;Hóc Môn;2023;12;52;135;542243.0;109.17;4.967;24.897
NB;Nhà Bè;2023;12;52;35;206837.0;100.43;2.06;16.922
PN;Phú Nhuận;2023;12;52;19;163961.0;4.86;33.599;11.588
Q1;Quận 1;2023;12;52;27;142625.0;7.73;18.451;18.931
Q10;Quận 10;2023;12;52;24;234819.0;5.72;41.052;10.221
Q11;Quận 11;2023;12;52;34;209867.0;5.14;40.83;16.201
Q12;Quận 12;2023;12;52;133;620146.0;52.74;11.921;21.447
Q3;Quận 3;2023;12;52;22;190375.0;4.92;38.694;11.556
Q4;Quận 4;2023;12;52;35;175329.0;4.18;41.945;19.962
Q5;Quận 5;2023;12;52;27;159073.0;4.27;37.254;16.973
Q6;Quận 6;2023;12;52;41;233561.0;7.19;32.712;17.554
Q7;Quận 7;2023;12;52;50;360155.0;35.69;10.091;13.883
Q8;Quận 8;2023;12;52;70;424667.0;19.18;22.222;16.484
TB;Tân Bình;2023;12;52;96;474792.0;22.43;21.168;20.219
TP;Tân Phú;2023;12;52;86;485348.0;15.97;30.391;17.719
TD;Thủ Đức;2023;12;52;262;1169967.0;211.56;5.53;22.394
BC;Bình Chánh;2024;1;1;163;705508.0;252.69;2.793;23.104
BT;Bình Tân;2024;1;1;123;784173.0;52.02;15.074;15.685
BTH;Bình Thạnh;2024;1;1;77;499164.0;20.76;24.021;15.426
CG;Cần Giờ;2024;1;1;6;71526.0;704.45;102.0;8.389
CC;Củ Chi;2024;1;1;72;462047.0;434.77;1.063;15.583
GV;Gò Vấp;2024;1;1;106;676899.0;19.73;34.308;15.66
HM;Hóc Môn;2024;1;1;95;542243.0;109.17;4.967;17.52
NB;Nhà Bè;2024;1;1;24;206837.0;100.43;2.06;11.603
PN;Phú Nhuận;2024;1;1;13;163961.0;4.86;33.599;7.929
Q1;Quận 1;2024;1;1;23;142625.0;7.73;18.451;16.126
Q10;Quận 10;2024;1;1;26;234819.0;5.72;41.052;11.072
Q11;Quận 11;2024;1;1;24;209867.0;5.14;40.83;11.436
Q12;Quận 12;2024;1;1;82;620146.0;52.74;11.921;13.223
Q3;Quận 3;2024;1;1;10;190375.0;4.92;38.694;5.253
Q4;Quận 4;2024;1;1;24;175329.0;4.18;41.945;13.689
Q5;Quận 5;2024;1;1;18;159073.0;4.27;37.254;11.316
Q6;Quận 6;2024;1;1;31;233561.0;7.19;32.712;13.273
Q7;Quận 7;2024;1;1;47;360155.0;35.69;10.091;13.05
Q8;Quận 8;2024;1;1;53;424667.0;19.18;22.222;12.48
TB;Tân Bình;2024;1;1;60;474792.0;22.43;21.168;12.637
TP;Tân Phú;2024;1;1;61;485348.0;15.97;30.391;12.568
TD;Thủ Đức;2024;1;1;197;1169967.0;211.56;5.53;16.838
BC;Bình Chánh;2024;1;2;147;705508.0;252.69;2.793;20.836
BT;Bình Tân;2024;1;2;143;784173.0;52.02;15.074;18.236
BTH;Bình Thạnh;2024;1;2;57;499164.0;20.76;24.021;11.419
CG;Cần Giờ;2024;1;2;8;71526.0;704.45;102.0;11.185
CC;Củ Chi;2024;1;2;89;462047.0;434.77;1.063;19.262
GV;Gò Vấp;2024;1;2;99;676899.0;19.73;34.308;14.626
HM;Hóc Môn;2024;1;2;91;542243.0;109.17;4.967;16.782
NB;Nhà Bè;2024;1;2;39;206837.0;100.43;2.06;18.855
PN;Phú Nhuận;2024;1;2;14;163961.0;4.86;33.599;8.539
Q1;Quận 1;2024;1;2;20;142625.0;7.73;18.451;14.023
Q10;Quận 10;2024;1;2;24;234819.0;5.72;41.052;10.221
Q11;Quận 11;2024;1;2;19;209867.0;5.14;40.83;9.053
Q12;Quận 12;2024;1;2;79;620146.0;52.74;11.921;12.739
Q3;Quận 3;2024;1;2;15;190375.0;4.92;38.694;7.879
Q4;Quận 4;2024;1;2;16;175329.0;4.18;41.945;9.126
Q5;Quận 5;2024;1;2;20;159073.0;4.27;37.254;12.573
Q6;Quận 6;2024;1;2;22;233561.0;7.19;32.712;9.419
Q7;Quận 7;2024;1;2;41;360155.0;35.69;10.091;11.384
Q8;Quận 8;2024;1;2;47;424667.0;19.18;22.222;11.067
TB;Tân Bình;2024;1;2;84;474792.0;22.43;21.168;17.692
TP;Tân Phú;2024;1;2;75;485348.0;15.97;30.391;15.453
TD;Thủ Đức;2024;1;2;177;1169967.0;211.56;5.53;15.129
BC;Bình Chánh;2024;1;3;147;705508.0;252.69;2.793;20.836
BT;Bình Tân;2024;1;3;120;784173.0;52.02;15.074;15.303
BTH;Bình Thạnh;2024;1;3;84;499164.0;20.76;24.021;16.828
CG;Cần Giờ;2024;1;3;15;71526.0;704.45;102.0;20.971
CC;Củ Chi;2024;1;3;110;462047.0;434.77;1.063;23.807
GV;Gò Vấp;2024;1;3;106;676899.0;19.73;34.308;15.66
HM;Hóc Môn;2024;1;3;94;542243.0;109.17;4.967;17.335
NB;Nhà Bè;2024;1;3;46;206837.0;100.43;2.06;22.24
PN;Phú Nhuận;2024;1;3;19;163961.0;4.86;33.599;11.588
Q1;Quận 1;2024;1;3;19;142625.0;7.73;18.451;13.322
Q10;Quận 10;2024;1;3;20;234819.0;5.72;41.052;8.517
Q11;Quận 11;2024;1;3;34;209867.0;5.14;40.83;16.201
Q12;Quận 12;2024;1;3;85;620146.0;52.74;11.921;13.706
Q3;Quận 3;2024;1;3;13;190375.0;4.92;38.694;6.829
Q4;Quận 4;2024;1;3;21;175329.0;4.18;41.945;11.977
Q5;Quận 5;2024;1;3;20;159073.0;4.27;37.254;12.573
Q6;Quận 6;2024;1;3;26;233561.0;7.19;32.712;11.132
Q7;Quận 7;2024;1;3;37;360155.0;35.69;10.091;10.273
Q8;Quận 8;2024;1;3;51;424667.0;19.18;22.222;12.009
TB;Tân Bình;2024;1;3;53;474792.0;22.43;21.168;11.163
TP;Tân Phú;2024;1;3;74;485348.0;15.97;30.391;15.247
TD;Thủ Đức;2024;1;3;194;1169967.0;211.56;5.53;16.582
BC;Bình Chánh;2024;1;4;173;705508.0;252.69;2.793;24.521
BT;Bình Tân;2024;1;4;130;784173.0;52.02;15.074;16.578
BTH;Bình Thạnh;2024;1;4;57;499164.0;20.76;24.021;11.419
CG;Cần Giờ;2024;1;4;12;71526.0;704.45;102.0;16.777
CC;Củ Chi;2024;1;4;80;462047.0;434.77;1.063;17.314
GV;Gò Vấp;2024;1;4;103;676899.0;19.73;34.308;15.216
HM;Hóc Môn;2024;1;4;81;542243.0;109.17;4.967;14.938
NB;Nhà Bè;2024;1;4;30;206837.0;100.43;2.06;14.504
PN;Phú Nhuận;2024;1;4;16;163961.0;4.86;33.599;9.758
Q1;Quận 1;2024;1;4;21;142625.0;7.73;18.451;14.724
Q10;Quận 10;2024;1;4;19;234819.0;5.72;41.052;8.091
Q11;Quận 11;2024;1;4;26;209867.0;5.14;40.83;12.389
Q12;Quận 12;2024;1;4;94;620146.0;52.74;11.921;15.158
Q3;Quận 3;2024;1;4;18;190375.0;4.92;38.694;9.455
Q4;Quận 4;2024;1;4;18;175329.0;4.18;41.945;10.266
Q5;Quận 5;2024;1;4;12;159073.0;4.27;37.254;7.544
Q6;Quận 6;2024;1;4;32;233561.0;7.19;32.712;13.701
Q7;Quận 7;2024;1;4;39;360155.0;35.69;10.091;10.829
Q8;Quận 8;2024;1;4;60;424667.0;19.18;22.222;14.129
TB;Tân Bình;2024;1;4;70;474792.0;22.43;21.168;14.743
TP;Tân Phú;2024;1;4;71;485348.0;15.97;30.391;14.629
TD;Thủ Đức;2024;1;4;168;1169967.0;211.56;5.53;14.359
BC;Bình Chánh;2024;1;5;172;705508.0;252.69;2.793;24.38
BT;Bình Tân;2024;1;5;133;784173.0;52.02;15.074;16.961
BTH;Bình Thạnh;2024;1;5;90;499164.0;20.76;24.021;18.03
CG;Cần Giờ;2024;1;5;14;71526.0;704.45;102.0;19.573
CC;Củ Chi;2024;1;5;85;462047.0;434.77;1.063;18.396
GV;Gò Vấp;2024;1;5;88;676899.0;19.73;34.308;13.0
HM;Hóc Môn;2024;1;5;107;542243.0;109.17;4.967;19.733
NB;Nhà Bè;2024;1;5;29;206837.0;100.43;2.06;14.021
PN;Phú Nhuận;2024;1;5;15;163961.0;4.86;33.599;9.149
Q1;Quận 1;2024;1;5;14;142625.0;7.73;18.451;9.816
Q10;Quận 10;2024;1;5;17;234819.0;5.72;41.052;7.24
Q11;Quận 11;2024;1;5;27;209867.0;5.14;40.83;12.865
Q12;Quận 12;2024;1;5;98;620146.0;52.74;11.921;15.803
Q3;Quận 3;2024;1;5;14;190375.0;4.92;38.694;7.354
Q4;Quận 4;2024;1;5;20;175329.0;4.18;41.945;11.407
Q5;Quận 5;2024;1;5;19;159073.0;4.27;37.254;11.944
Q6;Quận 6;2024;1;5;39;233561.0;7.19;32.712;16.698
Q7;Quận 7;2024;1;5;56;360155.0;35.69;10.091;15.549
Q8;Quận 8;2024;1;5;56;424667.0;19.18;22.222;13.187
TB;Tân Bình;2024;1;5;66;474792.0;22.43;21.168;13.901
TP;Tân Phú;2024;1;5;70;485348.0;15.97;30.391;14.423
TD;Thủ Đức;2024;1;5;184;1169967.0;211.56;5.53;15.727
BC;Bình Chánh;2024;2;6;137;705508.0;252.69;2.793;19.419
BT;Bình Tân;2024;2;6;112;784173.0;52.02;15.074;14.283
BTH;Bình Thạnh;2024;2;6;77;499164.0;20.76;24.021;15.426
CG;Cần Giờ;2024;2;6;8;71526.0;704.45;102.0;11.185
CC;Củ Chi;2024;2;6;71;462047.0;434.77;1.063;15.366
GV;Gò Vấp;2024;2;6;106;676899.0;19.73;34.308;15.66
HM;Hóc Môn;2024;2;6;95;542243.0;109.17;4.967;17.52
NB;Nhà Bè;2024;2;6;40;206837.0;100.43;2.06;19.339
PN;Phú Nhuận;2024;2;6;16;163961.0;4.86;33.599;9.758
Q1;Quận 1;2024;2;6;26;142625.0;7.73;18.451;18.23
Q10;Quận 10;2024;2;6;16;234819.0;5.72;41.052;6.814
Q11;Quận 11;2024;2;6;21;209867.0;5.14;40.83;10.006
Q12;Quận 12;2024;2;6;77;620146.0;52.74;11.921;12.416
Q3;Quận 3;2024;2;6;21;190375.0;4.92;38.694;11.031
Q4;Quận 4;2024;2;6;25;175329.0;4.18;41.945;14.259
Q5;Quận 5;2024;2;6;17;159073.0;4.27;37.254;10.687
Q6;Quận 6;2024;2;6;41;233561.0;7.19;32.712;17.554
Q7;Quận 7;2024;2;6;55;360155.0;35.69;10.091;15.271
Q8;Quận 8;2024;2;6;47;424667.0;19.18;22.222;11.067
TB;Tân Bình;2024;2;6;62;474792.0;22.43;21.168;13.058
TP;Tân Phú;2024;2;6;69;485348.0;15.97;30.391;14.217
TD;Thủ Đức;2024;2;6;188;1169967.0;211.56;5.53;16.069
BC;Bình Chánh;2024;2;7;162;705508.0;252.69;2.793;22.962
BT;Bình Tân;2024;2;7;142;784173.0;52.02;15.074;18.108
BTH;Bình Thạnh;2024;2;7;74;499164.0;20.76;24.021;14.825
CG;Cần Giờ;2024;2;7;14;71526.0;704.45;102.0;19.573
CC;Củ Chi;2024;2;7;73;462047.0;434.77;1.063;15.799
GV;Gò Vấp;2024;2;7;89;676899.0;19.73;34.308;13.148
HM;Hóc Môn;2024;2;7;91;542243.0;109.17;4.967;16.782
NB;Nhà Bè;2024;2;7;53;206837.0;100.43;2.06;25.624
PN;Phú Nhuận;2024;2;7;12;163961.0;4.86;33.599;7.319
Q1;Quận 1;2024;2;7;17;142625.0;7.73;18.451;11.919
Q10;Quận 10;2024;2;7;20;234819.0;5.72;41.052;8.517
Q11;Quận 11;2024;2;7;27;209867.0;5.14;40.83;12.865
Q12;Quận 12;2024;2;7;101;620146.0;52.74;11.921;16.286
Q3;Quận 3;2024;2;7;8;190375.0;4.92;38.694;4.202
Q4;Quận 4;2024;2;7;17;175329.0;4.18;41.945;9.696
Q5;Quận 5;2024;2;7;26;159073.0;4.27;37.254;16.345
Q6;Quận 6;2024;2;7;36;233561.0;7.19;32.712;15.414
Q7;Quận 7;2024;2;7;51;360155.0;35.69;10.091;14.161
Q8;Quận 8;2024;2;7;45;424667.0;19.18;22.222;10.597
TB;Tân Bình;2024;2;7;71;474792.0;22.43;21.168;14.954
TP;Tân Phú;2024;2;7;63;485348.0;15.97;30.391;12.98
TD;Thủ Đức;2024;2;7;214;1169967.0;211.56;5.53;18.291
BC;Bình Chánh;2024;2;8;171;705508.0;252.69;2.793;24.238
BT;Bình Tân;2024;2;8;146;784173.0;52.02;15.074;18.618
BTH;Bình Thạnh;2024;2;8;73;499164.0;20.76;24.021;14.624
CG;Cần Giờ;2024;2;8;12;71526.0;704.45;102.0;16.777
CC;Củ Chi;2024;2;8;66;462047.0;434.77;1.063;14.284
GV;Gò Vấp;2024;2;8;110;676899.0;19.73;34.308;16.251
HM;Hóc Môn;2024;2;8;83;542243.0;109.17;4.967;15.307
NB;Nhà Bè;2024;2;8;33;206837.0;100.43;2.06;15.955
PN;Phú Nhuận;2024;2;8;14;163961.0;4.86;33.599;8.539
Q1;Quận 1;2024;2;8;14;142625.0;7.73;18.451;9.816
Q10;Quận 10;2024;2;8;21;234819.0;5.72;41.052;8.943
Q11;Quận 11;2024;2;8;28;209867.0;5.14;40.83;13.342
Q12;Quận 12;2024;2;8;99;620146.0;52.74;11.921;15.964
Q3;Quận 3;2024;2;8;19;190375.0;4.92;38.694;9.98
Q4;Quận 4;2024;2;8;19;175329.0;4.18;41.945;10.837
Q5;Quận 5;2024;2;8;20;159073.0;4.27;37.254;12.573
Q6;Quận 6;2024;2;8;29;233561.0;7.19;32.712;12.416
Q7;Quận 7;2024;2;8;56;360155.0;35.69;10.091;15.549
Q8;Quận 8;2024;2;8;52;424667.0;19.18;22.222;12.245
TB;Tân Bình;2024;2;8;61;474792.0;22.43;21.168;12.848
TP;Tân Phú;2024;2;8;66;485348.0;15.97;30.391;13.598
TD;Thủ Đức;2024;2;8;203;1169967.0;211.56;5.53;17.351
BC;Bình Chánh;2024;2;9;172;705508.0;252.69;2.793;24.38
BT;Bình Tân;2024;2;9;139;784173.0;52.02;15.074;17.726
BTH;Bình Thạnh;2024;2;9;70;499164.0;20.76;24.021;14.023
CG;Cần Giờ;2024;2;9;13;71526.0;704.45;102.0;18.175
CC;Củ Chi;2024;2;9;96;462047.0;434.77;1.063;20.777
GV;Gò Vấp;2024;2;9;120;676899.0;19.73;34.308;17.728
HM;Hóc Môn;2024;2;9;96;542243.0;109.17;4.967;17.704
NB;Nhà Bè;2024;2;9;29;206837.0;100.43;2.06;14.021
PN;Phú Nhuận;2024;2;9;9;163961.0;4.86;33.599;5.489
Q1;Quận 1;2024;2;9;19;142625.0;7.73;18.451;13.322
Q10;Quận 10;2024;2;9;18;234819.0;5.72;41.052;7.665
Q11;Quận 11;2024;2;9;24;209867.0;5.14;40.83;11.436
Q12;Quận 12;2024;2;9;99;620146.0;52.74;11.921;15.964
Q3;Quận 3;2024;2;9;15;190375.0;4.92;38.694;7.879
Q4;Quận 4;2024;2;9;20;175329.0;4.18;41.945;11.407
Q5;Quận 5;2024;2;9;14;159073.0;4.27;37.254;8.801
Q6;Quận 6;2024;2;9;26;233561.0;7.19;32.712;11.132
Q7;Quận 7;2024;2;9;53;360155.0;35.69;10.091;14.716
Q8;Quận 8;2024;2;9;56;424667.0;19.18;22.222;13.187
TB;Tân Bình;2024;2;9;54;474792.0;22.43;21.168;11.373
TP;Tân Phú;2024;2;9;65;485348.0;15.97;30.391;13.392
TD;Thủ Đức;2024;2;9;210;1169967.0;211.56;5.53;17.949
BC;Bình Chánh;2024;3;10;151;705508.0;252.69;2.793;21.403
BT;Bình Tân;2024;3;10;129;784173.0;52.02;15.074;16.45
BTH;Bình Thạnh;2024;3;10;95;499164.0;20.76;24.021;19.032
CG;Cần Giờ;2024;3;10;12;71526.0;704.45;102.0;16.777
CC;Củ Chi;2024;3;10;86;462047.0;434.77;1.063;18.613
GV;Gò Vấp;2024;3;10;86;676899.0;19.73;34.308;12.705
HM;Hóc Môn;2024;3;10;102;542243.0;109.17;4.967;18.811
NB;Nhà Bè;2024;3;10;34;206837.0;100.43;2.06;16.438
PN;Phú Nhuận;2024;3;10;14;163961.0;4.86;33.599;8.539
Q1;Quận 1;2024;3;10;19;142625.0;7.73;18.451;13.322
Q10;Quận 10;2024;3;10;22;234819.0;5.72;41.052;9.369
Q11;Quận 11;2024;3;10;33;209867.0;5.14;40.83;15.724
Q12;Quận 12;2024;3;10;112;620146.0;52.74;11.921;18.06
Q3;Quận 3;2024;3;10;19;190375.0;4.92;38.694;9.98
Q4;Quận 4;2024;3;10;13;175329.0;4.18;41.945;7.415
Q5;Quận 5;2024;3;10;19;159073.0;4.27;37.254;11.944
Q6;Quận 6;2024;3;10;33;233561.0;7.19;32.712;14.129
Q7;Quận 7;2024;3;10;65;360155.0;35.69;10.091;18.048
Q8;Quận 8;2024;3;10;45;424667.0;19.18;22.222;10.597
TB;Tân Bình;2024;3;10;71;474792.0;22.43;21.168;14.954
TP;Tân Phú;2024;3;10;72;485348.0;15.97;30.391;14.835
TD;Thủ Đức;2024;3;10;202;1169967.0;211.56;5.53;17.265
BC;Bình Chánh;2024;3;11;139;705508.0;252.69;2.793;19.702
BT;Bình Tân;2024;3;11;134;784173.0;52.02;15.074;17.088
BTH;Bình Thạnh;2024;3;11;72;499164.0;20.76;24.021;14.424
CG;Cần Giờ;2024;3;11;15;71526.0;704.45;102.0;20.971
CC;Củ Chi;2024;3;11;94;462047.0;434.77;1.063;20.344
GV;Gò Vấp;2024;3;11;100;676899.0;19.73;34.308;14.773
HM;Hóc Môn;2024;3;11;98;542243.0;109.17;4.967;18.073
NB;Nhà Bè;2024;3;11;37;206837.0;100.43;2.06;17.888
PN;Phú Nhuận;2024;3;11;10;163961.0;4.86;33.599;6.099
Q1;Quận 1;2024;3;11;21;142625.0;7.73;18.451;14.724
Q10;Quận 10;2024;3;11;21;234819.0;5.72;41.052;8.943
Q11;Quận 11;2024;3;11;32;209867.0;5.14;40.83;15.248
Q12;Quận 12;2024;3;11;79;620146.0;52.74;11.921;12.739
Q3;Quận 3;2024;3;11;21;190375.0;4.92;38.694;11.031
Q4;Quận 4;2024;3;11;27;175329.0;4.18;41.945;15.4
Q5;Quận 5;2024;3;11;20;159073.0;4.27;37.254;12.573
Q6;Quận 6;2024;3;11;36;233561.0;7.19;32.712;15.414
Q7;Quận 7;2024;3;11;51;360155.0;35.69;10.091;14.161
Q8;Quận 8;2024;3;11;45;424667.0;19.18;22.222;10.597
TB;Tân Bình;2024;3;11;72;474792.0;22.43;21.168;15.165
TP;Tân Phú;2024;3;11;67;485348.0;15.97;30.391;13.805
TD;Thủ Đức;2024;3;11;214;1169967.0;211.56;5.53;18.291
BC;Bình Chánh;2024;3;12;146;705508.0;252.69;2.793;20.694
BT;Bình Tân;2024;3;12;136;784173.0;52.02;15.074;17.343
BTH;Bình Thạnh;2024;3;12;74;499164.0;20.76;24.021;14.825
CG;Cần Giờ;2024;3;12;18;71526.0;704.45;102.0;25.166
CC;Củ Chi;2024;3;12;82;462047.0;434.77;1.063;17.747
GV;Gò Vấp;2024;3;12;112;676899.0;19.73;34.308;16.546
HM;Hóc Môn;2024;3;12;93;542243.0;109.17;4.967;17.151
NB;Nhà Bè;2024;3;12;38;206837.0;100.43;2.06;18.372
PN;Phú Nhuận;2024;3;12;12;163961.0;4.86;33.599;7.319
Q1;Quận 1;2024;3;12;21;142625.0;7.73;18.451;14.724
Q10;Quận 10;2024;3;12;15;234819.0;5.72;41.052;6.388
Q11;Quận 11;2024;3;12;37;209867.0;5.14;40.83;17.63
Q12;Quận 12;2024;3;12;85;620146.0;52.74;11.921;13.706
Q3;Quận 3;2024;3;12;13;190375.0;4.92;38.694;6.829
Q4;Quận 4;2024;3;12;22;175329.0;4.18;41.945;12.548
Q5;Quận 5;2024;3;12;20;159073.0;4.27;37.254;12.573
Q6;Quận 6;2024;3;12;30;233561.0;7.19;32.712;12.845
Q7;Quận 7;2024;3;12;46;360155.0;35.69;10.091;12.772
Q8;Quận 8;2024;3;12;49;424667.0;19.18;22.222;11.538
TB;Tân Bình;2024;3;12;78;474792.0;22.43;21.168;16.428
TP;Tân Phú;2024;3;12;75;485348.0;15.97;30.391;15.453
TD;Thủ Đức;2024;3;12;205;1169967.0;211.56;5.53;17.522
BC;Bình Chánh;2024;3;13;161;705508.0;252.69;2.793;22.82
BT;Bình Tân;2024;3;13;126;784173.0;52.02;15.074;16.068
BTH;Bình Thạnh;2024;3;13;70;499164.0;20.76;24.021;14.023
CG;Cần Giờ;2024;3;13;12;71526.0;704.45;102.0;16.777
CC;Củ Chi;2024;3;13;72;462047.0;434.77;1.063;15.583
GV;Gò Vấp;2024;3;13;102;676899.0;19.73;34.308;15.069
HM;Hóc Môn;2024;3;13;114;542243.0;109.17;4.967;21.024
NB;Nhà Bè;2024;3;13;34;206837.0;100.43;2.06;16.438
PN;Phú Nhuận;2024;3;13;13;163961.0;4.86;33.599;7.929
Q1;Quận 1;2024;3;13;11;142625.0;7.73;18.451;7.713
Q10;Quận 10;2024;3;13;23;234819.0;5.72;41.052;9.795
Q11;Quận 11;2024;3;13;20;209867.0;5.14;40.83;9.53
Q12;Quận 12;2024;3;13;93;620146.0;52.74;11.921;14.996
Q3;Quận 3;2024;3;13;16;190375.0;4.92;38.694;8.404
Q4;Quận 4;2024;3;13;23;175329.0;4.18;41.945;13.118
Q5;Quận 5;2024;3;13;21;159073.0;4.27;37.254;13.201
Q6;Quận 6;2024;3;13;31;233561.0;7.19;32.712;13.273
Q7;Quận 7;2024;3;13;39;360155.0;35.69;10.091;10.829
Q8;Quận 8;2024;3;13;63;424667.0;19.18;22.222;14.835
TB;Tân Bình;2024;3;13;72;474792.0;22.43;21.168;15.165
TP;Tân Phú;2024;3;13;73;485348.0;15.97;30.391;15.041
TD;Thủ Đức;2024;3;13;214;1169967.0;211.56;5.53;18.291
BC;Bình Chánh;2024;4;14;141;705508.0;252.69;2.793;19.986
BT;Bình Tân;2024;4;14;127;784173.0;52.02;15.074;16.195
BTH;Bình Thạnh;2024;4;14;82;499164.0;20.76;24.021;16.427
CG;Cần Giờ;2024;4;14;10;71526.0;704.45;102.0;13.981
CC;Củ Chi;2024;4;14;79;462047.0;434.77;1.063;17.098
GV;Gò Vấp;2024;4;14;96;676899.0;19.73;34.308;14.182
HM;Hóc Môn;2024;4;14;96;542243.0;109.17;4.967;17.704
NB;Nhà Bè;2024;4;14;26;206837.0;100.43;2.06;12.57
PN;Phú Nhuận;2024;4;14;16;163961.0;4.86;33.599;9.758
Q1;Quận 1;2024;4;14;22;142625.0;7.73;18.451;15.425
Q10;Quận 10;2024;4;14;18;234819.0;5.72;41.052;7.665
Q11;Quận 11;2024;4;14;28;209867.0;5.14;40.83;13.342
Q12;Quận 12;2024;4;14;107;620146.0;52.74;11.921;17.254
Q3;Quận 3;2024;4;14;11;190375.0;4.92;38.694;5.778
Q4;Quận 4;2024;4;14;28;175329.0;4.18;41.945;15.97
Q5;Quận 5;2024;4;14;22;159073.0;4.27;37.254;13.83
Q6;Quận 6;2024;4;14;28;233561.0;7.19;32.712;11.988
Q7;Quận 7;2024;4;14;43;360155.0;35.69;10.091;11.939
Q8;Quận 8;2024;4;14;62;424667.0;19.18;22.222;14.6
TB;Tân Bình;2024;4;14;88;474792.0;22.43;21.168;18.534
TP;Tân Phú;2024;4;14;65;485348.0;15.97;30.391;13.392
TD;Thủ Đức;2024;4;14;210;1169967.0;211.56;5.53;17.949
BC;Bình Chánh;2024;4;15;173;705508.0;252.69;2.793;24.521
BT;Bình Tân;2024;4;15;139;784173.0;52.02;15.074;17.726
BTH;Bình Thạnh;2024;4;15;84;499164.0;20.76;24.021;16.828
CG;Cần Giờ;2024;4;15;10;71526.0;704.45;102.0;13.981
CC;Củ Chi;2024;4;15;84;462047.0;434.77;1.063;18.18
GV;Gò Vấp;2024;4;15;115;676899.0;19.73;34.308;16.989
HM;Hóc Môn;2024;4;15;90;542243.0;109.17;4.967;16.598
NB;Nhà Bè;2024;4;15;31;206837.0;100.43;2.06;14.988
PN;Phú Nhuận;2024;4;15;20;163961.0;4.86;33.599;12.198
Q1;Quận 1;2024;4;15;23;142625.0;7.73;18.451;16.126
Q10;Quận 10;2024;4;15;24;234819.0;5.72;41.052;10.221
Q11;Quận 11;2024;4;15;25;209867.0;5.14;40.83;11.912
Q12;Quận 12;2024;4;15;104;620146.0;52.74;11.921;16.77
Q3;Quận 3;2024;4;15;23;190375.0;4.92;38.694;12.081
Q4;Quận 4;2024;4;15;26;175329.0;4.18;41.945;14.829
Q5;Quận 5;2024;4;15;24;159073.0;4.27;37.254;15.087
Q6;Quận 6;2024;4;15;26;233561.0;7.19;32.712;11.132
Q7;Quận 7;2024;4;15;56;360155.0;35.69;10.091;15.549
Q8;Quận 8;2024;4;15;57;424667.0;19.18;22.222;13.422
TB;Tân Bình;2024;4;15;70;474792.0;22.43;21.168;14.743
TP;Tân Phú;2024;4;15;70;485348.0;15.97;30.391;14.423
TD;Thủ Đức;2024;4;15;224;1169967.0;211.56;5.53;19.146
BC;Bình Chánh;2024;4;16;192;705508.0;252.69;2.793;27.214
BT;Bình Tân;2024;4;16;129;784173.0;52.02;15.074;16.45
BTH;Bình Thạnh;2024;4;16;88;499164.0;20.76;24.021;17.629
CG;Cần Giờ;2024;4;16;12;71526.0;704.45;102.0;16.777
CC;Củ Chi;2024;4;16;85;462047.0;434.77;1.063;18.396
GV;Gò Vấp;2024;4;16;88;676899.0;19.73;34.308;13.0
HM;Hóc Môn;2024;4;16;105;542243.0;109.17;4.967;19.364
NB;Nhà Bè;2024;4;16;36;206837.0;100.43;2.06;17.405
PN;Phú Nhuận;2024;4;16;22;163961.0;4.86;33.599;13.418
Q1;Quận 1;2024;4;16;27;142625.0;7.73;18.451;18.931
Q10;Quận 10;2024;4;16;28;234819.0;5.72;41.052;11.924
Q11;Quận 11;2024;4;16;23;209867.0;5.14;40.83;10.959
Q12;Quận 12;2024;4;16;115;620146.0;52.74;11.921;18.544
Q3;Quận 3;2024;4;16;28;190375.0;4.92;38.694;14.708
Q4;Quận 4;2024;4;16;20;175329.0;4.18;41.945;11.407
Q5;Quận 5;2024;4;16;31;159073.0;4.27;37.254;19.488
Q6;Quận 6;2024;4;16;31;233561.0;7.19;32.712;13.273
Q7;Quận 7;2024;4;16;57;360155.0;35.69;10.091;15.827
Q8;Quận 8;2024;4;16;67;424667.0;19.18;22.222;15.777
TB;Tân Bình;2024;4;16;76;474792.0;22.43;21.168;16.007
TP;Tân Phú;2024;4;16;71;485348.0;15.97;30.391;14.629
TD;Thủ Đức;2024;4;16;218;1169967.0;211.56;5.53;18.633
BC;Bình Chánh;2024;4;17;182;705508.0;252.69;2.793;25.797
BT;Bình Tân;2024;4;17;144;784173.0;52.02;15.074;18.363
BTH;Bình Thạnh;2024;4;17;85;499164.0;20.76;24.021;17.028
CG;Cần Giờ;2024;4;17;18;71526.0;704.45;102.0;25.166
CC;Củ Chi;2024;4;17;96;462047.0;434.77;1.063;20.777
GV;Gò Vấp;2024;4;17;114;676899.0;19.73;34.308;16.842
HM;Hóc Môn;2024;4;17;106;542243.0;109.17;4.967;19.548
NB;Nhà Bè;2024;4;17;31;206837.0;100.43;2.06;14.988
PN;Phú Nhuận;2024;4;17;26;163961.0;4.86;33.599;15.857
Q1;Quận 1;2024;4;17;22;142625.0;7.73;18.451;15.425
Q10;Quận 10;2024;4;17;25;234819.0;5.72;41.052;10.646
Q11;Quận 11;2024;4;17;24;209867.0;5.14;40.83;11.436
Q12;Quận 12;2024;4;17;94;620146.0;52.74;11.921;15.158
Q3;Quận 3;2024;4;17;17;190375.0;4.92;38.694;8.93
Q4;Quận 4;2024;4;17;23;175329.0;4.18;41.945;13.118
Q5;Quận 5;2024;4;17;23;159073.0;4.27;37.254;14.459
Q6;Quận 6;2024;4;17;33;233561.0;7.19;32.712;14.129
Q7;Quận 7;2024;4;17;55;360155.0;35.69;10.091;15.271
Q8;Quận 8;2024;4;17;62;424667.0;19.18;22.222;14.6
TB;Tân Bình;2024;4;17;97;474792.0;22.43;21.168;20.43
TP;Tân Phú;2024;4;17;59;485348.0;15.97;30.391;12.156
TD;Thủ Đức;2024;4;17;217;1169967.0;211.56;5.53;18.548
BC;Bình Chánh;2024;4;18;185;705508.0;252.69;2.793;26.222
BT;Bình Tân;2024;4;18;148;784173.0;52.02;15.074;18.873
BTH;Bình Thạnh;2024;4;18;82;499164.0;20.76;24.021;16.427
CG;Cần Giờ;2024;4;18;18;71526.0;704.45;102.0;25.166
CC;Củ Chi;2024;4;18;85;462047.0;434.77;1.063;18.396
GV;Gò Vấp;2024;4;18;122;676899.0;19.73;34.308;18.023
HM;Hóc Môn;2024;4;18;111;542243.0;109.17;4.967;20.471
NB;Nhà Bè;2024;4;18;42;206837.0;100.43;2.06;20.306
PN;Phú Nhuận;2024;4;18;18;163961.0;4.86;33.599;10.978
Q1;Quận 1;2024;4;18;20;142625.0;7.73;18.451;14.023
Q10;Quận 10;2024;4;18;17;234819.0;5.72;41.052;7.24
Q11;Quận 11;2024;4;18;34;209867.0;5.14;40.83;16.201
Q12;Quận 12;2024;4;18;108;620146.0;52.74;11.921;17.415
Q3;Quận 3;2024;4;18;17;190375.0;4.92;38.694;8.93
Q4;Quận 4;2024;4;18;30;175329.0;4.18;41.945;17.111
Q5;Quận 5;2024;4;18;19;159073.0;4.27;37.254;11.944
Q6;Quận 6;2024;4;18;35;233561.0;7.19;32.712;14.985
Q7;Quận 7;2024;4;18;38;360155.0;35.69;10.091;10.551
Q8;Quận 8;2024;4;18;72;424667.0;19.18;22.222;16.954
TB;Tân Bình;2024;4;18;72;474792.0;22.43;21.168;15.165
TP;Tân Phú;2024;4;18;75;485348.0;15.97;30.391;15.453
TD;Thủ Đức;2024;4;18;248;1169967.0;211.56;5.53;21.197
BC;Bình Chánh;2024;5;19;163;705508.0;252.69;2.793;23.104
BT;Bình Tân;2024;5;19;155;784173.0;52.02;15.074;19.766
BTH;Bình Thạnh;2024;5;19;105;499164.0;20.76;24.021;21.035
CG;Cần Giờ;2024;5;19;13;71526.0;704.45;102.0;18.175
CC;Củ Chi;2024;5;19;111;462047.0;434.77;1.063;24.024
GV;Gò Vấp;2024;5;19;126;676899.0;19.73;34.308;18.614
HM;Hóc Môn;2024;5;19;113;542243.0;109.17;4.967;20.839
NB;Nhà Bè;2024;5;19;35;206837.0;100.43;2.06;16.922
PN;Phú Nhuận;2024;5;19;15;163961.0;4.86;33.599;9.149
Q1;Quận 1;2024;5;19;28;142625.0;7.73;18.451;19.632
Q10;Quận 10;2024;5;19;28;234819.0;5.72;41.052;11.924
Q11;Quận 11;2024;5;19;20;209867.0;5.14;40.83;9.53
Q12;Quận 12;2024;5;19;109;620146.0;52.74;11.921;17.577
Q3;Quận 3;2024;5;19;25;190375.0;4.92;38.694;13.132
Q4;Quận 4;2024;5;19;30;175329.0;4.18;41.945;17.111
Q5;Quận 5;2024;5;19;19;159073.0;4.27;37.254;11.944
Q6;Quận 6;2024;5;19;50;233561.0;7.19;32.712;21.408
Q7;Quận 7;2024;5;19;64;360155.0;35.69;10.091;17.77
Q8;Quận 8;2024;5;19;65;424667.0;19.18;22.222;15.306
TB;Tân Bình;2024;5;19;100;474792.0;22.43;21.168;21.062
TP;Tân Phú;2024;5;19;85;485348.0;15.97;30.391;17.513
TD;Thủ Đức;2024;5;19;252;1169967.0;211.56;5.53;21.539
BC;Bình Chánh;2024;5;20;199;705508.0;252.69;2.793;28.207
BT;Bình Tân;2024;5;20;164;784173.0;52.02;15.074;20.914
BTH;Bình Thạnh;2024;5;20;90;499164.0;20.76;24.021;18.03
CG;Cần Giờ;2024;5;20;18;71526.0;704.45;102.0;25.166
CC;Củ Chi;2024;5;20;90;462047.0;434.77;1.063;19.479
GV;Gò Vấp;2024;5;20;146;676899.0;19.73;34.308;21.569
HM;Hóc Môn;2024;5;20;112;542243.0;109.17;4.967;20.655
NB;Nhà Bè;2024;5;20;48;206837.0;100.43;2.06;23.207
PN;Phú Nhuận;2024;5;20;18;163961.0;4.86;33.599;10.978
Q1;Quận 1;2024;5;20;39;142625.0;7.73;18.451;27.344
Q10;Quận 10;2024;5;20;25;234819.0;5.72;41.052;10.646
Q11;Quận 11;2024;5;20;26;209867.0;5.14;40.83;12.389
Q12;Quận 12;2024;5;20;104;620146.0;52.74;11.921;16.77
Q3;Quận 3;2024;5;20;18;190375.0;4.92;38.694;9.455
Q4;Quận 4;2024;5;20;36;175329.0;4.18;41.945;20.533
Q5;Quận 5;2024;5;20;23;159073.0;4.27;37.254;14.459
Q6;Quận 6;2024;5;20;45;233561.0;7.19;32.712;19.267
Q7;Quận 7;2024;5;20;52;360155.0;35.69;10.091;14.438
Q8;Quận 8;2024;5;20;74;424667.0;19.18;22.222;17.425
TB;Tân Bình;2024;5;20;82;474792.0;22.43;21.168;17.271
TP;Tân Phú;2024;5;20;85;485348.0;15.97;30.391;17.513
TD;Thủ Đức;2024;5;20;279;1169967.0;211.56;5.53;23.847
BC;Bình Chánh;2024;5;21;179;705508.0;252.69;2.793;25.372
BT;Bình Tân;2024;5;21;175;784173.0;52.02;15.074;22.317
BTH;Bình Thạnh;2024;5;21;89;499164.0;20.76;24.021;17.83
CG;Cần Giờ;2024;5;21;13;71526.0;704.45;102.0;18.175
CC;Củ Chi;2024;5;21;133;462047.0;434.77;1.063;28.785
GV;Gò Vấp;2024;5;21;125;676899.0;19.73;34.308;18.467
HM;Hóc Môn;2024;5;21;120;542243.0;109.17;4.967;22.13
NB;Nhà Bè;2024;5;21;39;206837.0;100.43;2.06;18.855
PN;Phú Nhuận;2024;5;21;17;163961.0;4.86;33.599;10.368
Q1;Quận 1;2024;5;21;27;142625.0;7.73;18.451;18.931
Q10;Quận 10;2024;5;21;32;234819.0;5.72;41.052;13.628
Q11;Quận 11;2024;5;21;30;209867.0;5.14;40.83;14.295
Q12;Quận 12;2024;5;21;110;620146.0;52.74;11.921;17.738
Q3;Quận 3;2024;5;21;15;190375.0;4.92;38.694;7.879
Q4;Quận 4;2024;5;21;24;175329.0;4.18;41.945;13.689
Q5;Quận 5;2024;5;21;27;159073.0;4.27;37.254;16.973
Q6;Quận 6;2024;5;21;37;233561.0;7.19;32.712;15.842
Q7;Quận 7;2024;5;21;62;360155.0;35.69;10.091;17.215
Q8;Quận 8;2024;5;21;54;424667.0;19.18;22.222;12.716
TB;Tân Bình;2024;5;21;105;474792.0;22.43;21.168;22.115
TP;Tân Phú;2024;5;21;83;485348.0;15.97;30.391;17.101
TD;Thủ Đức;2024;5;21;270;1169967.0;211.56;5.53;23.078
BC;Bình Chánh;2024;5;22;219;705508.0;252.69;2.793;31.041
BT;Bình Tân;2024;5;22;173;784173.0;52.02;15.074;22.061
BTH;Bình Thạnh;2024;5;22;84;499164.0;20.76;24.021;16.828
CG;Cần Giờ;2024;5;22;17;71526.0;704.45;102.0;23.768
CC;Củ Chi;2024;5;22;104;462047.0;434.77;1.063;22.509
GV;Gò Vấp;2024;5;22;138;676899.0;19.73;34.308;20.387
HM;Hóc Môn;2024;5;22;107;542243.0;109.17;4.967;19.733
NB;Nhà Bè;2024;5;22;61;206837.0;100.43;2.06;29.492
PN;Phú Nhuận;2024;5;22;20;163961.0;4.86;33.599;12.198
Q1;Quận 1;2024;5;22;25;142625.0;7.73;18.451;17.528
Q10;Quận 10;2024;5;22;29;234819.0;5.72;41.052;12.35
Q11;Quận 11;2024;5;22;26;209867.0;5.14;40.83;12.389
Q12;Quận 12;2024;5;22;144;620146.0;52.74;11.921;23.22
Q3;Quận 3;2024;5;22;16;190375.0;4.92;38.694;8.404
Q4;Quận 4;2024;5;22;23;175329.0;4.18;41.945;13.118
Q5;Quận 5;2024;5;22;20;159073.0;4.27;37.254;12.573
Q6;Quận 6;2024;5;22;40;233561.0;7.19;32.712;17.126
Q7;Quận 7;2024;5;22;51;360155.0;35.69;10.091;14.161
Q8;Quận 8;2024;5;22;71;424667.0;19.18;22.222;16.719
TB;Tân Bình;2024;5;22;101;474792.0;22.43;21.168;21.272
TP;Tân Phú;2024;5;22;99;485348.0;15.97;30.391;20.398
TD;Thủ Đức;2024;5;22;270;1169967.0;211.56;5.53;23.078
BC;Bình Chánh;2024;6;23;216;705508.0;252.69;2.793;30.616
BT;Bình Tân;2024;6;23;187;784173.0;52.02;15.074;23.847
BTH;Bình Thạnh;2024;6;23;101;499164.0;20.76;24.021;20.234
CG;Cần Giờ;2024;6;23;25;71526.0;704.45;102.0;34.952
CC;Củ Chi;2024;6;23;93;462047.0;434.77;1.063;20.128
GV;Gò Vấp;2024;6;23;143;676899.0;19.73;34.308;21.126
HM;Hóc Môn;2024;6;23;127;542243.0;109.17;4.967;23.421
NB;Nhà Bè;2024;6;23;46;206837.0;100.43;2.06;22.24
PN;Phú Nhuận;2024;6;23;23;163961.0;4.86;33.599;14.028
Q1;Quận 1;2024;6;23;25;142625.0;7.73;18.451;17.528
Q10;Quận 10;2024;6;23;25;234819.0;5.72;41.052;10.646
Q11;Quận 11;2024;6;23;30;209867.0;5.14;40.83;14.295
Q12;Quận 12;2024;6;23;113;620146.0;52.74;11.921;18.222
Q3;Quận 3;2024;6;23;22;190375.0;4.92;38.694;11.556
Q4;Quận 4;2024;6;23;30;175329.0;4.18;41.945;17.111
Q5;Quận 5;2024;6;23;33;159073.0;4.27;37.254;20.745
Q6;Quận 6;2024;6;23;38;233561.0;7.19;32.712;16.27
Q7;Quận 7;2024;6;23;55;360155.0;35.69;10.091;15.271
Q8;Quận 8;2024;6;23;70;424667.0;19.18;22.222;16.484
TB;Tân Bình;2024;6;23;87;474792.0;22.43;21.168;18.324
TP;Tân Phú;2024;6;23;80;485348.0;15.97;30.391;16.483
TD;Thủ Đức;2024;6;23;284;1169967.0;211.56;5.53;24.274
BC;Bình Chánh;2024;6;24;230;705508.0;252.69;2.793;32.601
BT;Bình Tân;2024;6;24;193;784173.0;52.02;15.074;24.612
BTH;Bình Thạnh;2024;6;24;113;499164.0;20.76;24.021;22.638
CG;Cần Giờ;2024;6;24;22;71526.0;704.45;102.0;30.758
CC;Củ Chi;2024;6;24;111;462047.0;434.77;1.063;24.024
GV;Gò Vấp;2024;6;24;140;676899.0;19.73;34.308;20.683
HM;Hóc Môn;2024;6;24;142;542243.0;109.17;4.967;26.188
NB;Nhà Bè;2024;6;24;56;206837.0;100.43;2.06;27.074
PN;Phú Nhuận;2024;6;24;22;163961.0;4.86;33.599;13.418
Q1;Quận 1;2024;6;24;31;142625.0;7.73;18.451;21.735
Q10;Quận 10;2024;6;24;37;234819.0;5.72;41.052;15.757
Q11;Quận 11;2024;6;24;37;209867.0;5.14;40.83;17.63
Q12;Quận 12;2024;6;24;128;620146.0;52.74;11.921;20.64
Q3;Quận 3;2024;6;24;21;190375.0;4.92;38.694;11.031
Q4;Quận 4;2024;6;24;44;175329.0;4.18;41.945;25.096
Q5;Quận 5;2024;6;24;18;159073.0;4.27;37.254;11.316
Q6;Quận 6;2024;6;24;47;233561.0;7.19;32.712;20.123
Q7;Quận 7;2024;6;24;77;360155.0;35.69;10.091;21.38
Q8;Quận 8;2024;6;24;62;424667.0;19.18;22.222;14.6
TB;Tân Bình;2024;6;24;90;474792.0;22.43;21.168;18.956
TP;Tân Phú;2024;6;24;104;485348.0;15.97;30.391;21.428
TD;Thủ Đức;2024;6;24;305;1169967.0;211.56;5.53;26.069
BC;Bình Chánh;2024;6;25;240;705508.0;252.69;2.793;34.018
BT;Bình Tân;2024;6;25;186;784173.0;52.02;15.074;23.719
BTH;Bình Thạnh;2024;6;25;103;499164.0;20.76;24.021;20.635
CG;Cần Giờ;2024;6;25;28;71526.0;704.45;102.0;39.147
CC;Củ Chi;2024;6;25;106;462047.0;434.77;1.063;22.941
GV;Gò Vấp;2024;6;25;169;676899.0;19.73;34.308;24.967
HM;Hóc Môn;2024;6;25;127;542243.0;109.17;4.967;23.421
NB;Nhà Bè;2024;6;25;46;206837.0;100.43;2.06;22.24
PN;Phú Nhuận;2024;6;25;23;163961.0;4.86;33.599;14.028
Q1;Quận 1;2024;6;25;33;142625.0;7.73;18.451;23.138
Q10;Quận 10;2024;6;25;28;234819.0;5.72;41.052;11.924
Q11;Quận 11;2024;6;25;33;209867.0;5.14;40.83;15.724
Q12;Quận 12;2024;6;25;149;620146.0;52.74;11.921;24.027
Q3;Quận 3;2024;6;25;19;190375.0;4.92;38.694;9.98
Q4;Quận 4;2024;6;25;28;175329.0;4.18;41.945;15.97
Q5;Quận 5;2024;6;25;34;159073.0;4.27;37.254;21.374
Q6;Quận 6;2024;6;25;35;233561.0;7.19;32.712;14.985
Q7;Quận 7;2024;6;25;73;360155.0;35.69;10.091;20.269
Q8;Quận 8;2024;6;25;77;424667.0;19.18;22.222;18.132
TB;Tân Bình;2024;6;25;109;474792.0;22.43;21.168;22.957
TP;Tân Phú;2024;6;25;95;485348.0;15.97;30.391;19.574
TD;Thủ Đức;2024;6;25;297;1169967.0;211.56;5.53;25.385
BC;Bình Chánh;2024;6;26;254;705508.0;252.69;2.793;36.002
BT;Bình Tân;2024;6;26;228;784173.0;52.02;15.074;29.075
BTH;Bình Thạnh;2024;6;26;120;499164.0;20.76;24.021;24.04
CG;Cần Giờ;2024;6;26;25;71526.0;704.45;102.0;34.952
CC;Củ Chi;2024;6;26;120;462047.0;434.77;1.063;25.971
GV;Gò Vấp;2024;6;26;147;676899.0;19.73;34.308;21.717
HM;Hóc Môn;2024;6;26;172;542243.0;109.17;4.967;31.72
NB;Nhà Bè;2024;6;26;45;206837.0;100.43;2.06;21.756
PN;Phú Nhuận;2024;6;26;13;163961.0;4.86;33.599;7.929
Q1;Quận 1;2024;6;26;26;142625.0;7.73;18.451;18.23
Q10;Quận 10;2024;6;26;32;234819.0;5.72;41.052;13.628
Q11;Quận 11;2024;6;26;43;209867.0;5.14;40.83;20.489
Q12;Quận 12;2024;6;26;135;620146.0;52.74;11.921;21.769
Q3;Quận 3;2024;6;26;27;190375.0;4.92;38.694;14.183
Q4;Quận 4;2024;6;26;35;175329.0;4.18;41.945;19.962
Q5;Quận 5;2024;6;26;24;159073.0;4.27;37.254;15.087
Q6;Quận 6;2024;6;26;55;233561.0;7.19;32.712;23.548
Q7;Quận 7;2024;6;26;71;360155.0;35.69;10.091;19.714
Q8;Quận 8;2024;6;26;74;424667.0;19.18;22.222;17.425
TB;Tân Bình;2024;6;26;95;474792.0;22.43;21.168;20.009
TP;Tân Phú;2024;6;26;108;485348.0;15.97;30.391;22.252
TD;Thủ Đức;2024;6;26;340;1169967.0;211.56;5.53;29.061
BC;Bình Chánh;2024;7;27;252;705508.0;252.69;2.793;35.719
BT;Bình Tân;2024;7;27;228;784173.0;52.02;15.074;29.075
BTH;Bình Thạnh;2024;7;27;107;499164.0;20.76;24.021;21.436
CG;Cần Giờ;2024;7;27;29;71526.0;704.45;102.0;40.545
CC;Củ Chi;2024;7;27;111;462047.0;434.77;1.063;24.024
GV;Gò Vấp;2024;7;27;173;676899.0;19.73;34.308;25.558
HM;Hóc Môn;2024;7;27;142;542243.0;109.17;4.967;26.188
NB;Nhà Bè;2024;7;27;60;206837.0;100.43;2.06;29.008
PN;Phú Nhuận;2024;7;27;26;163961.0;4.86;33.599;15.857
Q1;Quận 1;2024;7;27;41;142625.0;7.73;18.451;28.747
Q10;Quận 10;2024;7;27;24;234819.0;5.72;41.052;10.221
Q11;Quận 11;2024;7;27;55;209867.0;5.14;40.83;26.207
Q12;Quận 12;2024;7;27;146;620146.0;52.74;11.921;23.543
Q3;Quận 3;2024;7;27;22;190375.0;4.92;38.694;11.556
Q4;Quận 4;2024;7;27;38;175329.0;4.18;41.945;21.674
Q5;Quận 5;2024;7;27;29;159073.0;4.27;37.254;18.231
Q6;Quận 6;2024;7;27;50;233561.0;7.19;32.712;21.408
Q7;Quận 7;2024;7;27;85;360155.0;35.69;10.091;23.601
Q8;Quận 8;2024;7;27;75;424667.0;19.18;22.222;17.661
TB;Tân Bình;2024;7;27;117;474792.0;22.43;21.168;24.642
TP;Tân Phú;2024;7;27;114;485348.0;15.97;30.391;23.488
TD;Thủ Đức;2024;7;27;308;1169967.0;211.56;5.53;26.326
BC;Bình Chánh;2024;7;28;244;705508.0;252.69;2.793;34.585
BT;Bình Tân;2024;7;28;195;784173.0;52.02;15.074;24.867
BTH;Bình Thạnh;2024;7;28;113;499164.0;20.76;24.021;22.638
CG;Cần Giờ;2024;7;28;30;71526.0;704.45;102.0;41.943
CC;Củ Chi;2024;7;28;130;462047.0;434.77;1.063;28.136
GV;Gò Vấp;2024;7;28;170;676899.0;19.73;34.308;25.115
HM;Hóc Môn;2024;7;28;143;542243.0;109.17;4.967;26.372
NB;Nhà Bè;2024;7;28;53;206837.0;100.43;2.06;25.624
PN;Phú Nhuận;2024;7;28;21;163961.0;4.86;33.599;12.808
Q1;Quận 1;2024;7;28;28;142625.0;7.73;18.451;19.632
Q10;Quận 10;2024;7;28;43;234819.0;5.72;41.052;18.312
Q11;Quận 11;2024;7;28;35;209867.0;5.14;40.83;16.677
Q12;Quận 12;2024;7;28;142;620146.0;52.74;11.921;22.898
Q3;Quận 3;2024;7;28;23;190375.0;4.92;38.694;12.081
Q4;Quận 4;2024;7;28;40;175329.0;4.18;41.945;22.814
Q5;Quận 5;2024;7;28;40;159073.0;4.27;37.254;25.146
Q6;Quận 6;2024;7;28;42;233561.0;7.19;32.712;17.982
Q7;Quận 7;2024;7;28;79;360155.0;35.69;10.091;21.935
Q8;Quận 8;2024;7;28;84;424667.0;19.18;22.222;19.78
TB;Tân Bình;2024;7;28;118;474792.0;22.43;21.168;24.853
TP;Tân Phú;2024;7;28;103;485348.0;15.97;30.391;21.222
TD;Thủ Đức;2024;7;28;323;1169967.0;211.56;5.53;27.608
BC;Bình Chánh;2024;7;29;301;705508.0;252.69;2.793;42.664
BT;Bình Tân;2024;7;29;210;784173.0;52.02;15.074;26.78
BTH;Bình Thạnh;2024;7;29;117;499164.0;20.76;24.021;23.439
CG;Cần Giờ;2024;7;29;25;71526.0;704.45;102.0;34.952
CC;Củ Chi;2024;7;29;136;462047.0;434.77;1.063;29.434
GV;Gò Vấp;2024;7;29;146;676899.0;19.73;34.308;21.569
HM;Hóc Môn;2024;7;29;171;542243.0;109.17;4.967;31.536
NB;Nhà Bè;2024;7;29;68;206837.0;100.43;2.06;32.876
PN;Phú Nhuận;2024;7;29;24;163961.0;4.86;33.599;14.638
Q1;Quận 1;2024;7;29;40;142625.0;7.73;18.451;28.046
Q10;Quận 10;2024;7;29;37;234819.0;5.72;41.052;15.757
Q11;Quận 11;2024;7;29;42;209867.0;5.14;40.83;20.013
Q12;Quận 12;2024;7;29;183;620146.0;52.74;11.921;29.509
Q3;Quận 3;2024;7;29;22;190375.0;4.92;38.694;11.556
Q4;Quận 4;2024;7;29;46;175329.0;4.18;41.945;26.236
Q5;Quận 5;2024;7;29;33;159073.0;4.27;37.254;20.745
Q6;Quận 6;2024;7;29;43;233561.0;7.19;32.712;18.411
Q7;Quận 7;2024;7;29;60;360155.0;35.69;10.091;16.659
Q8;Quận 8;2024;7;29;91;424667.0;19.18;22.222;21.429
TB;Tân Bình;2024;7;29;123;474792.0;22.43;21.168;25.906
TP;Tân Phú;2024;7;29;121;485348.0;15.97;30.391;24.931
TD;Thủ Đức;2024;7;29;317;1169967.0;211.56;5.53;27.095
BC;Bình Chánh;2024;7;30;304;705508.0;252.69;2.793;43.09
BT;Bình Tân;2024;7;30;240;784173.0;52.02;15.074;30.605
BTH;Bình Thạnh;2024;7;30;118;499164.0;20.76;24.021;23.64
CG;Cần Giờ;2024;7;30;17;71526.0;704.45;102.0;23.768
CC;Củ Chi;2024;7;30;163;462047.0;434.77;1.063;35.278
GV;Gò Vấp;2024;7;30;155;676899.0;19.73;34.308;22.899
HM;Hóc Môn;2024;7;30;180;542243.0;109.17;4.967;33.195
NB;Nhà Bè;2024;7;30;59;206837.0;100.43;2.06;28.525
PN;Phú Nhuận;2024;7;30;13;163961.0;4.86;33.599;7.929
Q1;Quận 1;2024;7;30;32;142625.0;7.73;18.451;22.436
Q10;Quận 10;2024;7;30;38;234819.0;5.72;41.052;16.183
Q11;Quận 11;2024;7;30;38;209867.0;5.14;40.83;18.107
Q12;Quận 12;2024;7;30;148;620146.0;52.74;11.921;23.865
Q3;Quận 3;2024;7;30;22;190375.0;4.92;38.694;11.556
Q4;Quận 4;2024;7;30;40;175329.0;4.18;41.945;22.814
Q5;Quận 5;2024;7;30;27;159073.0;4.27;37.254;16.973
Q6;Quận 6;2024;7;30;48;233561.0;7.19;32.712;20.551
Q7;Quận 7;2024;7;30;81;360155.0;35.69;10.091;22.49
Q8;Quận 8;2024;7;30;94;424667.0;19.18;22.222;22.135
TB;Tân Bình;2024;7;30;114;474792.0;22.43;21.168;24.011
TP;Tân Phú;2024;7;30;120;485348.0;15.97;30.391;24.725
TD;Thủ Đức;2024;7;30;348;1169967.0;211.56;5.53;29.744
BC;Bình Chánh;2024;7;31;274;705508.0;252.69;2.793;38.837
BT;Bình Tân;2024;7;31;217;784173.0;52.02;15.074;27.672
BTH;Bình Thạnh;2024;7;31;124;499164.0;20.76;24.021;24.842
CG;Cần Giờ;2024;7;31;28;71526.0;704.45;102.0;39.147
CC;Củ Chi;2024;7;31;145;462047.0;434.77;1.063;31.382
GV;Gò Vấp;2024;7;31;194;676899.0;19.73;34.308;28.66
HM;Hóc Môn;2024;7;31;169;542243.0;109.17;4.967;31.167
NB;Nhà Bè;2024;7;31;57;206837.0;100.43;2.06;27.558
PN;Phú Nhuận;2024;7;31;33;163961.0;4.86;33.599;20.127
Q1;Quận 1;2024;7;31;46;142625.0;7.73;18.451;32.252
Q10;Quận 10;2024;7;31;38;234819.0;5.72;41.052;16.183
Q11;Quận 11;2024;7;31;50;209867.0;5.14;40.83;23.825
Q12;Quận 12;2024;7;31;187;620146.0;52.74;11.921;30.154
Q3;Quận 3;2024;7;31;29;190375.0;4.92;38.694;15.233
Q4;Quận 4;2024;7;31;32;175329.0;4.18;41.945;18.251
Q5;Quận 5;2024;7;31;25;159073.0;4.27;37.254;15.716
Q6;Quận 6;2024;7;31;50;233561.0;7.19;32.712;21.408
Q7;Quận 7;2024;7;31;85;360155.0;35.69;10.091;23.601
Q8;Quận 8;2024;7;31;93;424667.0;19.18;22.222;21.9
TB;Tân Bình;2024;7;31;122;474792.0;22.43;21.168;25.695
TP;Tân Phú;2024;7;31;118;485348.0;15.97;30.391;24.312
TD;Thủ Đức;2024;7;31;341;1169967.0;211.56;5.53;29.146
BC;Bình Chánh;2024;8;32;278;705508.0;252.69;2.793;39.404
BT;Bình Tân;2024;8;32;238;784173.0;52.02;15.074;30.35
BTH;Bình Thạnh;2024;8;32;129;499164.0;20.76;24.021;25.843
CG;Cần Giờ;2024;8;32;21;71526.0;704.45;102.0;29.36
CC;Củ Chi;2024;8;32;123;462047.0;434.77;1.063;26.621
GV;Gò Vấp;2024;8;32;179;676899.0;19.73;34.308;26.444
HM;Hóc Môn;2024;8;32;158;542243.0;109.17;4.967;29.138
NB;Nhà Bè;2024;8;32;74;206837.0;100.43;2.06;35.777
PN;Phú Nhuận;2024;8;32;39;163961.0;4.86;33.599;23.786
Q1;Quận 1;2024;8;32;31;142625.0;7.73;18.451;21.735
Q10;Quận 10;2024;8;32;47;234819.0;5.72;41.052;20.015
Q11;Quận 11;2024;8;32;43;209867.0;5.14;40.83;20.489
Q12;Quận 12;2024;8;32;164;620146.0;52.74;11.921;26.445
Q3;Quận 3;2024;8;32;32;190375.0;4.92;38.694;16.809
Q4;Quận 4;2024;8;32;45;175329.0;4.18;41.945;25.666
Q5;Quận 5;2024;8;32;42;159073.0;4.27;37.254;26.403
Q6;Quận 6;2024;8;32;54;233561.0;7.19;32.712;23.12
Q7;Quận 7;2024;8;32;80;360155.0;35.69;10.091;22.213
Q8;Quận 8;2024;8;32;77;424667.0;19.18;22.222;18.132
TB;Tân Bình;2024;8;32;116;474792.0;22.43;21.168;24.432
TP;Tân Phú;2024;8;32;111;485348.0;15.97;30.391;22.87
TD;Thủ Đức;2024;8;32;365;1169967.0;211.56;5.53;31.197
BC;Bình Chánh;2024;8;33;284;705508.0;252.69;2.793;40.255
BT;Bình Tân;2024;8;33;253;784173.0;52.02;15.074;32.263
BTH;Bình Thạnh;2024;8;33;131;499164.0;20.76;24.021;26.244
CG;Cần Giờ;2024;8;33;34;71526.0;704.45;102.0;47.535
CC;Củ Chi;2024;8;33;154;462047.0;434.77;1.063;33.33
GV;Gò Vấp;2024;8;33;199;676899.0;19.73;34.308;29.399
HM;Hóc Môn;2024;8;33;175;542243.0;109.17;4.967;32.273
NB;Nhà Bè;2024;8;33;65;206837.0;100.43;2.06;31.426
PN;Phú Nhuận;2024;8;33;31;163961.0;4.86;33.599;18.907
Q1;Quận 1;2024;8;33;32;142625.0;7.73;18.451;22.436
Q10;Quận 10;2024;8;33;39;234819.0;5.72;41.052;16.609
Q11;Quận 11;2024;8;33;41;209867.0;5.14;40.83;19.536
Q12;Quận 12;2024;8;33;174;620146.0;52.74;11.921;28.058
Q3;Quận 3;2024;8;33;29;190375.0;4.92;38.694;15.233
Q4;Quận 4;2024;8;33;46;175329.0;4.18;41.945;26.236
Q5;Quận 5;2024;8;33;40;159073.0;4.27;37.254;25.146
Q6;Quận 6;2024;8;33;48;233561.0;7.19;32.712;20.551
Q7;Quận 7;2024;8;33;83;360155.0;35.69;10.091;23.046
Q8;Quận 8;2024;8;33;92;424667.0;19.18;22.222;21.664
TB;Tân Bình;2024;8;33;106;474792.0;22.43;21.168;22.326
TP;Tân Phú;2024;8;33;110;485348.0;15.97;30.391;22.664
TD;Thủ Đức;2024;8;33;344;1169967.0;211.56;5.53;29.403
BC;Bình Chánh;2024;8;34;301;705508.0;252.69;2.793;42.664
BT;Bình Tân;2024;8;34;239;784173.0;52.02;15.074;30.478
BTH;Bình Thạnh;2024;8;34;127;499164.0;20.76;24.021;25.443
CG;Cần Giờ;2024;8;34;25;71526.0;704.45;102.0;34.952
CC;Củ Chi;2024;8;34;145;462047.0;434.77;1.063;31.382
GV;Gò Vấp;2024;8;34;188;676899.0;19.73;34.308;27.774
HM;Hóc Môn;2024;8;34;149;542243.0;109.17;4.967;27.478
NB;Nhà Bè;2024;8;34;63;206837.0;100.43;2.06;30.459
PN;Phú Nhuận;2024;8;34;27;163961.0;4.86;33.599;16.467
Q1;Quận 1;2024;8;34;48;142625.0;7.73;18.451;33.655
Q10;Quận 10;2024;8;34;34;234819.0;5.72;41.052;14.479
Q11;Quận 11;2024;8;34;43;209867.0;5.14;40.83;20.489
Q12;Quận 12;2024;8;34;164;620146.0;52.74;11.921;26.445
Q3;Quận 3;2024;8;34;23;190375.0;4.92;38.694;12.081
Q4;Quận 4;2024;8;34;34;175329.0;4.18;41.945;19.392
Q5;Quận 5;2024;8;34;34;159073.0;4.27;37.254;21.374
Q6;Quận 6;2024;8;34;70;233561.0;7.19;32.712;29.971
Q7;Quận 7;2024;8;34;72;360155.0;35.69;10.091;19.991
Q8;Quận 8;2024;8;34;109;424667.0;19.18;22.222;25.667
TB;Tân Bình;2024;8;34;148;474792.0;22.43;21.168;31.172
TP;Tân Phú;2024;8;34;95;485348.0;15.97;30.391;19.574
TD;Thủ Đức;2024;8;34;353;1169967.0;211.56;5.53;30.172
BC;Bình Chánh;2024;8;35;293;705508.0;252.69;2.793;41.53
BT;Bình Tân;2024;8;35;243;784173.0;52.02;15.074;30.988
BTH;Bình Thạnh;2024;8;35;111;499164.0;20.76;24.021;22.237
CG;Cần Giờ;2024;8;35;21;71526.0;704.45;102.0;29.36
CC;Củ Chi;2024;8;35;151;462047.0;434.77;1.063;32.681
GV;Gò Vấp;2024;8;35;160;676899.0;19.73;34.308;23.637
HM;Hóc Môn;2024;8;35;157;542243.0;109.17;4.967;28.954
NB;Nhà Bè;2024;8;35;62;206837.0;100.43;2.06;29.975
PN;Phú Nhuận;2024;8;35;16;163961.0;4.86;33.599;9.758
Q1;Quận 1;2024;8;35;40;142625.0;7.73;18.451;28.046
Q10;Quận 10;2024;8;35;34;234819.0;5.72;41.052;14.479
Q11;Quận 11;2024;8;35;49;209867.0;5.14;40.83;23.348
Q12;Quận 12;2024;8;35;179;620146.0;52.74;11.921;28.864
Q3;Quận 3;2024;8;35;22;190375.0;4.92;38.694;11.556
Q4;Quận 4;2024;8;35;42;175329.0;4.18;41.945;23.955
Q5;Quận 5;2024;8;35;36;159073.0;4.27;37.254;22.631
Q6;Quận 6;2024;8;35;53;233561.0;7.19;32.712;22.692
Q7;Quận 7;2024;8;35;79;360155.0;35.69;10.091;21.935
Q8;Quận 8;2024;8;35;105;424667.0;19.18;22.222;24.725
TB;Tân Bình;2024;8;35;126;474792.0;22.43;21.168;26.538
TP;Tân Phú;2024;8;35;107;485348.0;15.97;30.391;22.046
TD;Thủ Đức;2024;8;35;345;1169967.0;211.56;5.53;29.488
BC;Bình Chánh;2024;9;36;289;705508.0;252.69;2.793;40.963
BT;Bình Tân;2024;9;36;246;784173.0;52.02;15.074;31.371
BTH;Bình Thạnh;2024;9;36;110;499164.0;20.76;24.021;22.037
CG;Cần Giờ;2024;9;36;18;71526.0;704.45;102.0;25.166
CC;Củ Chi;2024;9;36;140;462047.0;434.77;1.063;30.3
GV;Gò Vấp;2024;9;36;158;676899.0;19.73;34.308;23.342
HM;Hóc Môn;2024;9;36;157;542243.0;109.17;4.967;28.954
NB;Nhà Bè;2024;9;36;75;206837.0;100.43;2.06;36.26
PN;Phú Nhuận;2024;9;36;32;163961.0;4.86;33.599;19.517
Q1;Quận 1;2024;9;36;33;142625.0;7.73;18.451;23.138
Q10;Quận 10;2024;9;36;38;234819.0;5.72;41.052;16.183
Q11;Quận 11;2024;9;36;40;209867.0;5.14;40.83;19.06
Q12;Quận 12;2024;9;36;165;620146.0;52.74;11.921;26.607
Q3;Quận 3;2024;9;36;17;190375.0;4.92;38.694;8.93
Q4;Quận 4;2024;9;36;36;175329.0;4.18;41.945;20.533
Q5;Quận 5;2024;9;36;27;159073.0;4.27;37.254;16.973
Q6;Quận 6;2024;9;36;48;233561.0;7.19;32.712;20.551
Q7;Quận 7;2024;9;36;103;360155.0;35.69;10.091;28.599
Q8;Quận 8;2024;9;36;92;424667.0;19.18;22.222;21.664
TB;Tân Bình;2024;9;36;99;474792.0;22.43;21.168;20.851
TP;Tân Phú;2024;9;36;126;485348.0;15.97;30.391;25.961
TD;Thủ Đức;2024;9;36;402;1169967.0;211.56;5.53;34.36
BC;Bình Chánh;2024;9;37;294;705508.0;252.69;2.793;41.672
BT;Bình Tân;2024;9;37;234;784173.0;52.02;15.074;29.84
BTH;Bình Thạnh;2024;9;37;124;499164.0;20.76;24.021;24.842
CG;Cần Giờ;2024;9;37;21;71526.0;704.45;102.0;29.36
CC;Củ Chi;2024;9;37;144;462047.0;434.77;1.063;31.166
GV;Gò Vấp;2024;9;37;159;676899.0;19.73;34.308;23.489
HM;Hóc Môn;2024;9;37;152;542243.0;109.17;4.967;28.032
NB;Nhà Bè;2024;9;37;71;206837.0;100.43;2.06;34.327
PN;Phú Nhuận;2024;9;37;28;163961.0;4.86;33.599;17.077
Q1;Quận 1;2024;9;37;36;142625.0;7.73;18.451;25.241
Q10;Quận 10;2024;9;37;39;234819.0;5.72;41.052;16.609
Q11;Quận 11;2024;9;37;48;209867.0;5.14;40.83;22.872
Q12;Quận 12;2024;9;37;145;620146.0;52.74;11.921;23.382
Q3;Quận 3;2024;9;37;20;190375.0;4.92;38.694;10.506
Q4;Quận 4;2024;9;37;42;175329.0;4.18;41.945;23.955
Q5;Quận 5;2024;9;37;34;159073.0;4.27;37.254;21.374
Q6;Quận 6;2024;9;37;52;233561.0;7.19;32.712;22.264
Q7;Quận 7;2024;9;37;89;360155.0;35.69;10.091;24.712
Q8;Quận 8;2024;9;37;89;424667.0;19.18;22.222;20.958
TB;Tân Bình;2024;9;37;128;474792.0;22.43;21.168;26.959
TP;Tân Phú;2024;9;37;131;485348.0;15.97;30.391;26.991
TD;Thủ Đức;2024;9;37;347;1169967.0;211.56;5.53;29.659
BC;Bình Chánh;2024;9;38;263;705508.0;252.69;2.793;37.278
BT;Bình Tân;2024;9;38;239;784173.0;52.02;15.074;30.478
BTH;Bình Thạnh;2024;9;38;103;499164.0;20.76;24.021;20.635
CG;Cần Giờ;2024;9;38;25;71526.0;704.45;102.0;34.952
CC;Củ Chi;2024;9;38;137;462047.0;434.77;1.063;29.651
GV;Gò Vấp;2024;9;38;158;676899.0;19.73;34.308;23.342
HM;Hóc Môn;2024;9;38;160;542243.0;109.17;4.967;29.507
NB;Nhà Bè;2024;9;38;59;206837.0;100.43;2.06;28.525
PN;Phú Nhuận;2024;9;38;26;163961.0;4.86;33.599;15.857
Q1;Quận 1;2024;9;38;32;142625.0;7.73;18.451;22.436
Q10;Quận 10;2024;9;38;28;234819.0;5.72;41.052;11.924
Q11;Quận 11;2024;9;38;38;209867.0;5.14;40.83;18.107
Q12;Quận 12;2024;9;38;159;620146.0;52.74;11.921;25.639
Q3;Quận 3;2024;9;38;26;190375.0;4.92;38.694;13.657
Q4;Quận 4;2024;9;38;32;175329.0;4.18;41.945;18.251
Q5;Quận 5;2024;9;38;35;159073.0;4.27;37.254;22.002
Q6;Quận 6;2024;9;38;48;233561.0;7.19;32.712;20.551
Q7;Quận 7;2024;9;38;74;360155.0;35.69;10.091;20.547
Q8;Quận 8;2024;9;38;86;424667.0;19.18;22.222;20.251
TB;Tân Bình;2024;9;38;114;474792.0;22.43;21.168;24.011
TP;Tân Phú;2024;9;38;123;485348.0;15.97;30.391;25.343
TD;Thủ Đức;2024;9;38;331;1169967.0;211.56;5.53;28.291
BC;Bình Chánh;2024;9;39;269;705508.0;252.69;2.793;38.129
BT;Bình Tân;2024;9;39;230;784173.0;52.02;15.074;29.33
BTH;Bình Thạnh;2024;9;39;127;499164.0;20.76;24.021;25.443
CG;Cần Giờ;2024;9;39;24;71526.0;704.45;102.0;33.554
CC;Củ Chi;2024;9;39;132;462047.0;434.77;1.063;28.569
GV;Gò Vấp;2024;9;39;173;676899.0;19.73;34.308;25.558
HM;Hóc Môn;2024;9;39;149;542243.0;109.17;4.967;27.478
NB;Nhà Bè;2024;9;39;64;206837.0;100.43;2.06;30.942
PN;Phú Nhuận;2024;9;39;35;163961.0;4.86;33.599;21.347
Q1;Quận 1;2024;9;39;33;142625.0;7.73;18.451;23.138
Q10;Quận 10;2024;9;39;45;234819.0;5.72;41.052;19.164
Q11;Quận 11;2024;9;39;46;209867.0;5.14;40.83;21.919
Q12;Quận 12;2024;9;39;174;620146.0;52.74;11.921;28.058
Q3;Quận 3;2024;9;39;33;190375.0;4.92;38.694;17.334
Q4;Quận 4;2024;9;39;39;175329.0;4.18;41.945;22.244
Q5;Quận 5;2024;9;39;35;159073.0;4.27;37.254;22.002
Q6;Quận 6;2024;9;39;62;233561.0;7.19;32.712;26.546
Q7;Quận 7;2024;9;39;77;360155.0;35.69;10.091;21.38
Q8;Quận 8;2024;9;39;92;424667.0;19.18;22.222;21.664
TB;Tân Bình;2024;9;39;116;474792.0;22.43;21.168;24.432
TP;Tân Phú;2024;9;39;114;485348.0;15.97;30.391;23.488
TD;Thủ Đức;2024;9;39;355;1169967.0;211.56;5.53;30.343
BC;Bình Chánh;2024;10;40;248;705508.0;252.69;2.793;35.152
BT;Bình Tân;2024;10;40;216;784173.0;52.02;15.074;27.545
BTH;Bình Thạnh;2024;10;40;134;499164.0;20.76;24.021;26.845
CG;Cần Giờ;2024;10;40;18;71526.0;704.45;102.0;25.166
CC;Củ Chi;2024;10;40;139;462047.0;434.77;1.063;30.084
GV;Gò Vấp;2024;10;40;149;676899.0;19.73;34.308;22.012
HM;Hóc Môn;2024;10;40;159;542243.0;109.17;4.967;29.323
NB;Nhà Bè;2024;10;40;61;206837.0;100.43;2.06;29.492
PN;Phú Nhuận;2024;10;40;27;163961.0;4.86;33.599;16.467
Q1;Quận 1;2024;10;40;36;142625.0;7.73;18.451;25.241
Q10;Quận 10;2024;10;40;33;234819.0;5.72;41.052;14.053
Q11;Quận 11;2024;10;40;49;209867.0;5.14;40.83;23.348
Q12;Quận 12;2024;10;40;152;620146.0;52.74;11.921;24.51
Q3;Quận 3;2024;10;40;27;190375.0;4.92;38.694;14.183
Q4;Quận 4;2024;10;40;37;175329.0;4.18;41.945;21.103
Q5;Quận 5;2024;10;40;33;159073.0;4.27;37.254;20.745
Q6;Quận 6;2024;10;40;54;233561.0;7.19;32.712;23.12
Q7;Quận 7;2024;10;40;65;360155.0;35.69;10.091;18.048
Q8;Quận 8;2024;10;40;83;424667.0;19.18;22.222;19.545
TB;Tân Bình;2024;10;40;130;474792.0;22.43;21.168;27.38
TP;Tân Phú;2024;10;40;124;485348.0;15.97;30.391;25.549
TD;Thủ Đức;2024;10;40;338;1169967.0;211.56;5.53;28.89
BC;Bình Chánh;2024;10;41;249;705508.0;252.69;2.793;35.294
BT;Bình Tân;2024;10;41;202;784173.0;52.02;15.074;25.76
BTH;Bình Thạnh;2024;10;41;127;499164.0;20.76;24.021;25.443
CG;Cần Giờ;2024;10;41;32;71526.0;704.45;102.0;44.739
CC;Củ Chi;2024;10;41;140;462047.0;434.77;1.063;30.3
GV;Gò Vấp;2024;10;41;167;676899.0;19.73;34.308;24.671
HM;Hóc Môn;2024;10;41;141;542243.0;109.17;4.967;26.003
NB;Nhà Bè;2024;10;41;62;206837.0;100.43;2.06;29.975
PN;Phú Nhuận;2024;10;41;29;163961.0;4.86;33.599;17.687
Q1;Quận 1;2024;10;41;25;142625.0;7.73;18.451;17.528
Q10;Quận 10;2024;10;41;36;234819.0;5.72;41.052;15.331
Q11;Quận 11;2024;10;41;53;209867.0;5.14;40.83;25.254
Q12;Quận 12;2024;10;41;167;620146.0;52.74;11.921;26.929
Q3;Quận 3;2024;10;41;23;190375.0;4.92;38.694;12.081
Q4;Quận 4;2024;10;41;31;175329.0;4.18;41.945;17.681
Q5;Quận 5;2024;10;41;32;159073.0;4.27;37.254;20.117
Q6;Quận 6;2024;10;41;62;233561.0;7.19;32.712;26.546
Q7;Quận 7;2024;10;41;83;360155.0;35.69;10.091;23.046
Q8;Quận 8;2024;10;41;90;424667.0;19.18;22.222;21.193
TB;Tân Bình;2024;10;41;112;474792.0;22.43;21.168;23.589
TP;Tân Phú;2024;10;41;112;485348.0;15.97;30.391;23.076
TD;Thủ Đức;2024;10;41;317;1169967.0;211.56;5.53;27.095
BC;Bình Chánh;2024;10;42;269;705508.0;252.69;2.793;38.129
BT;Bình Tân;2024;10;42;199;784173.0;52.02;15.074;25.377
BTH;Bình Thạnh;2024;10;42;120;499164.0;20.76;24.021;24.04
CG;Cần Giờ;2024;10;42;23;71526.0;704.45;102.0;32.156
CC;Củ Chi;2024;10;42;124;462047.0;434.77;1.063;26.837
GV;Gò Vấp;2024;10;42;145;676899.0;19.73;34.308;21.421
HM;Hóc Môn;2024;10;42;144;542243.0;109.17;4.967;26.556
NB;Nhà Bè;2024;10;42;55;206837.0;100.43;2.06;26.591
PN;Phú Nhuận;2024;10;42;32;163961.0;4.86;33.599;19.517
Q1;Quận 1;2024;10;42;28;142625.0;7.73;18.451;19.632
Q10;Quận 10;2024;10;42;32;234819.0;5.72;41.052;13.628
Q11;Quận 11;2024;10;42;49;209867.0;5.14;40.83;23.348
Q12;Quận 12;2024;10;42;136;620146.0;52.74;11.921;21.93
Q3;Quận 3;2024;10;42;25;190375.0;4.92;38.694;13.132
Q4;Quận 4;2024;10;42;47;175329.0;4.18;41.945;26.807
Q5;Quận 5;2024;10;42;38;159073.0;4.27;37.254;23.888
Q6;Quận 6;2024;10;42;49;233561.0;7.19;32.712;20.98
Q7;Quận 7;2024;10;42;81;360155.0;35.69;10.091;22.49
Q8;Quận 8;2024;10;42;82;424667.0;19.18;22.222;19.309
TB;Tân Bình;2024;10;42;89;474792.0;22.43;21.168;18.745
TP;Tân Phú;2024;10;42;107;485348.0;15.97;30.391;22.046
TD;Thủ Đức;2024;10;42;323;1169967.0;211.56;5.53;27.608
BC;Bình Chánh;2024;10;43;233;705508.0;252.69;2.793;33.026
BT;Bình Tân;2024;10;43;207;784173.0;52.02;15.074;26.397
BTH;Bình Thạnh;2024;10;43;105;499164.0;20.76;24.021;21.035
CG;Cần Giờ;2024;10;43;13;71526.0;704.45;102.0;18.175
CC;Củ Chi;2024;10;43;106;462047.0;434.77;1.063;22.941
GV;Gò Vấp;2024;10;43;163;676899.0;19.73;34.308;24.08
HM;Hóc Môn;2024;10;43;153;542243.0;109.17;4.967;28.216
NB;Nhà Bè;2024;10;43;58;206837.0;100.43;2.06;28.041
PN;Phú Nhuận;2024;10;43;28;163961.0;4.86;33.599;17.077
Q1;Quận 1;2024;10;43;29;142625.0;7.73;18.451;20.333
Q10;Quận 10;2024;10;43;37;234819.0;5.72;41.052;15.757
Q11;Quận 11;2024;10;43;48;209867.0;5.14;40.83;22.872
Q12;Quận 12;2024;10;43;155;620146.0;52.74;11.921;24.994
Q3;Quận 3;2024;10;43;31;190375.0;4.92;38.694;16.284
Q4;Quận 4;2024;10;43;37;175329.0;4.18;41.945;21.103
Q5;Quận 5;2024;10;43;19;159073.0;4.27;37.254;11.944
Q6;Quận 6;2024;10;43;61;233561.0;7.19;32.712;26.117
Q7;Quận 7;2024;10;43;77;360155.0;35.69;10.091;21.38
Q8;Quận 8;2024;10;43;70;424667.0;19.18;22.222;16.484
TB;Tân Bình;2024;10;43;116;474792.0;22.43;21.168;24.432
TP;Tân Phú;2024;10;43;100;485348.0;15.97;30.391;20.604
TD;Thủ Đức;2024;10;43;285;1169967.0;211.56;5.53;24.36
BC;Bình Chánh;2024;10;44;232;705508.0;252.69;2.793;32.884
BT;Bình Tân;2024;10;44;227;784173.0;52.02;15.074;28.948
BTH;Bình Thạnh;2024;10;44;105;499164.0;20.76;24.021;21.035
CG;Cần Giờ;2024;10;44;18;71526.0;704.45;102.0;25.166
CC;Củ Chi;2024;10;44;128;462047.0;434.77;1.063;27.703
GV;Gò Vấp;2024;10;44;121;676899.0;19.73;34.308;17.876
HM;Hóc Môn;2024;10;44;143;542243.0;109.17;4.967;26.372
NB;Nhà Bè;2024;10;44;57;206837.0;100.43;2.06;27.558
PN;Phú Nhuận;2024;10;44;19;163961.0;4.86;33.599;11.588
Q1;Quận 1;2024;10;44;39;142625.0;7.73;18.451;27.344
Q10;Quận 10;2024;10;44;24;234819.0;5.72;41.052;10.221
Q11;Quận 11;2024;10;44;50;209867.0;5.14;40.83;23.825
Q12;Quận 12;2024;10;44;142;620146.0;52.74;11.921;22.898
Q3;Quận 3;2024;10;44;15;190375.0;4.92;38.694;7.879
Q4;Quận 4;2024;10;44;46;175329.0;4.18;41.945;26.236
Q5;Quận 5;2024;10;44;31;159073.0;4.27;37.254;19.488
Q6;Quận 6;2024;10;44;48;233561.0;7.19;32.712;20.551
Q7;Quận 7;2024;10;44;78;360155.0;35.69;10.091;21.657
Q8;Quận 8;2024;10;44;81;424667.0;19.18;22.222;19.074
TB;Tân Bình;2024;10;44;94;474792.0;22.43;21.168;19.798
TP;Tân Phú;2024;10;44;96;485348.0;15.97;30.391;19.78
TD;Thủ Đức;2024;10;44;287;1169967.0;211.56;5.53;24.531
BC;Bình Chánh;2024;11;45;215;705508.0;252.69;2.793;30.474
BT;Bình Tân;2024;11;45;182;784173.0;52.02;15.074;23.209
BTH;Bình Thạnh;2024;11;45;97;499164.0;20.76;24.021;19.432
CG;Cần Giờ;2024;11;45;26;71526.0;704.45;102.0;36.35
CC;Củ Chi;2024;11;45;122;462047.0;434.77;1.063;26.404
GV;Gò Vấp;2024;11;45;140;676899.0;19.73;34.308;20.683
HM;Hóc Môn;2024;11;45;142;542243.0;109.17;4.967;26.188
NB;Nhà Bè;2024;11;45;50;206837.0;100.43;2.06;24.174
PN;Phú Nhuận;2024;11;45;15;163961.0;4.86;33.599;9.149
Q1;Quận 1;2024;11;45;30;142625.0;7.73;18.451;21.034
Q10;Quận 10;2024;11;45;28;234819.0;5.72;41.052;11.924
Q11;Quận 11;2024;11;45;34;209867.0;5.14;40.83;16.201
Q12;Quận 12;2024;11;45;131;620146.0;52.74;11.921;21.124
Q3;Quận 3;2024;11;45;29;190375.0;4.92;38.694;15.233
Q4;Quận 4;2024;11;45;34;175329.0;4.18;41.945;19.392
Q5;Quận 5;2024;11;45;34;159073.0;4.27;37.254;21.374
Q6;Quận 6;2024;11;45;59;233561.0;7.19;32.712;25.261
Q7;Quận 7;2024;11;45;65;360155.0;35.69;10.091;18.048
Q8;Quận 8;2024;11;45;80;424667.0;19.18;22.222;18.838
TB;Tân Bình;2024;11;45;99;474792.0;22.43;21.168;20.851
TP;Tân Phú;2024;11;45;106;485348.0;15.97;30.391;21.84
TD;Thủ Đức;2024;11;45;331;1169967.0;211.56;5.53;28.291
BC;Bình Chánh;2024;11;46;215;705508.0;252.69;2.793;30.474
BT;Bình Tân;2024;11;46;150;784173.0;52.02;15.074;19.128
BTH;Bình Thạnh;2024;11;46;86;499164.0;20.76;24.021;17.229
CG;Cần Giờ;2024;11;46;16;71526.0;704.45;102.0;22.369
CC;Củ Chi;2024;11;46;105;462047.0;434.77;1.063;22.725
GV;Gò Vấp;2024;11;46;121;676899.0;19.73;34.308;17.876
HM;Hóc Môn;2024;11;46;122;542243.0;109.17;4.967;22.499
NB;Nhà Bè;2024;11;46;64;206837.0;100.43;2.06;30.942
PN;Phú Nhuận;2024;11;46;19;163961.0;4.86;33.599;11.588
Q1;Quận 1;2024;11;46;27;142625.0;7.73;18.451;18.931
Q10;Quận 10;2024;11;46;30;234819.0;5.72;41.052;12.776
Q11;Quận 11;2024;11;46;48;209867.0;5.14;40.83;22.872
Q12;Quận 12;2024;11;46;134;620146.0;52.74;11.921;21.608
Q3;Quận 3;2024;11;46;17;190375.0;4.92;38.694;8.93
Q4;Quận 4;2024;11;46;28;175329.0;4.18;41.945;15.97
Q5;Quận 5;2024;11;46;20;159073.0;4.27;37.254;12.573
Q6;Quận 6;2024;11;46;45;233561.0;7.19;32.712;19.267
Q7;Quận 7;2024;11;46;64;360155.0;35.69;10.091;17.77
Q8;Quận 8;2024;11;46;78;424667.0;19.18;22.222;18.367
TB;Tân Bình;2024;11;46;79;474792.0;22.43;21.168;16.639
TP;Tân Phú;2024;11;46;106;485348.0;15.97;30.391;21.84
TD;Thủ Đức;2024;11;46;306;1169967.0;211.56;5.53;26.155
BC;Bình Chánh;2024;11;47;199;705508.0;252.69;2.793;28.207
BT;Bình Tân;2024;11;47;172;784173.0;52.02;15.074;21.934
BTH;Bình Thạnh;2024;11;47;106;499164.0;20.76;24.021;21.236
CG;Cần Giờ;2024;11;47;18;71526.0;704.45;102.0;25.166
CC;Củ Chi;2024;11;47;108;462047.0;434.77;1.063;23.374
GV;Gò Vấp;2024;11;47;119;676899.0;19.73;34.308;17.58
HM;Hóc Môn;2024;11;47;103;542243.0;109.17;4.967;18.995
NB;Nhà Bè;2024;11;47;44;206837.0;100.43;2.06;21.273
PN;Phú Nhuận;2024;11;47;19;163961.0;4.86;33.599;11.588
Q1;Quận 1;2024;11;47;34;142625.0;7.73;18.451;23.839
Q10;Quận 10;2024;11;47;31;234819.0;5.72;41.052;13.202
Q11;Quận 11;2024;11;47;37;209867.0;5.14;40.83;17.63
Q12;Quận 12;2024;11;47;132;620146.0;52.74;11.921;21.285
Q3;Quận 3;2024;11;47;11;190375.0;4.92;38.694;5.778
Q4;Quận 4;2024;11;47;33;175329.0;4.18;41.945;18.822
Q5;Quận 5;2024;11;47;18;159073.0;4.27;37.254;11.316
Q6;Quận 6;2024;11;47;36;233561.0;7.19;32.712;15.414
Q7;Quận 7;2024;11;47;60;360155.0;35.69;10.091;16.659
Q8;Quận 8;2024;11;47;64;424667.0;19.18;22.222;15.071
TB;Tân Bình;2024;11;47;104;474792.0;22.43;21.168;21.904
TP;Tân Phú;2024;11;47;92;485348.0;15.97;30.391;18.955
TD;Thủ Đức;2024;11;47;288;1169967.0;211.56;5.53;24.616
BC;Bình Chánh;2024;11;48;201;705508.0;252.69;2.793;28.49
BT;Bình Tân;2024;11;48;177;784173.0;52.02;15.074;22.572
BTH;Bình Thạnh;2024;11;48;87;499164.0;20.76;24.021;17.429
CG;Cần Giờ;2024;11;48;16;71526.0;704.45;102.0;22.369
CC;Củ Chi;2024;11;48;121;462047.0;434.77;1.063;26.188
GV;Gò Vấp;2024;11;48;131;676899.0;19.73;34.308;19.353
HM;Hóc Môn;2024;11;48;129;542243.0;109.17;4.967;23.79
NB;Nhà Bè;2024;11;48;39;206837.0;100.43;2.06;18.855
PN;Phú Nhuận;2024;11;48;22;163961.0;4.86;33.599;13.418
Q1;Quận 1;2024;11;48;21;142625.0;7.73;18.451;14.724
Q10;Quận 10;2024;11;48;40;234819.0;5.72;41.052;17.034
Q11;Quận 11;2024;11;48;40;209867.0;5.14;40.83;19.06
Q12;Quận 12;2024;11;48;132;620146.0;52.74;11.921;21.285
Q3;Quận 3;2024;11;48;21;190375.0;4.92;38.694;11.031
Q4;Quận 4;2024;11;48;27;175329.0;4.18;41.945;15.4
Q5;Quận 5;2024;11;48;25;159073.0;4.27;37.254;15.716
Q6;Quận 6;2024;11;48;37;233561.0;7.19;32.712;15.842
Q7;Quận 7;2024;11;48;59;360155.0;35.69;10.091;16.382
Q8;Quận 8;2024;11;48;84;424667.0;19.18;22.222;19.78
TB;Tân Bình;2024;11;48;88;474792.0;22.43;21.168;18.534
TP;Tân Phú;2024;11;48;93;485348.0;15.97;30.391;19.162
TD;Thủ Đức;2024;11;48;299;1169967.0;211.56;5.53;25.556
BC;Bình Chánh;2024;12;49;237;705508.0;252.69;2.793;33.593
BT;Bình Tân;2024;12;49;172;784173.0;52.02;15.074;21.934
BTH;Bình Thạnh;2024;12;49;104;499164.0;20.76;24.021;20.835
CG;Cần Giờ;2024;12;49;19;71526.0;704.45;102.0;26.564
CC;Củ Chi;2024;12;49;91;462047.0;434.77;1.063;19.695
GV;Gò Vấp;2024;12;49;140;676899.0;19.73;34.308;20.683
HM;Hóc Môn;2024;12;49;104;542243.0;109.17;4.967;19.18
NB;Nhà Bè;2024;12;49;49;206837.0;100.43;2.06;23.69
PN;Phú Nhuận;2024;12;49;16;163961.0;4.86;33.599;9.758
Q1;Quận 1;2024;12;49;25;142625.0;7.73;18.451;17.528
Q10;Quận 10;2024;12;49;28;234819.0;5.72;41.052;11.924
Q11;Quận 11;2024;12;49;42;209867.0;5.14;40.83;20.013
Q12;Quận 12;2024;12;49;126;620146.0;52.74;11.921;20.318
Q3;Quận 3;2024;12;49;15;190375.0;4.92;38.694;7.879
Q4;Quận 4;2024;12;49;33;175329.0;4.18;41.945;18.822
Q5;Quận 5;2024;12;49;23;159073.0;4.27;37.254;14.459
Q6;Quận 6;2024;12;49;44;233561.0;7.19;32.712;18.839
Q7;Quận 7;2024;12;49;64;360155.0;35.69;10.091;17.77
Q8;Quận 8;2024;12;49;63;424667.0;19.18;22.222;14.835
TB;Tân Bình;2024;12;49;75;474792.0;22.43;21.168;15.796
TP;Tân Phú;2024;12;49;78;485348.0;15.97;30.391;16.071
TD;Thủ Đức;2024;12;49;284;1169967.0;211.56;5.53;24.274
BC;Bình Chánh;2024;12;50;207;705508.0;252.69;2.793;29.341
BT;Bình Tân;2024;12;50;143;784173.0;52.02;15.074;18.236
BTH;Bình Thạnh;2024;12;50;89;499164.0;20.76;24.021;17.83
CG;Cần Giờ;2024;12;50;20;71526.0;704.45;102.0;27.962
CC;Củ Chi;2024;12;50;106;462047.0;434.77;1.063;22.941
GV;Gò Vấp;2024;12;50;133;676899.0;19.73;34.308;19.648
HM;Hóc Môn;2024;12;50;119;542243.0;109.17;4.967;21.946
NB;Nhà Bè;2024;12;50;49;206837.0;100.43;2.06;23.69
PN;Phú Nhuận;2024;12;50;18;163961.0;4.86;33.599;10.978
Q1;Quận 1;2024;12;50;24;142625.0;7.73;18.451;16.827
Q10;Quận 10;2024;12;50;27;234819.0;5.72;41.052;11.498
Q11;Quận 11;2024;12;50;37;209867.0;5.14;40.83;17.63
Q12;Quận 12;2024;12;50;106;620146.0;52.74;11.921;17.093
Q3;Quận 3;2024;12;50;23;190375.0;4.92;38.694;12.081
Q4;Quận 4;2024;12;50;30;175329.0;4.18;41.945;17.111
Q5;Quận 5;2024;12;50;21;159073.0;4.27;37.254;13.201
Q6;Quận 6;2024;12;50;33;233561.0;7.19;32.712;14.129
Q7;Quận 7;2024;12;50;66;360155.0;35.69;10.091;18.325
Q8;Quận 8;2024;12;50;61;424667.0;19.18;22.222;14.364
TB;Tân Bình;2024;12;50;84;474792.0;22.43;21.168;17.692
TP;Tân Phú;2024;12;50;89;485348.0;15.97;30.391;18.337
TD;Thủ Đức;2024;12;50;271;1169967.0;211.56;5.53;23.163
BC;Bình Chánh;2024;12;51;174;705508.0;252.69;2.793;24.663
BT;Bình Tân;2024;12;51;170;784173.0;52.02;15.074;21.679
BTH;Bình Thạnh;2024;12;51;80;499164.0;20.76;24.021;16.027
CG;Cần Giờ;2024;12;51;16;71526.0;704.45;102.0;22.369
CC;Củ Chi;2024;12;51;101;462047.0;434.77;1.063;21.859
GV;Gò Vấp;2024;12;51;141;676899.0;19.73;34.308;20.83
HM;Hóc Môn;2024;12;51;141;542243.0;109.17;4.967;26.003
NB;Nhà Bè;2024;12;51;44;206837.0;100.43;2.06;21.273
PN;Phú Nhuận;2024;12;51;17;163961.0;4.86;33.599;10.368
Q1;Quận 1;2024;12;51;23;142625.0;7.73;18.451;16.126
Q10;Quận 10;2024;12;51;30;234819.0;5.72;41.052;12.776
Q11;Quận 11;2024;12;51;36;209867.0;5.14;40.83;17.154
Q12;Quận 12;2024;12;51;114;620146.0;52.74;11.921;18.383
Q3;Quận 3;2024;12;51;16;190375.0;4.92;38.694;8.404
Q4;Quận 4;2024;12;51;25;175329.0;4.18;41.945;14.259
Q5;Quận 5;2024;12;51;18;159073.0;4.27;37.254;11.316
Q6;Quận 6;2024;12;51;40;233561.0;7.19;32.712;17.126
Q7;Quận 7;2024;12;51;73;360155.0;35.69;10.091;20.269
Q8;Quận 8;2024;12;51;75;424667.0;19.18;22.222;17.661
TB;Tân Bình;2024;12;51;84;474792.0;22.43;21.168;17.692
TP;Tân Phú;2024;12;51;66;485348.0;15.97;30.391;13.598
TD;Thủ Đức;2024;12;51;240;1169967.0;211.56;5.53;20.513
BC;Bình Chánh;2024;12;52;182;705508.0;252.69;2.793;25.797
BT;Bình Tân;2024;12;52;165;784173.0;52.02;15.074;21.041
BTH;Bình Thạnh;2024;12;52;74;499164.0;20.76;24.021;14.825
CG;Cần Giờ;2024;12;52;16;71526.0;704.45;102.0;22.369
CC;Củ Chi;2024;12;52;92;462047.0;434.77;1.063;19.911
GV;Gò Vấp;2024;12;52;121;676899.0;19.73;34.308;17.876
HM;Hóc Môn;2024;12;52;97;542243.0;109.17;4.967;17.889
NB;Nhà Bè;2024;12;52;39;206837.0;100.43;2.06;18.855
PN;Phú Nhuận;2024;12;52;12;163961.0;4.86;33.599;7.319
Q1;Quận 1;2024;12;52;20;142625.0;7.73;18.451;14.023
Q10;Quận 10;2024;12;52;32;234819.0;5.72;41.052;13.628
Q11;Quận 11;2024;12;52;34;209867.0;5.14;40.83;16.201
Q12;Quận 12;2024;12;52;113;620146.0;52.74;11.921;18.222
Q3;Quận 3;2024;12;52;18;190375.0;4.92;38.694;9.455
Q4;Quận 4;2024;12;52;20;175329.0;4.18;41.945;11.407
Q5;Quận 5;2024;12;52;24;159073.0;4.27;37.254;15.087
Q6;Quận 6;2024;12;52;49;233561.0;7.19;32.712;20.98
Q7;Quận 7;2024;12;52;51;360155.0;35.69;10.091;14.161
Q8;Quận 8;2024;12;52;64;424667.0;19.18;22.222;15.071
TB;Tân Bình;2024;12;52;89;474792.0;22.43;21.168;18.745
TP;Tân Phú;2024;12;52;84;485348.0;15.97;30.391;17.307
TD;Thủ Đức;2024;12;52;231;1169967.0;211.56;5.53;19.744
